external_id,umap_x,umap_y
1067512,7.832887,6.496543
1086494,8.066413,9.816023
1086503,8.279911,10.249075
1098443,0.73103577,6.1382856
1100840,8.31195,9.447393
1101637,7.791469,9.321791
1109559,8.022912,5.4325137
1110197,7.633519,8.432787
1111572,8.014658,5.5439353
1111584,8.337391,6.3840413
1111598,7.995926,5.2911873
1111603,8.0048485,5.3653054
1111608,8.250708,4.794733
1111899,7.244781,1.4104927
1114131,8.009692,5.5137324
1115630,6.0807705,0.8132041
1115996,7.8127584,5.62753
1116039,7.948826,5.5453215
1118123,8.524023,6.537095
1118547,7.8370414,5.392217
1118550,8.023646,5.3738947
1120763,5.9709015,0.16158964
1121072,5.4058757,4.8191133
1123140,8.205933,6.5900316
1123145,7.9903603,6.1413074
1123371,4.540684,0.6540306
1124186,7.1162877,3.3230455
1124355,7.837784,5.453579
1124359,8.075506,5.7080374
1124364,7.722725,6.573344
1124368,6.890685,3.5391922
1125019,9.267722,3.031405
1126080,8.029938,9.288154
1126359,7.749408,9.349044
1127237,10.865436,7.490184
1127429,3.2201064,6.7442694
1127467,8.008465,2.9950042
1128680,9.053205,2.5555773
1128695,6.5161815,7.816819
1128774,5.325625,7.341595
1130638,6.3806496,7.5308037
1132628,6.3315444,7.4013424
1133272,7.738066,3.0999575
1133523,7.9868965,5.4706326
1133669,7.120091,3.145389
1133670,4.899923,2.856917
1135160,4.405978,9.392376
1135561,8.31047,3.1366932
1135585,7.8479557,3.0237029
1135593,8.549732,3.4399712
1136203,7.004274,1.0368396
1136679,8.113126,6.5754957
1137599,5.9514647,7.1902394
1137602,5.4733233,7.622212
1137616,5.468657,7.570035
1137664,6.325423,7.4206867
1138602,5.9864717,8.161613
1139808,9.915437,4.906959
1140115,5.8207293,7.913483
1140226,4.5864,0.60533166
1142857,8.964826,10.7789955
1143056,3.8140056,2.7318437
1143221,7.4867034,3.3875632
1143608,8.711677,0.6390573
1143951,8.788796,7.400233
1144930,6.8715277,3.5332215
1146596,7.857894,3.2022302
1146632,9.709212,4.652661
1146767,7.9944873,5.4984665
1147057,8.499603,10.533895
1147258,8.674053,5.2375455
1147576,8.642365,10.717305
1148704,7.5926614,6.6071844
1150236,7.934615,8.38948
1150759,6.4198623,7.540833
1151665,8.587438,10.704694
1153957,9.259813,10.592356
1156953,7.4983654,8.15426
1157874,5.2908587,0.633893
1157936,10.784975,7.828314
1158661,9.812753,7.505252
1158712,9.934465,7.94646
1158952,6.0351644,6.031441
1158988,9.08543,0.64255893
1159114,9.119188,2.6254404
1159142,7.8815846,6.3908834
1159614,7.9467616,8.937085
1159710,9.113877,10.421476
1159711,9.096826,10.496818
1159791,6.364736,7.8118978
1159824,8.986771,2.4983032
1160154,9.024485,9.990295
1160166,8.019738,5.955945
1160169,7.939647,5.5560865
1160193,10.297864,8.098978
1160454,7.5660872,3.017298
1160529,8.883505,10.8778105
1160771,8.7984,2.185853
1161248,7.387333,8.374219
1161256,7.728994,8.485839
1161588,9.090995,0.97041154
1161593,10.917907,7.182195
1161806,9.825671,9.070616
1161812,8.524776,10.69219
1161833,10.101428,9.084816
1161837,4.339498,7.1258135
1161948,9.267207,10.603421
1162143,6.3291874,7.4164205
1162212,9.172113,9.984704
1162214,6.2741513,7.186879
1162220,7.6806755,8.435247
1162251,9.118845,7.143537
1162899,9.171113,10.368425
1163154,9.134984,10.401244
1163214,6.3169117,7.573534
1163217,7.907152,9.392557
1163233,7.870979,9.457673
1164480,6.294554,7.39244
1165190,6.8125577,8.846109
1165191,7.678232,8.98814
1165255,6.9576297,0.99952376
1166305,6.350585,7.4851127
1166753,9.033512,1.2058717
1167865,4.323685,9.415496
1167933,7.6768613,3.410449
1168879,5.9242125,8.709426
1169888,6.7075725,3.5267441
1169918,7.7751136,2.4552567
1169967,10.867246,7.6534286
1170150,8.053727,4.8856444
1170154,8.004666,4.855592
1170160,7.995692,4.921138
1170196,7.868076,8.646989
1170200,8.1950245,9.144306
1170367,6.26379,7.426179
1170386,8.345616,4.172509
1170985,7.7072935,9.137564
1170991,7.7564335,8.349722
1171005,8.136635,4.794785
1171105,3.554477,3.1663265
1171106,2.740992,4.264271
1172296,7.9142456,5.050261
1172518,9.125812,10.568614
1172654,4.384962,7.503131
1173190,2.3061137,7.271329
1173279,7.7866473,3.1650653
1173794,8.751577,2.182616
1174657,8.192129,5.173886
1174675,7.136891,3.4451985
1174987,6.599444,8.411969
1175200,9.861556,8.128017
1175246,6.6608,7.5100303
1175524,6.6375575,7.8174763
1175527,8.754942,4.695225
1175531,8.480053,4.99412
1175597,9.104909,6.044702
1175933,7.976682,9.260823
1176215,6.988571,3.4540145
1176772,1.5609328,6.956204
1176874,8.995174,2.3940406
1176949,7.9839644,5.533718
1177780,9.185909,9.582311
1177793,8.177438,3.5430584
1177911,7.8138394,3.520408
1177921,4.148323,2.9037619
1178543,7.998832,8.906432
1178552,8.331618,9.568591
1178825,9.721246,6.736808
1178829,8.07339,6.4659657
1179101,1.3172388,7.087985
1179438,8.05984,5.459495
1179523,3.8634691,2.4918087
1179548,7.985882,5.576037
1179598,9.70459,8.123033
1179780,8.385675,9.810954
1179860,7.450079,3.073117
1180175,3.9516342,4.934548
1180200,7.826015,5.2391768
1180471,10.61274,7.888084
1180492,8.910668,10.280063
1180964,9.278215,9.129219
1180965,9.102485,9.840036
1181220,7.9884825,5.01007
1181312,4.9666243,5.260763
1181325,2.8694282,7.550413
1181471,8.540426,10.752422
1181478,7.4246407,5.8202043
1181496,6.8151746,2.2575817
1182278,9.221308,9.82366
1182279,9.2524,9.818949
1182281,9.679252,8.669469
1182935,7.928887,8.894599
1182936,9.346027,9.362752
1182942,9.32905,9.213772
1182954,9.211368,9.434569
1183127,7.7837234,5.627796
1183214,9.227086,10.211246
1183274,9.273494,5.3296065
1183323,8.115457,5.5502596
1183328,8.044029,5.6908417
1183501,4.748827,4.4873233
1183502,4.648363,4.2876925
1183503,8.623685,5.0744715
1183505,8.098444,2.651679
1183506,8.432755,3.6780229
1183507,9.112716,4.8155217
1183682,9.698729,4.7646766
1183717,5.6292906,10.428636
1183795,8.113794,5.210134
1183805,8.032445,5.208528
1183850,7.996965,5.3986807
1184130,6.4173594,7.6618905
1184156,9.280847,10.240745
1184579,9.965638,8.044181
1184911,7.1753545,9.003816
1185351,8.198852,4.8025002
1185357,9.294111,10.367553
1185360,9.819699,8.267478
1185594,7.757385,3.1737182
1185596,4.2676134,9.445088
1185608,8.148295,5.3904166
1185609,8.04489,6.1546392
1185649,8.313454,9.293381
1185651,6.527978,7.3863373
1185673,7.7918096,8.736595
1186083,7.425958,0.68680173
1186314,8.195999,8.835926
1186590,8.502886,4.2191787
1186593,9.016722,5.5850024
1186597,8.90391,5.5042176
1187132,9.076889,10.409637
1187183,8.896966,2.08248
1187361,10.166028,8.330406
1187537,6.0762796,0.7115939
1188211,6.0477047,8.795187
1188221,5.968286,8.907721
1188223,5.918123,8.715767
1189983,8.13268,5.0719147
1189991,9.544141,4.406928
1190387,10.150513,7.7566967
1190412,10.09527,8.033346
1190588,4.3298793,9.532978
1190590,4.157152,9.346526
1190594,4.178239,9.379778
1190607,7.6961966,7.7842307
1190745,6.233917,7.40086
1190807,9.144054,9.252938
1191057,9.058749,10.423045
1191084,8.390035,4.086854
1191131,9.2194195,9.684939
1191217,7.9467826,4.942082
1191315,7.8545084,5.223075
1191316,8.082954,4.869486
1191645,7.416919,9.282655
1191876,8.218845,5.0831056
1191907,6.146216,6.348716
1192018,8.504479,10.814045
1192302,8.453595,5.0374637
1192415,0.7708023,5.9791455
1192547,7.0108905,6.428438
1192893,2.684636,8.243085
1192895,1.8363559,7.073789
1193015,0.9124678,6.5712876
1193188,7.5857534,5.449645
1193206,6.9591117,1.3334796
1193369,6.604752,7.8846407
1193403,0.63529164,7.268542
1193537,4.2526503,9.467897
1193602,8.979932,10.579118
1193965,10.14996,8.286033
1193977,8.1298485,5.1803675
1194029,10.389386,7.819543
1194317,8.408969,9.721978
1194512,5.9886756,5.866053
1194616,7.9497647,3.1183689
1194676,7.9387436,6.007419
1194813,9.576997,5.9644623
1194964,9.98298,8.173141
1195026,4.0365095,5.085613
1195520,10.174878,7.4013195
1195526,10.93045,7.5280304
1195619,7.808109,6.6705136
1195663,9.100577,9.389075
1195804,10.535163,7.5216565
1195893,3.917408,9.23717
1195924,7.350202,7.9930286
1196322,8.297098,1.0480828
1196614,7.9320526,5.232667
1196619,8.006379,5.0854073
1196622,8.00159,5.195994
1196623,4.233754,9.38112
1196626,8.186536,7.2169213
1196645,4.1080008,2.714218
1197014,7.9482937,8.595742
1197789,9.938692,7.7732882
1197940,1.5798782,6.6202984
1198233,6.4721546,5.1019983
1198493,7.8589177,5.6478415
1198535,8.208615,4.6694083
1198541,8.213084,5.251394
1198562,8.185137,3.5728502
1198727,8.28784,9.111084
1198728,10.255197,8.723502
1198731,8.14907,9.084136
1198737,8.64673,10.7379265
1198750,8.116158,4.911708
1198817,7.1103044,9.122584
1198819,4.937661,8.189906
1198821,9.792965,9.068752
1198829,6.587566,8.515459
1198830,3.5538464,4.676503
1198832,6.8375177,8.918664
1199268,9.787014,8.579091
1199334,10.341101,8.727424
1199494,7.193167,9.719533
1199586,8.6363535,8.5957775
1199588,9.705318,8.929382
1199876,10.441373,7.960036
1199879,9.225896,8.030342
1199887,7.7867208,6.8091235
1199888,7.9932466,5.176082
1199897,9.829401,5.1036854
1200264,4.240132,4.764966
1200307,4.879188,6.172579
1200365,4.868725,1.7743261
1200385,7.7579484,3.1978803
1200435,9.290822,5.77674
1200449,8.417451,2.178351
1200534,8.029048,5.1927266
1200673,8.028137,8.8837
1200677,9.004995,8.783349
1200680,7.8139586,8.378844
1200683,7.6951146,8.332883
1200688,8.988303,8.871722
1201074,10.233278,8.728747
1201082,5.744667,8.290747
1201569,8.813123,5.5173454
1201570,9.795104,4.8385572
1201616,8.063462,5.533112
1201628,7.9335,5.3919854
1201700,6.0059247,8.864753
1201707,7.9166408,9.595789
1201778,8.97309,10.561816
1201857,9.274721,1.3708941
1201913,6.0108523,8.579612
1201924,2.5369549,5.6569405
1201932,7.740725,8.548463
1201945,7.4849944,9.758676
1201957,8.371758,5.008732
1202004,8.237109,4.891714
1202010,8.686315,4.7460938
1202372,4.8612757,7.928557
1202473,1.7332433,7.2081146
1202474,2.3329227,7.985899
1202683,8.042906,5.1164823
1202714,3.0547729,7.572978
1202727,6.2947793,6.2414665
1203146,9.879696,8.007405
1204819,8.61608,10.745914
1204832,9.335471,7.1593533
1204843,8.680122,4.981912
1204868,5.9057155,8.502082
1204878,5.9979258,8.410533
1205183,7.859693,7.4082484
1205256,8.267113,9.124698
1205328,8.477287,5.9869537
1205357,9.130566,9.231475
1205658,8.011138,9.659322
1205828,8.379625,4.1478677
1205840,8.920285,10.828074
1205864,7.7858663,9.4472685
1206068,6.1975756,0.5589715
1206245,3.1572165,4.5137477
1206322,7.664195,1.573524
1206718,1.1708369,6.9460526
1206930,5.496699,8.436316
1207200,8.6324625,5.4687576
1207202,7.1194277,8.960532
1207203,9.173324,10.375435
1207204,6.980978,8.948013
1207205,5.4318194,7.3109984
1207228,7.8958745,4.8071833
1207229,9.308224,4.626582
1207301,4.681316,7.8795156
1207967,4.8180237,7.9117045
1207970,4.6393757,7.866908
1208270,7.927415,4.9858794
1208285,8.497278,5.5658374
1208419,9.388311,8.050429
1208420,10.359888,8.023233
1208424,10.795482,7.651774
1208497,10.436536,7.871428
1208539,4.477087,9.415176
1208540,4.826709,9.451488
1208747,6.361899,7.4776382
1208872,8.831337,1.2253355
1208881,8.537947,10.831167
1208944,8.907691,4.8604584
1209205,5.672123,1.882633
1209314,9.347753,9.367136
1209316,9.670382,8.561432
1209445,1.0985118,7.037007
1209457,1.7291076,6.6320596
1209611,1.4781771,4.175032
1210210,2.8735502,5.1169167
1210212,3.7408173,4.2821946
1210213,3.840596,5.957344
1210214,5.3800516,8.396007
1210217,3.4345636,4.8672185
1210255,7.3237686,0.57071865
1210333,4.2014003,9.42695
1210341,2.8794973,5.667342
1210683,6.1001635,6.061069
1210705,6.1066694,9.454533
1210709,6.150186,7.976312
1210716,5.7050586,10.252068
1210839,3.8242824,5.513067
1210928,8.018253,7.5100346
1210936,4.2131763,5.9425507
1210975,8.2445545,5.5798798
1210976,8.142209,5.9265585
1210978,8.001884,5.521247
1210979,7.9705644,5.8396306
1210981,8.195376,6.4334874
1211017,7.57455,9.7217655
1211029,9.767338,8.903068
1211058,7.7804384,9.374144
1211162,8.825013,11.087956
1211164,8.560915,10.700244
1211215,10.852286,7.8348074
1211226,10.737974,7.186174
1211243,7.694069,5.46503
1211254,8.0792885,5.0085826
1211321,6.1111474,0.93453753
1211354,6.5308833,7.3067594
1211920,2.979167,4.7279186
1212002,3.702668,5.6463046
1212011,7.2665596,5.7961426
1212012,8.006758,4.878581
1212142,2.746618,8.386993
1212143,2.4769938,8.265347
1212164,7.3998885,8.007394
1212323,3.0710948,4.173124
1212484,5.9765286,7.738467
1212508,9.278258,9.453944
1212534,10.135643,7.904676
1212543,9.047137,9.408617
1212567,9.784404,5.0066757
1212612,3.15065,5.359669
1212894,3.6044676,8.9187
1213117,7.4788322,2.1275363
1213139,7.667095,3.4096837
1213176,3.781737,4.057666
1213296,7.482762,9.314964
1213612,8.932981,9.611389
1213680,7.618886,7.8867083
1213921,6.7717557,8.40553
1214075,2.3742592,5.862441
1214533,6.698046,9.072954
1214722,8.518897,10.70949
1214810,6.478898,9.021804
1214875,7.994923,5.2165127
1214969,8.806784,11.048684
1214978,8.64202,3.8313546
1214979,7.6818447,9.267132
1214981,8.071003,5.0609126
1214991,8.174527,9.5170555
1215114,8.121604,4.633171
1215128,9.95073,9.105086
1215291,9.010672,8.187559
1215490,2.8766243,4.6655874
1215663,8.510638,10.61094
1215664,9.839073,8.860145
1215665,9.506949,9.963975
1215758,7.0480385,7.0594783
1215842,7.8793902,9.451825
1215853,7.055392,7.9903274
1215859,7.9290733,9.3632765
1215860,7.0977516,8.755094
1215865,7.9688096,8.773476
1215912,9.1933775,10.599361
1215952,9.850632,4.5258684
1215964,6.0087414,8.582951
1215972,8.242841,5.120705
1216045,9.04117,9.58844
1216054,6.9707837,8.196924
1216068,7.3389635,8.135565
1216093,2.111384,5.540398
1216193,9.575042,8.872203
1216242,9.809683,9.384498
1216244,9.258691,10.08022
1216246,9.393389,10.295757
1216248,8.539995,10.650269
1216251,5.7354565,7.703566
1216253,5.979867,9.081258
1216254,4.493547,9.603644
1216255,6.7835655,3.5339086
1216257,8.197003,8.235523
1216274,10.068003,9.015084
1216280,8.840316,10.62834
1216281,8.746919,10.944779
1216288,5.691601,10.385637
1216289,6.028886,8.952734
1216290,7.0891623,6.384738
1216336,8.938706,8.695848
1216348,8.855607,5.419794
1216356,6.9425745,8.165861
1216449,6.1200128,10.017706
1216451,7.9598927,5.466712
1216510,7.9692497,7.425065
1216583,8.055565,5.050792
1216584,9.135853,9.510857
1216585,10.2145605,8.729252
1216590,8.385145,10.56762
1216890,5.4479246,4.8778844
1217370,7.9759464,7.3431087
1217414,9.581546,8.824655
1217564,6.3460994,7.476842
1217759,4.6210866,4.5348153
1217876,2.8138332,4.619275
1217890,9.010281,8.498737
1217947,6.8782783,3.5132203
1217951,8.7554865,8.958411
1218250,2.1723175,5.9325366
1218251,3.132435,8.6452875
1218252,3.6001678,8.939367
1218253,3.2012813,8.714941
1218270,2.2345407,7.4764667
1218342,7.1409903,7.078886
1218527,8.500862,9.707091
1218664,8.979084,4.888974
1218837,8.964446,10.4995985
1218842,4.632203,7.9964833
1218854,8.911474,10.544918
1218977,6.5042853,7.6235104
1219112,9.230083,10.192967
1219128,1.1857524,5.722141
1219454,2.3690023,7.8676934
1219649,5.9798126,8.82455
1219652,5.9432015,8.862077
1219696,8.507922,2.1502836
1219888,6.874123,8.125211
1220034,9.219763,10.299473
1220035,10.589329,7.498034
1220041,4.7843738,4.46759
1220047,6.7691517,8.313231
1220392,6.551379,7.3348475
1220549,6.0015616,2.2539935
1220600,8.377087,9.1109915
1220769,8.884551,4.8505297
1220773,5.737697,7.76273
1220774,8.771424,10.989449
1220838,10.358522,8.142436
1220844,8.048208,4.914069
1220846,7.910666,4.977232
1220848,7.9528294,4.871525
1220850,7.8811893,4.8412833
1220862,3.9186344,9.123902
1220926,7.3350916,0.18312196
1220946,4.250666,9.394686
1220951,7.9832053,5.3836374
1220971,7.549323,6.1473174
1220987,4.8005557,9.610433
1221091,8.103507,5.3138804
1221124,8.2359705,3.1227548
1221530,6.9741797,8.081873
1221540,9.72787,8.856572
1221555,9.921156,8.256448
1221559,5.7337,8.195934
1221564,6.906591,9.085409
1221565,4.6959586,4.4243236
1221570,9.324569,8.779608
1221644,9.50125,8.58407
1221647,8.533259,9.356645
1221651,7.8335104,8.842563
1221666,3.6320827,7.0980315
1221730,9.110112,2.6577048
1221731,5.2347727,1.1558876
1221838,7.5105863,8.343911
1221902,1.4969971,7.5233655
1222045,10.829239,7.574932
1222059,8.782992,5.4510255
1222158,5.9632473,9.490306
1222324,5.01206,8.045899
1222444,10.144924,7.526194
1222504,9.269898,10.53927
1222508,7.0384493,8.920819
1222518,6.4700994,9.052474
1222565,8.914526,2.3836062
1222651,9.308677,10.396547
1222655,7.289493,8.814359
1222659,10.062347,7.8479996
1222746,6.1540937,2.4488332
1223076,5.6897116,8.439337
1223110,8.54494,2.09476
1223178,6.3702545,9.001638
1223188,6.5001307,9.010594
1223275,7.8270364,8.764294
1223453,8.845049,10.637062
1223638,3.4265544,4.640759
1223641,7.818096,8.953109
1223645,8.57222,8.307486
1223649,8.914293,7.7169695
1223650,9.374577,8.050821
1223651,6.014778,9.439526
1223703,8.832894,10.241534
1223755,8.269467,4.0172496
1223761,7.798853,5.2301016
1223988,5.0753593,6.977131
1224152,4.143273,2.9468806
1224388,7.2816515,6.922827
1224524,8.842131,10.988381
1224728,7.628565,8.814549
1224747,4.993853,7.2412004
1225067,9.186648,2.6086998
1225136,3.9936388,5.051089
1225214,8.80613,9.69102
1225215,7.9225574,9.38402
1225362,5.9682937,2.232505
1225642,4.328683,5.2980022
1226044,8.835513,10.209036
1226066,4.571246,6.0097394
1226095,0.45067942,6.6907105
1226156,8.8117,6.658635
1226475,4.384665,9.489814
1226476,4.4026465,9.459995
1226478,4.308793,9.438568
1226479,8.001171,9.3909235
1226480,8.577973,10.715444
1226485,10.344984,8.444294
1226542,9.255087,10.344913
1226552,8.343732,8.361368
1226555,8.903482,7.5566425
1226560,9.018468,8.53459
1226701,4.6039734,5.054654
1226829,6.386596,9.080326
1226833,10.118926,8.107643
1226835,10.751803,7.7851157
1226849,10.3683195,8.679212
1226854,8.943875,4.921162
1226868,10.912035,7.638401
1226871,8.218259,6.877198
1226872,10.476367,7.935999
1226903,8.418028,9.772882
1226904,7.5505,6.693639
1226906,9.992206,8.06689
1226907,9.12647,10.325528
1226908,7.6881604,9.285382
1226951,8.359934,7.7328167
1226952,8.43887,8.410478
1227061,9.320774,1.4711113
1227073,6.1167974,8.860963
1227088,6.764643,8.70909
1227295,9.246704,9.8238535
1227296,9.405451,7.3057046
1227341,5.9467854,8.328955
1227381,10.214876,8.365963
1227383,9.593269,8.306055
1227579,9.504271,5.356083
1227580,9.943254,8.460062
1227586,9.274893,5.3002872
1227607,5.323472,4.6959887
1227632,9.929017,8.651386
1227634,8.570682,10.751147
1227637,7.9221153,8.696914
1227650,4.5222607,7.668119
1227723,8.261977,10.034607
1227735,8.961812,9.474446
1227737,9.038821,8.803685
1227777,5.031651,7.284999
1227796,7.1522346,7.0096393
1227807,10.95777,7.3377504
1227809,7.394961,6.9510217
1227810,9.716998,7.2952337
1227813,5.766908,6.833613
1227814,9.056154,1.1052904
1227871,9.086128,2.2625542
1227876,4.4546523,0.7733198
1227924,3.1260633,6.600733
1227944,9.243609,9.816701
1227965,1.3443595,6.8304234
1227992,8.203217,9.040635
1227997,8.928949,7.2700124
1228209,2.8401666,5.2479076
1228444,5.423273,1.724617
1228464,1.5202451,6.1170936
1228466,3.0616257,7.611348
1228497,8.177831,9.314831
1228630,4.801289,9.2168665
1228788,0.9476228,6.659907
1228856,6.8403707,7.5353208
1228861,8.35813,6.034376
1228862,7.3365917,9.726973
1228869,8.074927,4.8995442
1228935,0.86817485,7.0770235
1228937,1.5530825,6.872794
1228938,0.69573027,7.287906
1228955,2.828162,7.6585326
1229197,0.8317289,6.61624
1229204,1.0922761,6.098613
1229275,9.135427,9.250049
1229357,8.021421,5.641432
1229358,8.019596,5.5155153
1229647,9.251836,8.125164
1229659,5.6443334,7.77473
1229662,9.503841,9.309032
1229666,7.8335104,6.656616
1229687,9.719094,4.767402
1229696,8.970221,1.1728139
1229738,7.366715,0.5221109
1229742,8.320736,1.435145
1229762,0.82692087,7.6684003
1229856,3.766016,5.465288
1229911,8.065264,4.864697
1229916,8.121873,6.095519
1230080,4.497502,0.7667346
1230084,4.4751463,0.5926231
1230091,4.613364,0.71734476
1230101,4.585136,5.7563214
1230153,8.801617,11.052055
1230154,8.961277,10.735322
1230155,9.276916,9.361936
1230156,8.892395,10.240763
1230188,9.566606,8.61443
1230195,6.751019,8.387817
1230217,4.3850713,0.6528674
1230218,4.9215446,0.9430274
1230220,4.5044084,0.6177002
1230221,4.643513,0.7634754
1230222,5.095873,0.96927476
1230269,4.807854,0.7704682
1230282,1.178348,6.5297256
1230315,7.1351976,7.6323557
1230316,9.431271,8.855675
1230319,7.016381,8.935386
1230427,9.812388,8.901274
1230430,10.348105,8.7600155
1230447,8.11959,9.622087
1230536,9.2288475,9.816759
1230706,10.4601,7.4308214
1230712,8.294467,5.109589
1230713,10.252582,7.330262
1230763,2.363612,5.7582374
1230896,7.3581595,0.18742935
1231098,4.2176857,5.891866
1231146,2.9368155,4.0694456
1231158,8.760741,11.005659
1231159,7.1498466,5.9063067
1231160,10.303506,8.432017
1231234,2.8853338,4.6993184
1231257,7.4348087,8.818061
1231281,8.027796,5.475575
1231283,8.031437,5.776789
1231321,0.9994254,6.0181823
1231392,0.6628424,5.784355
1231587,5.6091676,10.343246
1231620,6.123902,8.694876
1231629,4.649592,8.366959
1231633,5.6768904,10.336915
1231641,8.37927,9.220816
1231657,6.9004064,9.094711
1231668,2.8812702,4.6622043
1231679,3.2866795,4.8013406
1231872,4.2713013,5.1823606
1231933,7.1226163,1.0211279
1231938,0.60674787,6.362333
1231942,1.5262933,6.590706
1231956,8.804596,0.76182806
1232057,8.792076,7.9596395
1232063,8.82154,3.0053844
1232065,8.047114,5.0247645
1232067,6.876733,7.7213864
1232108,4.0831356,4.3808594
1232196,5.651847,6.6147523
1232265,6.1731963,6.748152
1232319,2.5848546,8.224862
1232320,2.7297664,8.434274
1232322,2.6319807,8.342387
1232342,6.893675,1.8449699
1232395,8.061853,5.48461
1232397,9.69102,7.3298445
1232526,6.2950487,9.844093
1232530,8.492946,8.249913
1232537,8.234255,9.098313
1232541,9.8252945,7.89813
1232543,7.512281,8.326599
1232544,8.412657,8.528545
1232595,8.406277,5.4425173
1232596,7.376698,6.150241
1232597,7.6633787,5.5419574
1232715,3.4801674,5.3758607
1232741,4.969723,0.8091155
1232742,4.389762,0.9786307
1232745,4.333735,0.8327239
1232746,4.2155204,0.6531404
1232748,5.6688843,1.6267458
1232749,4.439407,0.58027613
1232753,9.150987,6.1949205
1232754,5.8517513,8.3205185
1232760,4.0067253,4.358188
1232834,2.8295336,4.486028
1232838,2.9555821,4.09319
1232892,8.806667,0.74635446
1232977,6.1274796,8.365509
1232990,7.013097,9.085359
1233001,6.8907037,8.898801
1233007,9.166279,8.082735
1233008,9.9025545,8.062802
1233012,9.656543,8.635904
1233164,1.0114189,6.7670894
1233172,4.431348,4.5430546
1233175,6.055568,2.2625368
1233236,7.9732013,5.1080213
1233237,8.423358,4.868467
1233239,8.247916,5.0708346
1233240,10.39217,8.687271
1233241,8.815441,10.264627
1233242,10.592706,8.144784
1233254,10.0386095,7.355669
1233268,2.840533,3.9908311
1233269,0.8197606,6.019352
1233282,0.4816008,7.1210656
1233289,2.7421227,6.7260222
1233292,2.1739275,7.593124
1233299,9.845795,8.01122
1233300,8.96253,8.203015
1233305,9.97629,8.290278
1233325,9.60705,8.751721
1233327,9.757005,7.1944113
1233328,10.232673,8.226891
1233330,7.462504,7.9911427
1233528,7.6126056,6.466093
1233545,8.587453,2.5036974
1233611,5.8508425,6.6026406
1233705,9.927072,7.9005065
1233707,10.317514,8.045559
1233712,10.039889,8.846727
1233716,10.229046,8.529911
1233725,7.8430004,5.28162
1233737,8.8255625,11.117385
1233821,4.8235307,1.0360475
1233854,9.960785,8.0381975
1233874,5.1966705,8.055734
1233875,6.0291467,9.131343
1234195,2.8177059,4.4417996
1234208,9.268007,8.281005
1234320,6.698507,8.092936
1234321,6.53062,6.930714
1234323,6.2234526,8.380274
1234479,9.638027,4.3109026
1234521,0.6063252,7.1202292
1234648,9.77444,8.279989
1234707,8.266926,9.833124
1234807,2.2555928,7.0916686
1234811,5.6552954,6.4625335
1235042,4.5751896,7.800318
1235199,4.858392,2.8641691
1235472,9.146619,10.32915
1235473,8.728216,2.2611866
1235540,5.746744,0.594509
1235562,2.0899785,5.6574893
1235577,2.0912104,5.8418818
1235599,2.3414528,5.7053843
1235601,2.186882,7.809199
1235683,8.388119,6.689381
1235735,6.528,7.2900043
1235739,10.249615,8.710812
1235743,7.003985,8.069636
1235744,6.9478703,8.1270685
1235804,8.936474,10.226798
1235830,8.925301,10.224466
1235833,9.195731,10.228779
1235844,8.827315,10.259343
1235849,8.691065,10.207542
1235852,8.841445,10.269317
1235863,9.347335,1.4853928
1235968,7.3020825,8.864585
1236207,6.990841,8.437584
1236264,8.973491,9.560212
1236277,6.4779706,8.77187
1236278,7.1958656,8.766159
1236281,5.7871394,8.323097
1236288,9.282499,8.900551
1236409,9.026823,10.196954
1236518,9.254605,10.525519
1236548,3.0009723,4.6515164
1236552,3.9975011,5.9089684
1236735,9.264866,9.281204
1236902,9.25449,10.326049
1237049,7.6135135,8.437985
1237159,9.309303,8.196426
1237161,7.692377,9.004017
1237379,7.137239,8.017131
1237475,7.0409265,6.943935
1237486,6.8598194,7.9736176
1237492,7.6481085,8.202846
1237496,8.031098,7.68975
1237498,8.278307,3.1055613
1237591,1.9362625,6.77366
1237701,6.165866,0.37491798
1238012,1.4611776,6.039068
1238076,5.8872743,1.9620583
1238106,8.588746,1.8105402
1238117,9.520688,5.6528306
1238171,9.441814,6.4913116
1238180,8.818013,10.244905
1238209,8.607665,4.7259035
1238211,8.447235,5.28388
1238214,8.919271,3.6806486
1238215,9.198076,5.526913
1238216,8.09561,3.447536
1238218,7.72673,6.1498995
1238296,9.16656,10.451462
1238297,8.934765,10.574363
1238382,5.2563825,0.6387066
1238424,6.0166574,2.231732
1238489,1.5372243,7.154354
1238546,6.9634895,1.1019683
1238559,9.737304,4.8648825
1238562,7.6419444,8.827174
1238566,7.662742,9.216729
1238573,8.277267,9.4707775
1238580,3.6966996,4.4659147
1238592,7.195883,8.857199
1238594,9.440926,7.2634234
1238597,4.818257,7.794007
1238599,5.7686563,7.7755737
1238632,0.6306914,7.088237
1238660,9.140791,0.8719823
1238715,5.6391554,1.398006
1238782,6.3399854,0.5262951
1238800,5.9854345,2.1600313
1238803,6.242934,0.33066192
1238819,6.4057674,0.584395
1238848,7.9004083,7.4667344
1238859,9.251021,10.188356
1239078,3.6313396,3.0652578
1239281,5.8178535,2.1675925
1239291,6.595004,7.764634
1239314,7.4728346,0.18855645
1239434,6.4016237,8.931795
1239440,7.9689684,5.8706117
1239569,4.062027,5.637823
1239574,9.724807,7.9235964
1239576,7.2034717,7.5788083
1239595,4.5233793,0.5591946
1239643,6.8881435,3.5224216
1239649,4.3142586,7.1975904
1239685,5.355645,0.9482006
1239736,2.6256456,5.135011
1239742,4.7069497,4.042172
1239755,5.7345376,5.706302
1239817,10.514857,7.944083
1239819,10.301903,7.987876
1239822,10.551097,7.3576627
1239834,9.958398,7.701002
1239859,10.709584,7.6877766
1239879,9.908868,7.8885427
1239887,5.312764,7.1044197
1239960,1.297361,4.361919
1240009,7.8865514,3.1756985
1240063,7.1282225,9.155119
1240065,6.9413013,9.124313
1240069,6.4478526,8.9147835
1240089,6.700314,9.0394535
1240131,4.8784785,7.2591515
1240148,9.220496,9.88495
1240191,8.942267,0.9191186
1240210,4.2746344,9.490801
1240343,6.8151116,9.444468
1240385,5.906511,8.476463
1240390,6.5502553,9.044046
1240432,7.1902843,8.664575
1240447,8.924155,10.818565
1240626,8.811175,4.31718
1240629,8.294518,4.8214817
1240631,8.367777,4.942749
1240632,8.516393,4.667053
1240637,8.288912,9.307791
1240638,7.3437395,8.321459
1240645,9.211487,3.3480616
1240662,5.9513764,0.57604206
1240682,5.284522,4.6816134
1240700,9.274297,10.327479
1240729,8.2465515,7.934181
1240733,10.82684,7.774651
1240739,10.21373,8.334315
1240746,8.393319,8.367735
1240811,7.6291895,9.168814
1240813,7.6808977,8.245584
1240814,8.15367,9.626999
1240815,7.3185763,9.096853
1240818,7.2341776,9.207963
1240822,7.9229064,8.6431875
1240823,7.9652257,8.925049
1240824,8.018222,9.543224
1240916,6.255147,7.2199297
1240921,5.7081847,1.7713892
1240986,5.908434,8.469141
1241030,8.708216,7.1508837
1241034,9.774371,7.769183
1241134,8.096821,7.4928017
1241469,9.937431,8.135932
1241470,8.534108,6.6406126
1241471,10.71274,7.961187
1241472,10.797332,7.896887
1241476,10.216326,8.199973
1241478,10.228766,8.486094
1241481,10.206129,8.194665
1241484,10.11923,6.5251136
1241487,7.768619,7.943152
1241489,9.927096,7.923426
1241497,10.201965,8.736597
1241501,10.222854,8.151786
1241507,11.00757,7.408396
1241715,5.197653,7.8697157
1241794,9.11589,4.846266
1241797,6.2836266,8.744478
1241799,7.4359255,8.224234
1241800,8.337085,6.6364574
1241802,8.618154,9.409936
1241811,7.7411647,8.561107
1241812,8.570662,6.596221
1241828,4.0449123,6.0491576
1241836,8.777166,1.9771132
1241917,3.6198037,9.04485
1241935,6.0636954,0.4918505
1241952,2.8904924,4.7417097
1241959,5.5234585,8.291972
1241967,4.188192,9.422359
1242198,6.8542542,3.513701
1242588,4.38851,7.4177766
1242610,6.9908543,1.1762624
1242611,9.048631,8.600923
1242613,8.615726,10.757071
1242722,8.806125,11.020784
1242727,2.9396336,3.5796309
1242736,9.03496,4.63825
1242758,8.223085,5.1386924
1242765,9.476103,5.2200413
1242834,2.3499384,7.210588
1242892,3.7561867,5.1252246
1242911,8.231239,9.509809
1242922,8.370886,7.3978057
1242982,0.41220102,6.9289374
1242983,0.51703036,7.0002594
1243096,7.8422704,3.2104938
1243286,9.080678,4.396886
1243292,9.730955,7.001019
1243412,0.6979612,6.3993883
1243482,6.876755,7.554848
1243484,7.0612464,8.125042
1243637,6.3160157,0.53643167
1243654,8.046248,4.587829
1243684,10.220211,8.812123
1243709,10.850762,7.890015
1243722,7.41865,7.98919
1243747,10.647597,7.235885
1243761,8.584062,10.781341
1243775,7.9452014,5.335868
1243778,7.95352,5.44084
1243980,5.422787,7.442998
1243981,5.69968,1.8843999
1243991,4.194312,6.5694065
1244031,7.228441,8.7840395
1244059,3.9109745,5.6243076
1244063,3.5506077,4.687053
1244066,4.222508,5.7592134
1244096,2.2295878,3.6260936
1244103,2.7693107,5.816882
1244109,6.506073,5.1382074
1244115,5.924134,7.7979393
1244122,4.9207096,7.351203
1244158,10.894745,7.7211337
1244218,9.177759,0.8461281
1244255,2.7858067,8.0653515
1244301,0.78949034,7.4267035
1244668,7.611025,6.267213
1244676,2.4059138,8.045418
1244682,2.4207199,7.288189
1244707,8.595448,6.261081
1244765,4.1746483,4.7853074
1244772,0.4597016,6.825417
1244780,5.6219187,2.1999893
1244818,6.171249,2.5062618
1244887,9.312568,8.22955
1244947,10.869113,7.7143536
1244954,8.58652,10.732597
1244965,10.263044,8.278195
1244967,8.157221,9.032651
1244969,8.21742,9.065181
1244984,9.241087,4.5739765
1244991,0.6720619,6.018175
1244995,3.8152628,5.109906
1244996,0.84617764,6.040201
1245054,4.864036,7.783929
1245078,9.193939,8.316659
1245151,9.545032,5.097581
1245153,10.231235,8.515487
1245161,7.2496486,9.172571
1245168,0.39361727,6.994752
1245171,0.48405665,7.143752
1245172,0.66865844,7.0226116
1245232,9.782313,8.995488
1245235,9.84403,8.994732
1245412,2.7528424,5.4447103
1245451,4.4830704,0.6072495
1245474,7.26136,7.0040874
1245479,9.940525,8.428706
1245559,8.366605,8.975554
1245560,9.295064,8.253221
1245565,8.837439,8.248374
1245569,8.720477,8.240864
1245571,5.4842834,4.8957815
1245579,7.038232,8.497883
1245581,6.921198,1.5101953
1245588,5.2376504,4.6836286
1245838,9.167305,10.249824
1245839,5.991584,8.597555
1245842,7.0486555,3.7311242
1245846,8.4025,0.4413656
1245849,8.113866,5.140802
1245851,3.732679,4.3192854
1246004,4.688104,1.0124221
1246008,4.221975,1.5514935
1246019,4.667052,3.0027432
1246037,4.7049913,0.82760656
1246043,5.295613,8.10003
1246048,8.072423,5.261875
1246057,9.15721,1.0241234
1246061,7.521673,8.312905
1246066,10.236716,7.961371
1246070,9.413228,10.1673765
1246071,10.1449375,8.370358
1246072,9.612161,8.880444
1246073,9.992864,9.103198
1246160,5.570337,7.419206
1246169,0.50260013,6.8887086
1246170,0.4407797,7.0051665
1246192,5.1251125,2.233847
1246222,8.893175,7.3970246
1246233,0.3464877,6.9544034
1246234,2.3590326,7.290686
1246235,0.7686009,5.992914
1246237,0.6564383,6.78581
1246238,0.43933728,6.8897104
1246261,6.1519623,6.545615
1246347,6.221328,6.6048803
1246348,4.770414,6.872235
1246350,4.1482434,0.73113793
1246353,6.2752166,7.108353
1246354,8.796455,7.2986236
1246359,4.941569,6.7932906
1246362,4.250577,6.8439116
1246367,4.6779113,5.0081763
1246369,4.3494883,6.656105
1246381,2.3129568,5.768058
1246388,1.8209567,7.509796
1246389,2.078173,5.7511353
1246394,8.657195,10.83267
1246418,0.9722428,6.163343
1246444,8.791511,8.773779
1246495,2.3918998,7.2301946
1246508,7.703284,8.49469
1246510,5.4380484,4.797132
1246512,8.8876705,2.3021684
1246517,8.720955,5.5604286
1246527,8.331065,9.82495
1246544,9.0354,10.495822
1246575,6.53317,6.370152
1246585,7.949597,3.72863
1246597,9.026934,9.4804945
1246598,9.298019,8.151631
1246599,6.6665306,7.5802
1246611,7.5764008,7.9382067
1246642,10.196896,8.649847
1246651,6.0977917,8.571159
1246661,5.0439487,7.7770476
1246666,10.29088,8.752689
1246741,7.945954,7.7117333
1246748,10.917747,7.584812
1246753,9.972052,8.743687
1246943,2.0952847,5.833084
1246953,3.4173024,3.6521533
1247032,2.1874588,5.837921
1247108,0.703379,6.4041557
1247157,1.7644364,6.500315
1247160,7.48449,6.760742
1247170,6.129494,6.500615
1247209,2.6650374,7.0906
1247247,4.546876,7.9909706
1247248,10.394517,8.044499
1247251,9.665891,8.687142
1247252,9.924604,7.718822
1247255,10.170908,7.3590775
1247261,8.780033,8.239762
1247297,7.7033405,8.285693
1247299,10.383863,8.5882
1247300,7.2539477,9.31279
1247301,5.471194,4.8629217
1247302,4.3596582,4.5126915
1247303,10.263244,8.343437
1247305,8.384163,8.5993185
1247307,7.5154033,7.421035
1247308,10.645834,7.7347026
1247312,7.5583334,8.162816
1247331,2.87833,7.0354285
1247332,1.2503777,4.6422877
1247333,1.1561004,7.2930527
1247452,4.5899553,7.9837537
1247455,9.276058,8.009646
1247457,4.0446997,6.242708
1247461,6.5324235,9.034589
1247469,7.3797703,5.368998
1247470,9.289626,8.965087
1247589,3.3036554,6.8950195
1247627,4.787171,6.989579
1247638,4.221892,0.6564344
1247641,4.450558,0.61307186
1247644,4.4107122,0.587397
1247692,4.7887278,2.8540022
1247717,8.490495,2.2163076
1247757,1.1228496,7.349466
1247758,0.6443773,6.7310143
1247778,4.35396,7.490493
1247783,9.675165,4.834058
1247818,9.890984,5.1732664
1247837,5.5754857,6.2239327
1247842,1.3282754,4.653028
1247917,2.6757615,8.462386
1248161,2.6733675,8.358022
1248177,1.4210244,6.827114
1248206,1.3483671,7.199703
1248266,3.3677335,6.7578216
1248322,10.261599,8.43656
1248323,2.091098,7.318141
1248413,0.7525857,7.0319095
1248537,7.6380076,7.4796267
1248672,5.286241,1.72409
1248779,5.9334574,0.24065302
1248786,6.027955,1.0831071
1248791,6.4265327,5.075469
1248845,6.672617,8.538812
1248847,9.910683,9.176931
1248858,4.2145624,4.3777094
1248864,9.969632,6.6793346
1248867,8.564901,7.782659
1248874,6.366325,8.077073
1248875,9.665667,7.341786
1248879,0.7961249,5.995242
1249033,2.249363,6.703965
1249157,9.664468,4.6256113
1249164,8.005986,5.4814215
1249165,7.9569592,5.5301623
1249167,8.0982685,5.687985
1249218,8.991084,2.1219664
1249227,5.179653,7.2160254
1249230,2.4686797,7.624499
1249294,3.5422242,6.724968
1249339,5.7880406,0.5803142
1249383,5.9032526,1.4311037
1249395,9.096334,0.96569747
1249412,8.260148,5.676156
1249462,8.017774,5.1604757
1249535,8.037462,5.5676856
1249590,1.6572837,7.1999884
1249683,8.38958,5.185608
1249712,6.878801,5.885933
1249719,8.614261,8.186423
1249730,8.307187,8.968028
1249743,9.926419,9.184963
1249771,4.8171325,4.494281
1249889,6.020164,0.3072755
1249914,10.306215,8.265938
1249917,8.483343,5.1076775
1249924,7.8291993,8.418933
1249928,10.202399,8.650564
1250099,5.470116,4.8619585
1250148,9.883285,5.8940606
1250317,1.4605575,6.4105844
1250319,1.4542999,6.286423
1250420,8.617331,2.2988462
1250467,6.814776,3.5866907
1250469,2.5176816,8.356531
1250507,1.6818451,7.7322416
1250572,2.6511765,8.325886
1250580,2.81612,7.056928
1250581,2.9744313,7.185317
1250635,2.3170273,7.196201
1250638,2.1181576,7.44651
1250639,1.0150926,7.4375296
1250643,2.5619783,7.509488
1250676,2.6580188,8.308479
1250682,2.5760038,8.286007
1250685,2.6796496,8.397769
1250689,2.6584077,8.345237
1250692,4.3329086,9.259187
1250705,8.759412,1.4799001
1250773,2.8716865,5.3065224
1250777,6.23572,7.493703
1250867,5.2837586,0.5940942
1250942,10.750395,8.807511
1250994,1.9790046,7.214457
1250997,1.592804,7.3442044
1250998,1.1567146,7.427511
1251000,2.8562634,6.9083695
1251001,2.5139623,7.9604597
1251003,0.7471957,7.108701
1251006,2.1769407,6.8449545
1251013,1.3750362,7.4830737
1251043,8.033405,5.9761453
1251278,3.8797169,5.6737194
1251301,5.099515,7.8380027
1251432,2.6886184,8.181545
1251439,2.1396878,5.72224
1251441,1.5866741,5.8807735
1251480,8.393942,5.0441194
1251540,8.224049,4.972999
1251553,9.967496,5.2140145
1251671,4.851929,9.295954
1251702,9.269728,7.360316
1251742,8.560375,6.5052586
1251856,7.010806,1.5909697
1251863,6.9563403,1.089386
1251868,9.026281,1.0551441
1251876,9.015017,2.2192385
1251938,1.8255165,7.4379206
1251947,1.295642,7.3085556
1251970,1.0508618,7.380291
1251980,2.7784555,6.2697196
1252018,5.4162,10.4181795
1252030,5.3198376,4.7562675
1252033,3.6938024,4.7954364
1252088,1.563308,6.94694
1252132,3.0458345,6.0358076
1252136,8.096179,3.5488877
1252188,7.568641,6.546944
1252190,7.5881677,6.57624
1252192,7.130136,7.0152707
1252252,10.199554,5.9997497
1252254,6.9934864,3.644619
1252256,4.5176954,9.426388
1252294,2.4309404,6.941458
1252295,1.8250698,6.77247
1252324,4.3120327,9.500267
1252349,4.8659606,4.4687953
1252354,8.051646,5.5133967
1252366,6.380196,2.6048696
1252375,4.724529,4.3062468
1252377,8.006663,5.524936
1252395,2.4028158,7.1312118
1252396,2.4187398,7.132081
1252413,5.941743,9.012272
1252432,8.798765,10.219552
1252437,0.88281745,7.632578
1252439,9.213175,10.152863
1252450,3.6855924,2.648376
1252456,8.823518,10.26459
1252458,6.994511,7.0258627
1252463,8.905189,10.46752
1252473,8.81285,10.216309
1252477,8.767196,10.185435
1252505,3.0805368,4.15949
1252517,2.7831304,3.9263182
1252523,3.0679674,4.869685
1252538,6.379847,9.014077
1252542,7.185478,9.197735
1252549,7.9408875,8.78538
1252617,9.528073,3.8914657
1252635,8.297446,5.795443
1252638,8.029519,5.299168
1252639,8.184379,4.066096
1252675,9.177482,10.253725
1252676,8.721123,10.578068
1252702,7.3739915,0.90745544
1252751,5.630034,9.401401
1252764,4.450826,9.145509
1253020,2.7162426,7.0731635
1253048,7.5768695,6.7827115
1253051,6.217075,7.8278766
1253053,6.96677,8.807691
1253056,7.3771443,6.8513193
1253108,2.6673234,8.488888
1253110,2.7339308,8.48397
1253169,0.62980396,7.246974
1253198,9.154676,2.9448886
1253200,9.173514,2.4992058
1253206,8.787878,1.3848346
1253212,8.542174,0.86813164
1253250,4.569742,8.199534
1253276,8.739599,7.3691683
1253290,9.39751,7.391745
1253295,9.94017,7.2329993
1253299,8.766118,11.040378
1253303,9.9013405,7.776396
1253305,6.1186385,9.750312
1253309,10.111432,8.061704
1253310,8.685559,8.769515
1253368,4.0445304,2.4805763
1253390,1.3826681,6.533799
1253405,2.081364,7.2942657
1253415,5.83455,2.1744494
1253418,3.386947,4.720874
1253419,6.9155912,8.941164
1253420,5.810137,8.388618
1253422,6.1196885,8.478577
1253432,6.3389587,5.0757103
1253434,4.8561716,5.7680764
1253436,6.359523,5.0645213
1253521,0.8786346,6.9999466
1253580,1.7500945,6.1727853
1253583,4.2589593,4.698683
1253586,4.792271,5.857572
1253637,2.153313,3.9598181
1253754,6.037913,0.8214523
1253755,2.76903,8.524802
1253757,3.9670978,9.085399
1253762,2.539662,7.9791746
1253973,1.7437332,7.276385
1253975,0.8138159,6.85886
1254025,8.941549,7.068795
1254059,8.049245,5.235616
1254062,3.4905617,4.7224097
1254063,6.2018332,3.5994923
1254090,8.02748,5.5086336
1254108,3.3777118,4.2733912
1254110,3.093318,4.124382
1254169,8.04405,5.0958
1254300,0.43154213,6.837613
1254301,2.3334625,7.148002
1254302,10.031622,7.070663
1254311,0.6108121,6.915762
1254318,2.2097378,5.846868
1254336,8.579162,10.606189
1254338,7.432967,9.815476
1254345,8.598185,10.791804
1254346,7.1323647,3.9727125
1254347,6.7288957,9.087622
1254424,9.73788,5.241612
1254467,3.3022773,1.7415776
1254495,5.948485,10.18729
1254496,8.494315,6.507824
1254499,4.0689464,4.515924
1254533,5.6498675,7.458624
1254651,9.626865,8.172722
1254657,0.7689876,6.2016983
1254658,3.2563615,5.3985715
1254659,0.539713,6.876037
1254660,4.9211245,9.473412
1254663,0.87737083,6.6971426
1254664,0.5438961,7.255964
1254665,1.3208934,6.37632
1254670,0.3854581,6.991136
1254678,7.2170086,8.715814
1254682,6.9283543,7.617659
1254683,8.009932,8.926791
1254702,6.93434,0.78945285
1254723,4.8053102,7.6663513
1254724,2.8392985,3.544439
1254932,6.8373218,1.2341334
1254944,4.9598355,3.627505
1254947,7.5306373,8.102116
1254979,8.0348215,9.489989
1255056,5.299686,4.7372384
1255104,4.8288317,7.901312
1255123,8.446023,0.8657122
1255174,6.448362,7.4812136
1255255,8.480792,9.525704
1255281,10.1608095,6.0792303
1255413,2.3948789,7.0089526
1255429,4.5172534,4.1483607
1255475,4.945293,6.635795
1255619,8.136736,4.9401097
1255620,9.146878,0.8017609
1255625,9.00326,4.594049
1255765,8.72713,7.7711215
1255780,6.051756,0.8333716
1255782,4.600491,4.1248055
1255814,1.6375431,6.5520587
1255857,9.574963,5.1398745
1255872,1.8542465,7.155184
1255892,6.3152413,7.3062563
1255893,8.869166,7.9755735
1255895,1.7444283,6.720694
1255917,3.2638407,5.535088
1256034,6.6229277,8.792944
1256082,9.484732,8.677684
1256086,10.082774,8.492242
1256087,9.0506935,8.535695
1256091,9.263284,8.296574
1256271,8.300089,0.8730212
1256276,9.128099,1.284428
1256283,2.3985298,8.258178
1256353,8.071548,5.852861
1256379,7.105526,0.5818184
1256431,8.104011,5.6088243
1256503,4.633077,6.5731688
1256504,4.486429,6.750374
1256509,5.143938,8.355101
1256510,2.2441218,3.713927
1256541,7.350328,0.12054884
1256546,7.3806777,0.12955014
1256562,9.058246,1.5758808
1256621,8.982747,1.1369643
1256634,10.882642,7.511693
1256662,7.786852,8.259057
1256687,10.003961,8.409991
1256739,8.783937,10.6351385
1256741,4.7248073,8.135276
1256744,5.8056707,7.6641793
1256768,8.644862,10.706433
1256791,8.443494,4.856398
1256795,10.384598,8.133006
1256796,7.9867005,5.1304913
1256798,9.977163,7.5004597
1256802,9.1301155,5.0212336
1256803,7.4749365,6.6617565
1256804,7.8374286,8.780262
1256807,10.410293,7.8589497
1256809,8.893027,0.79850674
1256984,4.683716,0.65099275
1256987,8.770704,1.7294286
1257001,5.132409,4.3369913
1257004,6.4945016,5.0931144
1257005,4.8890224,5.572764
1257010,6.427785,5.0977755
1257039,5.8187447,1.1720923
1257066,8.985321,5.1959066
1257070,8.736133,5.338152
1257075,5.4626694,4.8433204
1257135,9.71599,9.538677
1257140,8.995909,1.0669276
1257173,9.111131,0.85057575
1257180,8.387843,2.1009967
1257182,7.7729006,3.1994648
1257263,9.402608,5.8563805
1257266,7.866711,6.524894
1257291,8.411822,1.4802065
1257330,8.53809,1.5635184
1257522,6.0144343,0.6193922
1257523,9.585077,7.6433735
1257540,5.957725,0.2820516
1257575,7.582031,8.33842
1257577,5.8053846,7.6442785
1257580,10.067976,7.5152316
1257582,9.644211,8.643699
1257583,5.562954,8.253959
1257585,8.55156,7.820455
1257591,5.645448,8.162428
1257596,10.170609,7.74147
1257598,9.870987,7.312741
1257602,9.258422,9.306342
1257604,7.2146,7.8975945
1257622,10.243206,8.590406
1257623,7.9815035,8.738362
1257625,8.031815,9.452998
1257626,7.951621,9.098098
1257629,8.788121,7.229545
1257631,8.046904,9.048289
1257633,7.39696,7.3248763
1257665,7.1033173,1.1227695
1257719,1.2432523,6.407188
1257762,5.636587,10.28601
1257764,5.4474406,4.8721266
1257790,9.32499,5.175223
1257793,8.116862,5.0470877
1257815,10.036427,7.1563053
1257903,9.756596,8.239034
1257906,5.301352,4.719188
1257910,7.574049,8.329635
1257911,7.1355095,7.795499
1257914,6.186352,10.172867
1257916,7.1476874,8.95062
1257917,9.673035,8.676583
1257921,8.39984,7.937275
1257922,5.6992526,8.439099
1257929,6.1077585,8.00615
1257935,9.309582,8.53565
1257943,9.62655,5.293823
1257947,6.8424973,8.909218
1257955,9.541429,9.245855
1257971,8.048727,8.406397
1257982,9.03006,9.543601
1258030,5.1358438,4.377937
1258032,0.80173343,6.8382792
1258036,6.268423,7.3833675
1258046,3.6601574,6.954964
1258048,3.424394,6.8807144
1258052,7.341318,8.773787
1258055,3.4198465,8.813231
1258056,3.9897006,9.184237
1258066,5.7997117,1.70916
1258067,10.0027275,7.750852
1258069,6.2763634,1.7368525
1258132,6.49331,3.6986597
1258135,4.61515,6.741266
1258137,5.214382,0.5938854
1258164,10.130026,8.442046
1258169,8.739728,9.11581
1258205,5.6075196,6.303598
1258252,10.843106,7.5187554
1258610,9.348134,9.272571
1258645,5.319378,1.0339266
1258647,4.7056394,0.5640851
1258657,9.214825,10.587454
1258659,4.8607836,7.2060356
1258739,7.6556945,3.0681126
1258769,10.263265,8.668869
1258774,8.94381,8.0400305
1258776,9.146261,10.413485
1258777,8.100785,5.088077
1258782,7.025773,8.014206
1258785,8.081068,7.5127106
1258788,8.831652,2.6451545
1258901,3.4614153,6.422784
1258944,4.289531,6.7073746
1258947,3.457229,5.353748
1258961,3.8463166,5.598445
1258963,2.71223,6.467878
1258980,1.6541936,7.010622
1259014,9.005444,2.4009416
1259016,8.987901,8.146122
1259018,7.460602,8.040894
1259021,5.345894,0.7365417
1259022,8.192534,7.9496274
1259024,8.5081215,7.8923497
1259025,10.611058,7.7363596
1259027,5.2515893,9.726707
1259029,9.053891,7.936975
1259030,8.988033,7.4539347
1259061,10.115134,6.5299397
1259062,9.459782,3.679153
1259064,9.983171,5.5357475
1259065,9.877136,5.765254
1259071,10.133669,6.544329
1259108,8.80317,1.9353865
1259115,6.0673213,7.956628
1259160,7.357051,6.7341285
1259169,7.171444,6.92424
1259205,8.636292,0.76192796
1259269,7.6808267,6.355515
1259294,4.189553,2.9504416
1259416,6.556164,1.207231
1259471,6.114329,6.4463034
1259512,7.710946,5.952518
1259514,6.534821,6.1583123
1259515,7.634836,6.4479823
1259517,7.343139,5.9580646
1259518,7.1859593,6.0882635
1259521,2.9393632,3.440736
1259522,7.2025533,6.632971
1259559,7.94261,4.54657
1259641,2.8915696,5.5629454
1259644,3.9261167,5.9126754
1259646,2.3996792,5.800394
1259655,2.516782,8.12381
1259667,2.4215145,5.721464
1259668,1.1865714,5.0978537
1259669,1.0092708,6.8473086
1259688,6.482419,0.08171607
1259690,7.206447,1.5817982
1259705,8.280154,2.3547823
1259711,6.766596,0.86426616
1259731,5.732799,10.275501
1259833,8.685087,0.4328961
1259835,8.750534,0.7942775
1259877,9.171973,8.403402
1259879,9.346732,7.735011
1259880,9.209439,8.372169
1259905,7.823005,3.6181443
1259906,9.919405,6.943115
1259999,9.720758,4.247628
1260004,9.358766,1.3667433
1260010,8.864886,1.2197698
1260012,9.155238,0.76826686
1260016,9.070901,2.3440754
1260023,8.904089,1.1255457
1260026,8.656057,2.0187564
1260044,7.2234797,1.5133731
1260046,6.76375,2.3652058
1260093,1.1584803,6.9287953
1260115,4.2601876,9.481798
1260132,5.8363132,9.744594
1260134,5.560143,10.367869
1260161,10.052653,8.809333
1260162,7.351079,0.18981154
1260169,6.946128,5.4112673
1260173,3.3109527,4.803916
1260184,8.395349,8.477031
1260197,8.720353,8.371226
1260199,8.4531145,8.123239
1260202,8.294168,2.332508
1260203,9.134865,8.553912
1260206,6.2533402,0.69021714
1260277,9.184428,8.74851
1260278,8.508808,7.9939
1260279,9.296936,8.768979
1260287,9.657053,8.5128975
1260296,6.093872,9.636473
1260301,4.1272125,5.262989
1260302,9.810443,8.060602
1260316,6.9158173,8.816788
1260334,8.482496,8.098946
1260355,8.451494,8.213655
1260371,5.90784,7.982405
1260372,6.553289,7.813571
1260379,7.5133224,8.516187
1260380,7.774818,9.411375
1260381,7.415006,9.644052
1260383,6.869608,8.463825
1260386,6.279652,9.027157
1260388,7.550787,8.2061205
1260389,5.3704243,7.5414248
1260528,2.5742724,7.0349116
1260542,4.3402243,6.446468
1260543,4.4821057,6.308618
1260554,1.1400869,7.4759483
1260561,4.027642,6.1720834
1260611,3.1254997,6.9838386
1260622,5.1776385,8.231784
1260624,9.216947,5.50555
1260625,4.2306557,9.418747
1260628,9.381568,9.390876
1260630,9.806403,4.981639
1260633,9.813246,4.537805
1260635,9.852604,4.6748166
1260645,8.051436,5.749376
1260652,9.2060585,0.8702093
1260658,9.598719,8.593658
1260696,2.0892842,4.3652506
1260715,1.560859,6.9310417
1260720,2.548885,6.8983464
1260728,1.1777298,6.890206
1260731,1.8365512,7.1135306
1260740,8.874651,10.240788
1260819,10.41712,7.9550343
1260828,11.0169325,7.58692
1260829,10.265509,8.766154
1260830,10.211672,8.816387
1260832,9.825126,6.38186
1260835,10.446316,7.6556773
1260843,9.110523,7.9294267
1260846,10.156373,8.935341
1260913,3.3313646,4.6493025
1261003,10.962681,7.5891533
1261094,1.4529741,6.748439
1261177,5.5341067,10.2163105
1261205,8.0992365,8.3558855
1261206,5.812568,1.497182
1261207,7.1133294,9.649738
1261211,7.4238176,8.301969
1261212,6.4046593,8.447072
1261217,4.626648,4.481528
1261235,3.9914567,6.2158456
1261305,8.031353,3.3297665
1261458,5.3815646,4.751984
1261482,4.066647,4.463557
1261494,8.336536,9.637341
1261504,7.4438148,0.18586217
1261505,8.031423,8.767639
1261517,6.8599586,7.8454103
1261526,9.719958,4.9808207
1261536,7.532169,8.17586
1261538,10.314119,8.120508
1261540,9.7112255,8.577285
1261543,9.920885,8.822498
1261544,9.168099,10.343322
1261545,10.053383,8.973672
1261548,2.8501523,8.492521
1261551,2.4595459,7.2622404
1261691,8.031121,5.4750996
1261717,4.813031,5.643406
1261740,5.8269734,7.6337047
1261744,4.822893,6.525651
1261745,5.7367506,8.331566
1261747,8.957788,8.545944
1261748,3.9580913,5.6366796
1261752,5.5766816,10.412489
1261753,4.3539376,9.459214
1261754,8.9214945,7.656032
1261758,9.315174,7.1290226
1261759,3.9071343,9.346284
1261762,4.2467136,9.477412
1261766,5.468685,7.6807523
1261767,9.911193,7.7187147
1261768,6.814552,8.870895
1261772,6.163779,10.148178
1261837,6.928728,8.4902725
1261872,4.894565,4.4395247
1261882,5.2774997,3.626184
1261928,5.7199764,0.8740381
1261994,9.27408,1.393344
1261996,9.188279,8.102993
1262023,5.766148,8.1428795
1262212,9.273011,2.073223
1262233,8.203828,3.322232
1262397,9.568753,9.819842
1262422,9.200401,1.216476
1262427,8.379727,5.344429
1262483,8.845706,1.5164939
1262486,9.079491,2.2916226
1262492,6.2003217,0.44738042
1262499,8.121306,0.6830177
1262569,9.221264,9.972436
1262599,8.953081,1.4128639
1262603,8.855573,2.11862
1262625,8.765431,2.1439984
1262652,9.298719,9.220322
1262653,8.712348,7.8079405
1262656,8.716203,7.304902
1262662,8.523745,6.579914
1262716,9.083622,0.9285694
1262730,6.6874084,0.949255
1262800,6.1960244,1.3540378
1262808,6.816299,0.60394883
1262816,6.8487463,3.5299985
1262920,6.065557,1.5076929
1263026,3.5560982,4.978903
1263034,8.870187,10.216787
1263052,9.093625,8.366859
1263056,8.2653475,7.9000354
1263059,8.420997,8.06396
1263061,8.51035,8.238914
1263063,5.9430647,10.211697
1263065,2.9257798,8.085508
1263070,4.4995875,8.101305
1263071,8.998355,8.945864
1263179,8.09188,5.0693913
1263214,8.490082,4.7514124
1263219,4.453875,2.3555496
1263261,0.65122044,7.675057
1263302,9.451263,5.658525
1263363,4.685742,9.413351
1263369,8.938557,2.2285697
1263383,8.068651,1.5673523
1263392,2.128178,5.942051
1263634,6.0585623,7.9795003
1263640,5.5929427,9.911675
1263641,5.012319,6.81771
1263642,5.847006,7.7581744
1263652,3.6845827,7.0515037
1263693,8.63238,2.1869447
1263740,9.072491,10.460325
1263764,9.089017,2.6832514
1263856,3.1699636,5.4760075
1263914,0.8081515,6.233583
1263922,1.6185904,5.8729615
1263992,1.9195086,7.1874847
1264000,4.049798,5.071747
1264001,0.7713239,7.1985006
1264034,9.895884,7.258191
1264085,6.6068506,1.095911
1264097,9.845706,7.564539
1264099,9.656663,8.069013
1264102,7.8558116,0.46370143
1264107,9.337542,9.348477
1264108,7.06103,7.8579493
1264109,6.525327,8.793398
1264111,8.8201885,8.80184
1264117,7.752374,8.376197
1264118,4.296258,9.502356
1264121,5.482427,4.880947
1264123,7.688604,8.807242
1264125,7.868036,6.7264094
1264126,9.628731,5.055859
1264127,9.749834,9.367214
1264130,5.796306,10.11851
1264157,4.894463,4.479303
1264158,9.219935,1.6051747
1264175,8.664847,2.1772082
1264188,2.1510258,3.7355394
1264194,10.712554,8.783826
1264223,8.084442,9.473764
1264255,8.916907,10.217426
1264257,10.735205,7.781846
1264333,9.735891,5.3959203
1264399,8.619615,1.2966089
1264410,5.938746,3.2761497
1264437,3.1724792,4.0579047
1264522,8.8151865,2.234265
1264561,8.949366,4.7000527
1264581,2.6242197,8.346103
1264592,2.8999882,7.0756702
1264638,9.126134,2.4511256
1264639,6.8094873,8.995265
1264692,9.863464,8.239464
1264732,1.7754912,6.921745
1264824,6.393382,8.1869
1264825,8.732128,5.4984956
1264826,8.425025,6.5835795
1264827,9.643727,4.656326
1264828,9.053456,6.1637974
1264829,8.305571,4.728505
1264830,7.5854244,6.7356963
1264831,8.11557,5.373132
1264832,8.00409,5.44298
1264833,8.062207,5.922265
1264918,8.752265,4.5838366
1265016,1.3441491,7.131306
1265023,1.8521487,7.140873
1265053,3.321406,5.316248
1265120,7.6731415,6.5648274
1265305,6.3472323,6.5671287
1265310,5.297318,6.8750796
1265312,7.649529,6.61435
1265332,3.5622838,5.85912
1265357,7.1207247,8.222899
1265363,5.228681,7.8669243
1265375,8.183803,5.105909
1265410,4.2179384,5.627619
1265413,4.4139566,5.030839
1265428,5.438307,7.798093
1265500,8.072205,7.4505234
1265504,4.8343115,4.678721
1265535,9.587575,5.3299565
1265536,9.405256,5.595807
1265538,9.81634,5.582952
1265539,9.849172,7.0850844
1265540,8.674736,6.1696815
1265541,3.6039574,3.6373546
1265544,5.675849,7.493481
1265545,7.0368843,9.114428
1265547,10.210623,7.454289
1265548,8.170201,8.303948
1265552,9.417416,8.447963
1265553,7.5541873,8.582269
1265554,8.508775,8.358155
1265555,9.915476,8.444442
1265557,8.82094,7.9705276
1265561,4.518182,7.9312706
1265563,6.2744884,8.616464
1265569,7.5204005,9.196899
1265573,9.402542,9.474177
1265576,5.6570625,8.449415
1265582,0.65622497,5.7900376
1265599,2.4721003,7.1875234
1265690,10.801149,7.8483167
1265693,7.979853,8.354404
1265762,4.616102,7.5321603
1265824,8.182489,6.4686456
1265826,6.0134697,8.974393
1265849,5.92114,9.594695
1265853,7.4783216,6.867996
1265923,8.3012905,6.435965
1265972,8.063668,6.320726
1266005,4.2874055,9.490244
1266032,5.518792,1.4399841
1266073,1.9564886,5.664779
1266110,1.7373202,7.179417
1266112,1.7410436,7.1939335
1266131,5.987121,9.430921
1266137,4.7987375,2.9583123
1266167,8.629128,0.73482496
1266324,4.046925,2.335373
1266363,8.037563,9.248375
1266423,5.302839,3.9228477
1266476,8.080264,9.408659
1266482,4.7971764,1.2620916
1266486,4.988809,7.3443546
1266502,8.814231,0.79237956
1266579,7.0562553,0.9246375
1266609,5.8148756,7.9159994
1266610,8.967356,5.011704
1266612,7.871525,3.2903907
1266613,4.981759,6.8668947
1266638,8.102682,2.0238473
1266661,0.5595392,6.404853
1266678,0.36578694,6.8039846
1266879,5.5611725,10.268761
1266882,5.983186,10.093423
1266918,5.064464,1.6972034
1266932,8.517623,4.773785
1266951,4.58807,3.2331913
1266984,9.227136,10.191169
1266993,5.3497915,6.465127
1267076,6.537174,1.9324217
1267095,5.8328705,7.7249293
1267100,5.820247,7.858052
1267110,4.29317,9.474676
1267187,2.856902,4.577545
1267276,1.1814659,5.882242
1267279,9.336024,1.4844024
1267283,5.9876027,0.19478387
1267312,7.932063,5.339078
1267328,9.93769,7.5996537
1267329,4.2574573,5.70088
1267330,10.819023,7.4595547
1267342,9.849725,9.166198
1267349,8.724358,8.492713
1267352,5.3921366,10.112006
1267360,7.401998,9.269986
1267393,2.6478338,6.7142115
1267402,9.976624,7.469681
1267405,10.174919,8.215352
1267409,9.33767,1.5205328
1267568,9.263347,1.9879929
1267580,6.0409603,1.5112476
1267587,8.711653,8.8636
1267592,9.506241,7.509083
1267610,7.967711,4.88385
1267636,9.079478,7.4274044
1267652,2.7419906,8.32023
1267786,5.5497894,1.4447448
1267791,6.0710697,2.2854028
1267803,8.351849,2.0031204
1267907,7.4587684,0.23108579
1267916,8.799934,10.174947
1267918,5.4550567,4.83063
1267920,5.830479,10.23836
1267934,2.387818,7.093691
1267986,9.559673,8.305506
1268156,6.27413,1.200766
1268157,7.75716,3.4018378
1268159,9.960111,7.223283
1268195,4.155091,5.941514
1268204,9.027,9.559766
1268286,7.676255,5.8905835
1268288,8.128082,5.2630925
1268289,5.6515827,10.351793
1268295,7.1142116,6.088886
1268402,9.018431,4.8923264
1268404,2.2868922,6.007518
1268405,1.6595756,6.794346
1268407,3.222676,4.4880056
1268408,2.5712001,8.324538
1268409,2.716148,5.6412296
1268410,5.844318,5.857254
1268411,4.2337365,6.195671
1268412,3.241977,5.3450384
1268415,2.1645088,3.774753
1268416,3.4871686,5.5137815
1268419,3.6484573,6.1571913
1268420,5.9991484,6.012732
1268421,6.31989,5.909283
1268427,6.02466,7.8340364
1268453,2.4875176,3.6976557
1268455,0.6822457,5.7903266
1268675,2.8571243,4.495454
1268780,7.9592533,5.4834366
1269000,7.2147207,8.815483
1269009,8.215734,6.539061
1269011,6.5266743,7.7949314
1269012,5.5735526,7.4010477
1269013,8.396075,5.9630833
1269015,7.7335777,6.466927
1269016,7.646411,6.462696
1269019,6.455217,9.617013
1269028,4.5965023,0.6956173
1269081,10.09765,8.941037
1269094,10.324786,8.768766
1269095,8.626587,10.778848
1269106,4.846101,9.451569
1269158,3.1993484,4.8104415
1269170,6.336895,9.427731
1269190,7.429287,8.057787
1269191,9.819433,7.119653
1269197,4.925794,9.428078
1269199,6.687427,9.595402
1269275,5.5891385,10.374764
1269277,8.152258,6.2396135
1269284,8.08437,6.5731673
1269285,6.815598,9.430169
1269292,7.4704213,6.7093377
1269295,8.043636,6.4823213
1269304,8.682697,8.876477
1269308,7.950581,5.538743
1269327,8.665975,6.3957267
1269370,8.206427,6.5438175
1269763,4.6060853,0.62802577
1269767,10.236938,8.756045
1269777,10.919209,7.522415
1269784,4.9733706,0.89912724
1269811,6.869815,9.469107
1269829,10.259231,8.652131
1269831,3.7410672,3.9269767
1269841,4.176245,5.879917
1269858,5.4431796,4.8480115
1269875,2.297201,5.89794
1269894,5.494474,4.913174
1269910,6.530848,7.65631
1269958,8.554018,8.047831
1269979,5.840443,10.31897
1270001,6.015351,9.949909
1270031,2.3288152,5.5860167
1270059,4.524076,6.5546036
1270074,7.27514,7.5711045
1270372,9.179959,8.630983
1270431,8.546122,6.5944247
1270472,2.1896725,7.2327027
1270519,2.708091,7.9549665
1270538,7.395692,6.0684023
1270553,5.4785633,4.8762693
1270556,5.443242,4.848564
1270636,9.056145,10.411757
1270744,6.3556705,9.470586
1271139,4.678359,0.72577196
1271140,9.751622,4.683543
1271290,0.7592955,7.5862737
1271389,3.4498036,4.8315005
1271636,10.068584,7.5118256
1271659,8.359506,9.279654
1271663,9.105727,10.409426
1271667,7.638039,7.886245
1271668,7.86281,8.831175
1271719,4.431655,7.7482343
1271794,8.878499,4.227716
1271795,4.6458607,8.049148
1271805,4.3823986,9.506092
1271941,2.1825202,3.7286289
1272388,0.6420626,5.845734
1272418,9.302411,5.3521643
1272472,3.2733212,6.1337028
1272474,10.2935,8.707139
1272481,5.565077,7.992961
1272483,8.684141,5.952959
1272485,6.9067526,9.00713
1272493,5.607895,10.340971
1272516,5.3475966,4.7783093
1272519,8.65719,8.673304
1272522,4.9723144,9.409019
1272621,5.2044234,3.1844287
1272730,9.504251,5.308008
1272855,5.4819317,4.893154
1273034,9.875804,8.683374
1273198,8.824085,2.4136994
1273333,7.5842834,5.6792736
1273354,7.077157,6.4103417
1273356,7.709196,6.3627257
1273366,9.009046,8.376068
1273367,2.6138012,7.907472
1273368,9.083739,8.192469
1273373,7.626843,6.0804977
1273467,4.7872915,9.813804
1273468,4.3725944,9.4417
1273582,7.73512,2.1519103
1273592,8.101508,3.176315
1273662,6.9245715,8.805174
1273689,9.235557,8.123962
1273841,9.761366,8.941142
1273845,5.108592,8.108971
1273853,10.044408,7.8087506
1273891,4.2542787,9.5202875
1273914,5.2658606,4.717269
1274029,4.3721256,9.4489
1274071,5.016197,7.9492297
1274179,4.133303,3.2990534
1274255,8.582012,10.3337755
1274258,4.4040885,9.49302
1274260,4.145513,9.332474
1274261,4.3147492,9.475107
1274370,4.662351,1.282802
1274520,4.446742,9.431683
1274527,6.171678,9.279021
1274528,6.5874224,7.884114
1274529,8.759684,8.285091
1274597,10.197663,8.6634245
1274692,5.1066356,0.7014374
1274872,8.497709,2.0137985
1274920,0.65647143,5.806342
1275018,5.3742194,5.779493
1275121,9.387634,4.85902
1275125,10.661656,6.669959
1275127,9.818133,4.79986
1275150,1.2007979,7.2404027
1275189,9.979459,7.9856267
1275190,10.385978,7.9121485
1275191,10.006666,8.872243
1275243,3.032381,6.498846
1275429,4.467763,0.58947957
1275538,6.1060762,8.643679
1275549,9.108273,1.8485659
1275581,5.19947,8.189648
1275590,3.6306531,5.7569046
1275640,9.167378,1.4906297
1275641,5.5352125,10.454108
1275646,6.1555266,8.199833
1275647,5.9836345,9.1252165
1275651,5.465531,4.8599606
1275748,0.9940657,6.981704
1275845,1.2867606,6.4193244
1275971,8.914358,8.171344
1276127,5.710956,10.30717
1276128,7.9441147,9.338989
1276190,10.174727,8.284823
1276198,9.282851,10.306787
1276330,2.7871983,6.9954195
1276394,9.350651,10.363889
1276396,9.221896,10.181827
1276576,10.486361,7.6356106
1276616,7.568348,3.4747522
1276617,1.5762174,7.244629
1276947,7.553978,1.3349694
1277025,5.234756,1.8603697
1277072,0.7112652,6.0218353
1277114,5.430312,5.6572247
1277133,9.031025,3.8236177
1277375,9.297192,7.6645355
1277407,6.1337733,8.334706
1277552,6.2635775,10.193691
1277581,5.936792,3.2733378
1277672,7.770373,2.4168737
1277885,7.585526,6.038397
1277886,7.20565,6.2515297
1277887,7.665313,5.524738
1277888,8.950279,6.0354877
1277889,7.598712,5.815788
1277986,5.444132,7.277201
1277996,3.4083772,5.8424544
1278092,3.5191832,5.88398
1278098,2.4229698,6.790532
1278130,9.050713,7.9878607
1278140,7.905055,9.3959055
1278171,9.259212,10.58671
1278204,0.674211,5.7734194
1278263,3.7362263,5.5164943
1278372,8.89557,2.225455
1278417,9.308391,3.3464668
1278467,2.1414068,7.482417
1278520,6.8682747,3.4805646
1278526,1.2154193,4.8810196
1278741,7.9644437,9.343171
1278742,8.544835,6.9838715
1278753,7.713276,5.6678753
1278768,9.664898,7.210924
1278771,4.4061394,7.6103034
1278894,0.9192616,6.615175
1278922,7.4396076,8.228794
1278959,5.215176,1.3756098
1278974,8.629723,2.13961
1279008,2.1907089,5.8641844
1279025,1.2622259,7.0405264
1279102,8.781486,7.4192095
1279269,4.864057,7.125468
1279739,7.89274,5.707568
1279790,7.8329782,0.66078776
1279825,5.2097855,3.1490524
1279918,9.809688,5.034454
1280265,8.914277,1.8206608
1280267,9.703206,4.18514
1280301,10.7988,7.3453164
1280302,10.960532,7.663325
1280336,7.5243096,3.1085498
1280388,2.3138845,5.603131
1280527,6.920546,1.2017447
1280625,4.4132776,9.476797
1280648,0.79932904,7.339697
1280744,0.6585093,5.7776294
1280833,0.73330516,5.9007297
1280864,6.1391377,7.509607
1280878,6.827296,7.99411
1280895,6.371094,7.5418797
1281043,3.3341477,4.0231147
1281138,8.134527,8.895546
1281155,5.097965,9.263143
1281169,6.095984,10.07177
1281203,8.014805,9.415919
1281280,6.9127784,0.9562683
1281425,8.656413,4.2156963
1281470,7.8548474,9.41476
1281516,8.584587,1.5017145
1281891,4.8932176,1.2375188
1281992,9.497337,8.848538
1282013,8.237393,9.277453
1282018,9.767271,8.010208
1282061,8.908486,7.155725
1282119,1.4893035,7.186627
1282129,7.809083,2.2073205
1282131,7.901022,2.3858373
1282132,7.766144,3.176834
1282232,2.101821,7.3097773
1282323,9.351019,9.3806925
1282351,8.053753,1.5616313
1282365,9.264311,1.3719448
1282448,7.644321,2.0681424
1282464,10.652489,6.705691
1282501,7.567241,2.9723656
1282592,5.799853,0.66868275
1282652,10.962879,7.5746207
1282655,6.0071154,9.410019
1282662,8.032554,5.6958575
1282663,9.383943,6.134082
1282665,7.2139254,9.167926
1283103,1.6672089,7.185853
1283108,6.040359,7.5796795
1283137,1.740634,6.6873965
1283149,1.5174879,7.584682
1283160,8.58164,7.606338
1283181,9.320161,5.412757
1283183,5.187847,8.093446
1283201,9.249345,7.752478
1283230,7.2631316,6.880886
1283281,10.185504,8.168938
1283303,3.6326487,5.692686
1283309,3.4054213,5.6100583
1283315,3.3008957,5.485844
1283349,10.656646,6.827949
1283357,9.406085,3.7007973
1283360,9.40336,5.228021
1283366,5.839962,9.752396
1283397,5.4980407,4.9064107
1283412,4.2616343,7.366285
1283568,6.56015,8.8731785
1283572,3.4762702,5.5862293
1283581,10.106672,8.398456
1283586,3.6272519,5.9579716
1283600,6.2751346,8.428153
1283633,9.2547865,7.2193675
1283641,7.218538,9.625748
1283642,7.9231377,9.413919
1283643,6.7267795,9.120042
1283644,7.103145,9.639904
1283671,10.023329,7.89605
1283753,8.104211,7.5607824
1283761,3.3859527,8.488641
1283767,7.237915,9.178529
1283768,8.26548,9.140517
1283773,7.722007,6.061925
1283776,6.905899,8.983548
1283877,4.252078,9.454332
1283898,3.2486048,5.5500827
1283983,0.75468606,7.5754957
1284177,6.5886226,10.062134
1284250,6.189698,9.92756
1284313,8.886636,2.4205937
1284414,3.27985,5.8870573
1284490,2.2859774,7.8939695
1284507,9.7168665,6.0118604
1284581,10.2242775,8.761985
1284725,4.7434683,8.403135
1284727,4.856439,1.8155893
1284735,10.212281,8.565644
1284778,9.028785,10.573364
1284807,9.12123,8.635446
1284884,4.401544,9.4495
1284902,9.218519,1.4081336
1284931,4.2646594,7.2369924
1284941,9.959477,8.908797
1284948,9.278948,4.377529
1284952,10.071352,6.997767
1284953,10.330237,7.64483
1285284,9.20267,10.217955
1285323,7.9197426,5.363698
1285430,7.3310556,8.591369
1285432,6.696457,9.190548
1285440,9.150718,10.235931
1285441,7.1682262,8.720995
1285512,8.489444,1.2820069
1285520,5.0233865,7.777597
1285571,8.088859,1.4562497
1285702,4.317134,6.301466
1285947,10.865393,7.708319
1285950,7.6029043,9.079883
1285952,8.959248,8.755584
1285953,8.315134,7.0472956
1285956,9.723042,9.048293
1285973,10.218732,8.572846
1286041,0.77202994,5.765972
1286102,5.4099298,0.7223973
1286106,5.5535445,5.047524
1286111,5.353441,0.73285604
1286190,8.478751,6.1072383
1286195,5.118217,8.169853
1286198,4.260878,9.464732
1286199,11.008011,7.6089034
1286205,4.2449846,9.447507
1286209,5.412737,4.7848406
1286345,1.0608152,7.011215
1286376,4.22321,9.446301
1286669,8.469665,7.901145
1286797,5.2707996,6.7528067
1286831,8.581813,6.9744663
1287060,1.4607893,6.6266932
1287064,1.0189528,6.709916
1287070,1.6887392,6.768146
1287147,8.285998,3.1365795
1287156,8.657827,3.2496328
1287246,7.8175282,9.391404
1287249,6.6377277,7.7437263
1287250,9.613024,8.317973
1287264,2.8578112,4.683476
1287456,4.228816,5.1546965
1287602,3.1961308,6.32901
1287604,3.2667234,6.2936215
1287704,6.115117,8.0516615
1287705,6.0268273,9.915229
1287710,4.869121,4.440256
1287751,5.019076,6.919837
1287758,6.477532,6.26559
1287769,10.937997,7.631338
1287771,8.520536,6.6673083
1287912,1.9932623,5.8922606
1287966,2.1809099,7.885726
1287969,9.542351,3.8390937
1287974,5.1884894,3.5749047
1287976,5.173943,9.521622
1287977,8.451607,2.0772858
1287985,4.721945,9.53541
1287986,9.302858,9.511396
1288046,3.0369284,4.9304166
1288060,9.468077,5.5458136
1288093,7.7946544,6.6273084
1288250,5.5176105,6.141921
1288336,6.2757945,8.418276
1288338,8.671987,5.7871065
1288398,6.4553123,8.140315
1288423,9.561956,4.9547286
1288428,7.594311,1.776647
1288466,1.5631379,6.840472
1288537,3.8958993,5.1762443
1288624,5.461275,2.897707
1288645,7.4776535,9.164993
1288646,7.556207,9.152723
1288647,5.904635,7.72524
1288654,8.003312,8.892687
1288684,5.777443,8.015751
1288690,10.747919,7.7950077
1288700,10.598627,6.7586093
1288705,10.75746,7.47757
1288706,10.170707,7.2244
1288707,8.396153,7.343262
1288712,8.5514965,0.56690276
1288743,6.267622,4.994306
1288778,10.134589,8.465412
1288779,9.391908,5.758715
1289030,1.4629451,4.2294474
1289037,5.468807,7.3588886
1289095,8.188482,3.6298342
1289108,5.6567893,10.333542
1289128,1.8542092,7.37223
1289129,0.8667014,7.371986
1289130,2.6174378,8.1343975
1289131,1.2631141,6.5608706
1289132,1.385185,6.381141
1289146,0.49675745,6.6328325
1289159,4.2915373,9.479396
1289161,5.6303654,10.3210335
1289174,5.623511,10.35217
1289239,8.1129265,7.776159
1289241,5.9225664,10.184538
1289242,4.260619,9.489407
1289243,4.416564,9.418561
1289296,5.48922,4.8328524
1289300,5.381993,4.7881646
1289410,7.137306,2.0835183
1289472,8.314654,5.125284
1289554,9.261433,10.59809
1289836,4.4841037,9.356833
1289844,7.5248103,6.087981
1289856,9.2679205,8.094947
1289989,9.414567,1.5466055
1290127,10.183103,8.555437
1290128,9.284693,8.180124
1290149,5.5965724,10.311541
1290221,2.1290505,6.3838396
1290222,3.27531,5.434696
1290259,0.7548962,5.9987454
1290265,9.111916,8.269045
1290266,8.700837,8.760073
1290273,8.667674,7.3586273
1290274,8.886859,7.130855
1290275,8.95045,7.090224
1290276,7.1789784,3.9165254
1290395,3.4324958,5.3628
1290610,0.6923058,7.5935326
1290644,7.1193566,3.1893206
1290676,2.8532832,4.4752107
1290762,7.7365193,9.070252
1290997,4.3187213,6.712435
1291022,2.9743276,4.7320914
1291107,3.836782,5.596342
1291177,7.087541,3.492343
1291184,2.6749356,3.6325247
1291194,9.443444,9.444562
1291204,8.600454,4.2412143
1291280,9.381128,7.9036417
1291316,10.311823,8.668269
1291338,6.307951,9.815962
1291346,4.5674434,6.409451
1291349,10.365951,8.714798
1291424,8.186485,9.052709
1291427,6.0286846,8.431752
1291752,10.822075,7.8486347
1291761,5.799837,10.201749
1291812,10.602624,6.6870236
1291814,8.667758,10.731164
1291836,9.176173,7.338417
1291841,5.9645452,9.517842
1291843,8.212194,7.967724
1291855,8.534901,7.399176
1291856,4.854764,0.8092927
1291870,4.6459637,4.91807
1291935,5.71581,8.311061
1291938,8.221907,6.5206776
1291939,10.442198,8.031425
1292060,7.528608,6.7013826
1292211,3.2848651,3.9984462
1292275,3.559265,2.9167826
1292302,5.7694745,8.2234335
1292306,8.250101,8.051363
1292337,4.6519184,8.355478
1292410,0.7644533,6.600141
1292453,9.000881,10.522657
1292461,5.100265,9.295055
1292619,5.130293,3.2827003
1292684,7.917715,3.3646197
1292714,9.246852,10.627801
1292724,7.900949,9.557827
1292757,8.649516,4.258032
1292822,3.6328404,3.7256434
1292823,10.09854,8.41658
1292825,5.733757,7.917818
1292827,8.943338,8.739753
1292875,7.564224,2.3046782
1292883,7.3209424,3.4641538
1292904,5.3777275,0.5797063
1293071,2.114164,4.806183
1293188,0.7932452,6.466634
1293190,1.0962883,6.3665833
1293227,4.5155077,4.978238
1293291,1.6733612,7.182439
1293293,1.4632542,6.5412307
1293468,0.77005684,6.136576
1293496,1.1296866,6.6398683
1293499,4.271564,9.010942
1293551,6.2251773,6.016684
1293648,7.8443894,5.4327774
1293650,7.0426664,6.7561803
1293811,3.9427507,6.6471105
1293902,9.854547,9.083825
1293970,7.3550854,8.056438
1293981,2.8236418,8.162914
1294081,1.2891991,6.5490294
1294098,9.191061,10.285033
1294168,1.6925759,6.197996
1294215,9.161296,4.8584256
1294226,7.639115,8.206901
1294229,9.801126,4.7709084
1294238,7.4465647,7.89919
1294247,9.382498,9.255219
1294263,5.5033703,4.895947
1294289,7.187884,9.637504
1294293,6.4518614,8.241871
1294310,6.554234,9.13434
1294312,8.694067,10.843413
1294323,5.401459,7.6103497
1294358,0.4720395,6.866108
1294371,7.5755105,6.672231
1294373,9.243769,9.837319
1294447,8.358301,10.286784
1294567,9.610155,7.461394
1294568,9.786262,8.062842
1294610,4.710572,9.3838005
1294612,10.438699,7.9134135
1294614,10.952529,7.3254647
1294615,10.6867695,6.735536
1294622,1.7996863,7.218817
1294625,4.2909713,7.1928554
1294863,2.6794076,6.9064527
1294884,4.4998636,0.7652321
1294886,3.3528268,3.6851807
1294896,8.049189,3.7753847
1294917,7.943837,5.8580947
1294926,8.580829,7.197773
1294983,8.707085,8.872792
1294994,3.3379052,5.668138
1295038,9.180025,10.183849
1295047,9.164189,10.179497
1295074,9.002767,8.697143
1295128,5.707505,8.347969
1295131,3.4091673,4.6159906
1295153,9.322048,0.93414426
1295277,7.352483,3.500955
1295409,7.544135,3.413294
1295422,8.659037,6.511938
1295425,7.6743884,6.1763763
1295426,7.3101254,6.0241094
1295433,2.7963564,4.6077952
1295472,7.011817,7.875004
1295597,5.7102003,8.237465
1295643,4.330586,9.475577
1295702,8.020155,0.6791689
1295733,9.485962,3.971732
1295739,7.521476,2.0325603
1295749,10.31854,7.324781
1295750,7.5551906,1.7012517
1295751,7.802834,1.4131757
1295762,2.1410468,5.6804523
1295764,0.63695323,6.6511006
1295767,2.1501257,5.790433
1295779,2.2105796,5.754078
1295780,5.6109905,6.1972685
1295829,3.5111928,5.5950265
1295842,5.1345162,7.8676524
1295868,4.1585517,9.36373
1295880,8.517961,10.623586
1295885,3.1991227,5.570047
1295887,6.244597,9.993929
1295889,8.431534,8.250906
1295891,9.805882,7.6090126
1295895,10.416516,8.579029
1295907,5.780243,8.193166
1295912,8.813368,8.111843
1295922,7.497117,9.200436
1295924,7.7262883,6.2485676
1295933,7.187801,6.9901667
1295934,6.911489,8.964178
1295991,8.143489,3.5680392
1296039,5.5020185,4.8866267
1296041,8.852718,8.147038
1296044,7.375197,7.8883066
1296048,5.380252,7.5298963
1296056,6.3694468,6.209481
1296058,3.8846197,7.1272097
1296060,7.2364273,7.9310966
1296062,4.1592503,5.836594
1296129,0.6724998,6.0527525
1296178,7.629613,1.0207665
1296485,5.9965887,0.5607318
1296527,10.38305,7.626049
1296532,3.9425788,6.646156
1296537,10.136296,7.5003657
1296568,2.9822,3.0202172
1296569,8.842865,1.4860989
1296704,8.32298,9.549285
1296706,10.793766,7.790198
1296712,6.027321,0.5537655
1296729,8.070395,3.5376408
1296790,6.6726317,9.005259
1296923,2.590249,7.970381
1296960,2.8491237,4.728108
1297008,8.926619,2.4862084
1297067,7.0104713,6.0298624
1297120,7.3916707,3.4674141
1297133,7.3361917,3.4929833
1297151,5.6884723,0.6836201
1297155,5.966299,0.21420355
1297168,8.722201,8.603223
1297174,9.156939,7.199057
1297180,4.9629602,7.159214
1297278,8.688215,4.2681813
1297329,3.060792,6.9850707
1297368,7.2264967,0.23131783
1297376,10.228297,7.43512
1297396,6.2377267,1.2987133
1297407,6.57386,1.6473141
1297503,5.5447154,10.28832
1297564,5.6958756,8.319302
1297574,8.084523,5.861251
1297580,9.618965,7.2988844
1297581,9.323241,9.226089
1297587,8.802636,10.208375
1297589,5.8159337,6.1198187
1297599,5.68663,9.691205
1297677,6.45471,8.634386
1297682,9.794946,7.578814
1297686,6.045725,9.400207
1297697,4.2628956,9.430825
1297779,5.4550433,4.8434114
1297823,2.5800338,5.622716
1297840,3.5991638,5.5638638
1297869,3.5580177,5.5947375
1297872,6.9208164,8.15651
1297884,5.419417,7.721728
1297885,5.925795,9.222158
1297894,4.798112,6.9068017
1297895,8.955014,8.463504
1297896,6.01622,8.031856
1297897,4.9220777,6.719304
1297911,1.6954489,7.399797
1298023,5.2032814,4.7540455
1298043,9.393889,9.440033
1298049,3.8236914,6.6483545
1298084,6.785987,3.5382295
1298167,8.687762,10.813849
1298211,5.138059,8.096156
1298236,6.3735504,7.433659
1298367,8.880783,4.693473
1298483,2.7454357,4.908717
1298484,8.800164,10.29688
1298487,8.068308,4.961478
1298490,8.873453,10.657511
1298505,10.929217,7.6685195
1298507,9.031821,7.855412
1298512,9.338417,1.411037
1298522,1.1730378,5.783364
1298530,4.124543,2.7350104
1298551,8.657807,4.3093815
1298639,4.089466,9.293046
1298640,4.261074,9.474034
1298641,7.9725847,5.3913813
1298642,2.7705042,8.469282
1298643,2.8922253,8.565133
1298798,6.3157334,7.3945227
1298868,7.1014366,1.0183812
1298973,5.7504187,8.308326
1298982,2.6102023,5.687262
1298985,2.0185707,5.8558283
1298986,3.3664668,5.4468436
1299124,9.050332,4.7640643
1299130,9.896852,6.8680906
1299131,9.479903,7.4569535
1299146,3.5193036,6.1579165
1299152,2.28904,5.685924
1299219,7.10327,3.1820776
1299220,3.2709234,5.6542897
1299252,4.443684,7.761612
1299303,7.89681,5.92663
1299305,6.2465467,6.245054
1299327,8.589251,10.696786
1299329,8.583318,10.712918
1299331,8.698258,10.751262
1299333,8.538002,10.692395
1299426,2.82402,7.607883
1299471,8.837546,2.3434072
1299640,4.6614203,4.571734
1299745,9.672473,5.678327
1299791,4.6025004,7.944151
1299792,9.247535,10.584727
1299793,3.1590474,5.549766
1299794,6.1556735,8.569649
1299798,7.2334075,0.11832762
1299938,8.009329,5.5063477
1300025,9.681904,7.309719
1300037,7.104,6.505411
1300039,9.753349,8.188477
1300043,7.5248346,7.8678946
1300049,6.562384,8.742174
1300051,9.187548,8.217864
1300057,5.2939143,10.374528
1300112,5.2217736,3.2459333
1300319,8.96921,8.352196
1300321,8.492877,7.266568
1300322,8.106397,9.327896
1300474,5.382862,7.788354
1300478,5.9349566,8.501468
1300546,9.4060755,7.185495
1300574,9.329579,8.713678
1300576,9.737529,7.749654
1300577,8.532105,7.6061664
1300579,10.779928,7.664819
1300583,5.3068814,4.6536927
1300584,6.075272,0.3658901
1300597,3.897467,5.1014376
1300607,8.544477,10.622043
1300616,4.4639144,7.5873833
1300617,7.910951,8.661401
1300618,5.623947,10.104202
1300626,4.598768,7.705523
1300628,7.986098,9.004717
1300632,4.9988933,8.151364
1300633,4.575888,7.682638
1300646,7.9522276,9.019151
1300649,4.945612,6.577833
1300660,3.2351165,5.3462577
1300772,3.1377938,7.3689747
1300776,2.6535578,8.431257
1300782,6.33953,7.38602
1300850,9.224341,5.576431
1300892,7.686418,7.714527
1301040,8.649913,4.2647915
1301131,8.890362,0.77258366
1301134,8.760249,8.704772
1301175,6.319254,8.971874
1301207,4.907096,9.415534
1301209,4.4991345,9.482843
1301216,8.873139,7.387264
1301220,6.177955,9.685213
1301247,8.660329,4.2957344
1301302,7.3199916,3.4912615
1301374,4.8930006,7.960822
1301418,10.742491,7.535594
1301419,9.018103,4.9478607
1301462,5.6323466,1.4175186
1301472,4.436977,5.049779
1301496,5.329116,7.6160297
1301505,10.851919,7.76548
1301506,8.6256275,0.5132684
1301508,7.198239,7.4874163
1301509,9.547386,7.9577355
1301512,8.58558,6.613033
1301513,10.682512,7.52651
1301514,10.8966875,7.4286704
1301528,9.929031,5.551643
1301875,5.1552825,4.658599
1302021,7.995541,6.2118025
1302097,5.1745453,6.8327236
1302150,6.9951296,7.2606688
1302173,5.8407683,0.5564167
1302189,7.578172,2.6525002
1302317,6.928389,6.8960834
1302320,1.4138304,4.3816347
1302322,8.179268,9.806809
1302329,9.470034,8.734928
1302330,9.129064,6.622393
1302355,8.737281,7.823148
1302356,5.943832,7.9634566
1302372,9.262395,1.5817362
1302378,9.381332,7.559961
1302379,9.665526,7.9003806
1302381,7.1476274,8.604495
1302383,6.6636853,7.8948183
1302536,3.7883596,6.3422513
1302563,9.856435,8.445188
1302579,4.5292544,4.9953437
1302586,7.1179204,3.4266844
1302633,7.423773,5.5277166
1302643,8.528778,8.056273
1302649,8.642255,6.147714
1302652,6.3350563,8.288907
1302655,8.67137,4.866366
1302659,8.346005,8.596143
1302664,6.966532,7.3953276
1302668,10.935869,7.667331
1302683,7.5938983,2.6921782
1302690,7.6482067,1.2137884
1302692,6.8863316,0.698763
1302708,4.3303323,7.7160687
1302715,6.026081,8.91797
1302717,10.323127,8.734321
1302729,6.1123066,8.2978735
1302733,9.242674,7.4875593
1302743,10.648588,7.4495883
1302755,4.189925,7.441175
1302764,3.915574,5.5973005
1302775,7.6236644,8.183746
1302840,4.2993984,9.409044
1302883,9.215892,10.294922
1302892,8.483911,4.286294
1302902,8.318029,5.494258
1303079,4.9145427,4.474454
1303098,9.366992,9.398537
1303099,10.44664,8.78193
1303126,7.159002,9.716395
1303152,9.133039,8.778789
1303156,9.225191,9.381156
1303182,3.4623659,4.427174
1303205,9.608112,7.4281144
1303210,7.7204027,9.477783
1303211,9.534399,8.712637
1303214,8.7560835,8.635631
1303216,8.360875,9.02494
1303231,8.720468,10.227566
1303236,8.203634,6.615682
1303245,9.512881,8.652359
1303249,5.300874,4.7437544
1303251,8.054379,5.568894
1303254,6.9566727,7.771669
1303257,8.483962,8.061791
1303266,5.443789,7.9973235
1303276,8.742893,10.684734
1303278,9.808627,9.155582
1303286,8.486548,6.7202964
1303306,6.920025,7.7737994
1303308,9.837115,8.923468
1303342,10.688484,7.6369953
1303344,3.99046,4.41797
1303346,2.9633362,5.6162257
1303358,8.756744,10.904919
1303362,10.244573,8.705225
1303371,5.2514215,4.6941996
1303390,6.358882,8.791894
1303403,9.944556,8.949763
1303431,6.0921316,8.473894
1303433,5.055029,8.259182
1303434,6.92555,5.649542
1303440,9.615369,7.49672
1303447,10.072919,6.6074967
1303450,7.2444305,6.90862
1303462,4.164817,2.8782094
1303473,8.23814,7.970065
1303475,9.344326,9.693322
1303477,6.030007,7.8196235
1303480,8.081738,5.1463346
1303490,10.175987,7.308768
1303493,8.682163,4.300333
1303499,3.4158776,8.918944
1303511,9.852171,8.242134
1303576,3.9827147,5.6765733
1303592,10.333984,7.5716205
1303594,9.528504,7.2138257
1303595,9.361034,7.4745016
1303602,9.216384,8.035915
1303610,7.0530863,2.193242
1303621,6.7595143,1.3533431
1303635,7.4150496,2.1299472
1303645,6.8516517,3.1947074
1303660,7.6709466,1.3745887
1303662,8.899854,2.116758
1303763,3.8220294,5.4342647
1303766,4.6638894,6.7142034
1304058,9.39386,1.4988799
1304059,8.469319,8.611944
1304061,9.167965,10.412479
1304063,6.4152193,8.841068
1304064,5.9065948,7.651697
1304067,9.2486105,7.5212355
1304089,6.5894737,8.878039
1304090,5.838051,8.804888
1304095,10.964509,7.6292014
1304102,5.753347,8.284677
1304117,7.7742558,2.6672273
1304153,0.784575,7.5425177
1304305,4.178769,9.421009
1304311,6.6076565,6.8818555
1304322,7.822041,6.6623025
1304347,3.2348623,5.652567
1304419,9.25043,1.296052
1304449,4.45407,3.475931
1304521,4.5951867,9.447497
1304522,4.3901978,9.47952
1304527,3.7212486,4.384292
1304528,5.9783697,8.37658
1304537,5.990397,8.541911
1304558,9.362504,1.493112
1304563,9.142637,8.334381
1304567,6.412088,8.513334
1304600,4.963939,7.0013943
1304758,10.129867,7.188753
1304762,10.291622,8.765545
1304846,9.398277,6.130038
1304857,1.6810229,7.425823
1304926,9.790894,4.6693764
1305111,2.2345319,5.406255
1305188,6.3507266,0.6012715
1305256,6.8764067,3.5438533
1305262,3.455397,2.7427375
1305331,5.540894,7.4471416
1305359,3.6217093,5.301897
1305414,8.463886,1.9876363
1305426,5.474084,4.8301554
1305486,6.762224,5.1400585
1305496,9.200187,5.552602
1305498,6.3729334,5.063985
1305500,4.8121653,5.2929573
1305590,0.8146909,7.0772862
1305595,5.376226,7.84953
1305600,6.4565134,8.079675
1305605,8.300719,9.194554
1305655,2.3943038,5.3440166
1305688,4.8162155,7.256119
1305712,7.129753,3.5189412
1305762,5.7562823,10.234697
1305792,7.13032,5.977707
1305880,6.733329,0.6849961
1305891,8.24188,1.9696461
1305904,1.917869,6.8975306
1305920,3.5304573,5.867323
1306036,3.69864,2.8984964
1306346,5.1483335,8.062395
1306373,10.272364,7.4467196
1306374,5.765633,8.605171
1306385,5.931455,8.470211
1306386,4.6075993,7.385626
1306393,4.645623,6.133197
1306450,9.304635,9.24211
1306457,5.576,7.3704753
1306462,4.321095,9.457093
1306463,4.347908,9.477725
1306464,10.22619,8.819758
1306492,7.157911,6.352136
1306579,8.907567,7.6952925
1306815,8.699811,7.63831
1306832,3.3745806,2.9726336
1306850,6.8917007,1.1463302
1306870,5.4944386,8.252979
1306877,10.158667,8.875543
1306885,9.981105,8.985465
1306948,2.2526643,5.670447
1306957,2.066667,5.6810184
1307041,0.56251276,7.156248
1307042,1.6627392,7.0173745
1307073,7.436934,1.549471
1307077,7.7771535,3.210943
1307100,8.574068,10.7263565
1307101,6.842189,8.967682
1307132,8.984274,6.2251267
1307219,4.347562,6.0408645
1307268,8.718813,7.482297
1307304,7.2720504,9.560729
1307353,2.9368486,4.977804
1307373,9.696084,7.28016
1307374,8.658865,7.2225757
1307382,4.5538654,9.416536
1307425,3.5693529,3.3077328
1307431,7.5466866,3.8933663
1307446,9.250326,6.123809
1307450,10.85047,7.8888006
1307452,8.461842,10.601593
1307454,9.400503,10.208224
1307455,9.379555,10.267746
1307457,9.149373,10.288839
1307458,10.148016,8.718906
1307461,9.197083,8.598464
1307464,6.7801867,6.729764
1307473,6.573227,6.4526906
1307476,8.75908,8.265926
1307512,7.9781737,6.1837316
1307559,9.128579,5.847599
1307617,9.902205,9.250831
1307630,7.2803383,8.069288
1307631,4.9076357,5.5538225
1307632,4.6670303,5.0208454
1307633,5.6127105,5.9059553
1307634,4.254684,4.738539
1307635,6.4470897,5.1633253
1307647,9.170493,8.742333
1307649,5.9085975,8.472242
1307667,8.688959,8.637628
1307668,9.60326,8.221696
1307669,4.4019523,2.5825298
1307670,9.729648,7.283643
1307676,8.559424,6.9028993
1307677,5.781517,7.891595
1307685,9.799749,9.138559
1307699,4.1094832,5.7589192
1307706,4.3198133,7.634691
1307709,4.955866,7.392495
1307742,9.045626,10.446356
1307743,10.250509,8.636125
1307761,6.8671036,9.458788
1307775,7.7237935,3.3975
1307825,2.8943214,4.717585
1307889,2.955297,4.8763747
1307931,4.0837893,2.9562716
1307965,4.469016,9.471963
1308024,8.439551,1.2795085
1308049,8.01734,3.2683623
1308072,3.6835628,4.719476
1308151,9.4114065,9.185478
1308152,8.23578,1.8937255
1308213,8.473719,0.28746682
1308244,8.447783,8.376206
1308245,7.6783414,6.272323
1308263,3.5957513,9.050311
1308266,5.914351,0.20124564
1308369,8.0234785,5.5296073
1308502,9.248569,1.7216935
1308565,8.153049,4.92792
1308584,4.623121,3.4614232
1308624,3.1725876,6.520349
1308662,3.1220775,7.231024
1308813,2.4278662,6.281148
1308838,7.496174,2.0643387
1308865,2.3956132,7.047406
1309013,7.066895,1.5143352
1309016,9.064543,1.0499351
1309017,7.4835415,2.4930468
1309021,6.9372272,3.4872165
1309033,8.460464,2.459325
1309055,4.35247,7.7014494
1309097,8.203534,5.747254
1309111,6.2899194,1.4532248
1309120,8.667021,4.270451
1309154,8.944849,1.5265493
1309195,4.6001573,4.182192
1309259,7.8488703,3.280838
1309324,10.77285,7.7884507
1309326,9.306725,7.9879327
1309330,10.139529,8.345673
1309339,0.9148523,6.0254245
1309374,8.189607,1.391503
1309477,5.873468,8.421658
1309489,3.7061698,4.698946
1309491,3.1142323,5.151071
1309516,4.2766185,7.7303605
1309521,0.8166636,7.631083
1309558,7.605464,7.5794053
1309562,6.182368,0.2754466
1309569,4.278591,6.174145
1309689,9.0910845,8.055265
1309690,10.183781,8.22591
1309715,9.003382,8.678523
1309720,4.5260153,7.9441266
1309722,8.947448,8.141397
1309725,7.89804,6.785964
1309729,6.2672076,10.074963
1309730,4.085192,4.7973666
1309761,8.30007,5.093095
1309762,7.6016145,6.499607
1309764,7.9036345,4.948523
1309766,8.5492935,5.2508726
1309767,5.44802,5.477855
1309768,7.709982,5.8811016
1309791,8.53779,5.2524037
1309794,8.407149,5.0650373
1309800,8.700076,4.339486
1309838,9.815224,7.4956503
1309880,6.0082035,8.540554
1309890,9.906033,7.872741
1309926,7.7394667,9.560702
1309932,8.959404,9.850608
1309934,5.6178546,10.356929
1310030,3.7048335,5.3614717
1310047,5.901261,0.93460953
1310056,7.6495733,1.9931561
1310074,6.7924404,2.4854565
1310108,9.428282,8.825787
1310124,9.973012,8.757558
1310132,9.530928,7.251012
1310141,7.90807,5.0475144
1310142,7.6311364,5.5412264
1310155,4.174194,7.304292
1310165,3.757498,5.705921
1310181,7.7103453,1.9765815
1310184,7.851795,2.5598166
1310185,3.6794076,3.004473
1310189,3.5055256,5.650609
1310194,3.4152813,5.5301776
1310197,3.5045683,5.784364
1310200,4.2161903,5.223493
1310240,3.590888,3.6768878
1310276,6.5992026,9.139243
1310277,6.1299677,8.867085
1310280,6.055575,8.964748
1310283,6.499843,9.061081
1310284,9.828166,7.6422544
1310360,2.3803186,7.4292746
1310397,3.656706,5.3391385
1310508,5.4570785,5.0261207
1310607,3.4329438,5.116675
1310649,9.231876,2.8202677
1310671,0.5284149,7.1220417
1310731,8.587799,10.772087
1310732,9.143013,9.311494
1310740,8.809619,10.258287
1310745,6.5524654,9.109383
1310747,4.548951,7.9008517
1310770,5.498309,10.436636
1310801,2.6340504,8.375434
1310836,4.0390277,5.007105
1310895,9.53252,6.8451815
1310918,9.165537,2.5080233
1310956,6.027709,7.4658084
1311001,2.995474,8.230395
1311066,8.995014,0.6921708
1311069,8.005344,1.8827685
1311073,5.730299,8.394715
1311080,6.4107256,9.087269
1311084,3.6766853,7.0422807
1311130,8.973192,7.509738
1311131,9.214731,8.230989
1311205,6.583555,9.073089
1311206,6.667592,8.995439
1311208,9.968887,8.471597
1311211,8.932181,7.3592477
1311212,7.8257675,6.657827
1311214,8.410412,7.911908
1311269,9.087604,8.186981
1311271,9.181055,8.059113
1311273,4.5852046,5.04059
1311274,6.4471016,9.035981
1311276,5.989472,8.571187
1311306,3.2621484,5.8657556
1311337,4.2002163,2.6822686
1311362,6.758925,8.042561
1311363,7.162026,7.612497
1311366,9.206897,1.4226416
1311375,3.4951036,5.6294675
1311438,5.97422,8.835052
1311439,9.080773,8.751083
1311442,3.8571994,4.3530846
1311445,6.8183618,8.776965
1311448,6.0826187,8.945018
1311450,5.7659206,0.30063242
1311481,7.3424754,9.206131
1311513,7.4699388,1.7545965
1311517,10.328825,8.608963
1311522,9.697354,8.526296
1311636,9.310346,1.9747566
1311637,9.251763,2.6915812
1311669,4.183964,4.4011517
1311734,1.6521313,7.084998
1311778,8.006646,1.5968134
1311798,4.751206,1.3121465
1311865,8.2450075,8.208615
1311910,4.984838,7.7634373
1311915,3.6968062,7.383876
1311927,2.1623008,6.886215
1311977,10.958423,7.640355
1312037,3.4733512,7.390751
1312041,4.9379272,7.949166
1312063,6.401464,1.5340796
1312126,3.238813,4.6969266
1312186,6.753245,8.448585
1312223,1.0335655,7.358396
1312297,2.849186,4.6275377
1312384,6.375627,0.56431085
1312400,3.456507,5.4241996
1312406,5.2212186,2.9750845
1312407,4.1638904,2.744225
1312445,8.156654,1.7526456
1312494,3.5062838,2.7083771
1312553,1.1388329,4.9158654
1312659,1.9781355,7.043471
1312662,5.5786853,10.360005
1312694,8.597866,7.6842184
1312731,5.9224896,8.8178625
1312732,5.949509,8.8152895
1312733,6.683772,7.670858
1312736,6.1595907,8.4916115
1312771,4.1567245,3.2628155
1312805,3.9429643,5.244667
1312806,7.2272086,8.133341
1312807,4.282196,9.483481
1312808,5.4631395,7.739245
1312818,8.161426,7.0381365
1312819,6.2141285,7.6820064
1312823,7.1073685,7.048536
1312828,8.205873,9.625801
1312889,4.5143533,7.4643335
1312897,7.2282014,2.897018
1312960,7.527789,0.49792376
1312967,4.7437716,4.3367367
1312969,6.007535,8.489112
1312972,3.7052112,6.0500097
1312984,9.879305,9.215408
1313121,3.4230785,5.3123164
1313122,3.895265,5.6048865
1313170,8.032548,5.5258913
1313173,7.8536873,6.652821
1313175,7.970236,5.489955
1313177,9.161973,5.315304
1313178,7.98342,5.6421185
1313275,6.9665494,1.9800521
1313276,7.022942,2.0613616
1313376,4.6212845,2.2330832
1313427,9.860594,9.1570015
1313439,2.1470199,7.2927465
1313450,9.824841,9.421533
1313458,5.980237,8.481724
1313460,6.1764746,8.844605
1313469,5.324963,7.9205737
1313472,8.797391,1.2852488
1313522,9.386227,9.942938
1313537,8.936026,2.607648
1313546,7.312781,8.072244
1313548,10.005217,6.53811
1313549,9.722377,8.046999
1313551,7.9397182,8.798073
1313555,7.5313,8.171768
1313556,6.725814,9.430104
1313612,8.97879,10.637415
1313619,8.982371,10.500137
1313620,9.03291,10.501236
1313633,2.672018,7.9228253
1313706,9.76107,8.122312
1313708,10.572128,6.745462
1313718,9.718015,4.6840844
1313728,8.414727,2.0681767
1313792,2.757887,4.8955293
1313793,7.833995,7.4536753
1313853,7.1551023,8.229672
1313854,7.731665,8.081359
1313857,9.309052,7.968736
1313858,10.250546,8.412428
1313977,3.1455529,4.737682
1314082,8.050786,5.3055716
1314129,7.035992,6.990613
1314186,7.4068437,8.075164
1314196,9.992033,7.8166056
1314200,9.676101,5.7568336
1314201,4.7916126,5.7345657
1314204,5.650071,6.6934385
1314212,9.7360935,6.5231304
1314248,3.4363222,4.9185667
1314275,5.3099794,7.5320845
1314324,9.0309515,4.7505836
1314344,5.353087,2.972669
1314365,7.4826045,1.6728052
1314409,4.271096,7.6702185
1314445,6.1269565,2.4117424
1314448,8.580281,4.1469026
1314524,1.5104041,7.0975156
1314531,5.1544504,8.514199
1314680,8.708669,7.5568867
1314684,6.146965,6.1711693
1314685,7.663657,7.7992887
1314689,7.0315228,6.402738
1314713,6.983963,2.6417782
1314714,7.612606,2.9411688
1314725,8.030611,1.7981085
1314732,9.839067,8.831346
1314733,9.266678,10.42828
1314735,7.4669294,8.051441
1314737,7.7249756,6.981262
1314738,7.7151394,8.292595
1314739,9.670321,6.0131154
1314740,8.173707,9.265338
1314741,9.686372,5.9312305
1314742,5.012021,5.348976
1314758,6.3541465,5.9855294
1314762,7.5584393,6.0477357
1314789,8.872278,10.138036
1314790,9.346964,9.229941
1314791,10.399893,7.53234
1314793,8.783473,10.202422
1314794,9.234387,10.191446
1314815,7.8653827,6.568233
1314819,7.3872466,5.6182446
1314980,0.71798295,7.4903145
1315005,9.006293,4.020176
1315006,4.8185124,7.212505
1315011,10.290105,6.0970645
1315019,7.7640786,9.073326
1315039,5.513108,5.0332317
1315044,3.811993,4.4237695
1315057,8.970605,8.597908
1315073,9.897614,7.184405
1315086,4.194024,7.414782
1315089,2.7895215,6.3271985
1315146,8.217503,8.686494
1315150,8.128765,7.3858857
1315155,8.121279,9.4979725
1315164,5.900229,8.771129
1315239,2.6452382,7.5525765
1315257,6.666754,7.3603315
1315301,5.520709,0.66903996
1315336,3.3786757,6.1163487
1315356,0.7141439,6.617589
1315362,0.87737703,7.369599
1315367,0.70794755,7.033452
1315376,5.7732186,8.410287
1315398,9.224933,2.2387443
1315405,6.659343,1.4975748
1315424,2.9304585,5.808238
1315468,4.157625,7.5924916
1315481,4.388238,7.6389065
1315547,6.8638206,2.4490128
1315561,9.716038,9.431577
1315562,9.747228,9.1075115
1315581,6.61396,0.70479566
1315601,8.979374,8.53572
1315605,6.12753,8.879495
1315606,5.631137,9.949789
1315608,10.12309,7.176178
1315640,7.222378,7.0475254
1315645,8.082839,9.302453
1315649,8.784959,9.447026
1315653,8.89708,8.385977
1315724,7.4831157,5.5133815
1315798,10.686038,6.8110323
1315802,9.240141,4.238941
1315806,8.967995,2.5756547
1315819,7.054768,1.6635351
1315832,4.7751975,0.8308663
1315839,5.496333,2.8912642
1315852,6.247025,6.1649585
1315869,6.1218266,6.30024
1315874,3.566602,6.011675
1315907,10.858672,7.555294
1315910,8.448665,8.253241
1315912,4.4043565,5.757322
1315924,4.108946,4.8526707
1315927,10.7416935,7.838657
1315928,5.9623585,7.932931
1315929,8.92864,9.053635
1315942,7.108751,6.355842
1315954,3.09494,8.200197
1316032,6.0458407,6.0167327
1316164,7.2896533,3.4801145
1316167,8.782235,2.2072296
1316183,1.1109604,6.2266645
1316187,2.3521206,5.7365937
1316200,5.1988363,3.7146282
1316231,3.0045843,4.6945415
1316264,7.10593,9.20711
1316269,5.015393,7.798788
1316274,7.4526386,8.174048
1316365,6.699749,0.7082726
1316403,6.669962,1.419755
1316488,6.062527,0.3970739
1316506,9.200826,9.87831
1316514,5.8331795,10.208298
1316520,5.399216,7.6164517
1316524,7.225011,6.9620476
1316526,10.05162,7.349445
1316533,9.045573,7.6596956
1316534,5.617255,10.375356
1316543,6.132596,0.6321574
1316544,4.566686,3.866228
1316561,5.9316573,0.5374828
1316583,6.0816665,2.3299239
1316635,8.019857,0.90950584
1316696,7.369599,9.108243
1316699,10.295949,8.8814745
1316725,5.152298,4.253233
1316728,8.964696,4.600601
1316729,8.873979,10.557607
1316731,10.090059,7.9111667
1316825,6.8986907,2.0867674
1316857,7.532884,0.8588754
1316875,9.286057,1.8196902
1316904,2.357254,5.4893723
1316907,2.974921,6.402792
1316922,2.6501143,5.609918
1316925,1.3072759,6.640378
1316926,2.4261935,5.484206
1316944,10.687332,6.7286706
1316977,9.201335,9.331552
1316978,6.591362,8.557632
1316993,7.997487,3.6214445
1316994,9.282101,1.3419578
1316997,9.322052,1.4699394
1317009,9.314559,1.4874718
1317099,2.6976044,8.418747
1317100,2.7989533,7.967852
1317172,7.45843,0.34330118
1317211,8.189622,1.162255
1317286,5.19947,1.7072241
1317303,5.8415565,8.431947
1317320,6.1660447,2.771503
1317353,7.6417613,9.416661
1317354,9.557196,8.091171
1317356,4.3969398,9.46023
1317357,6.9625993,9.567511
1317361,5.9688063,9.209691
1317364,9.951165,7.497577
1317365,5.4432945,8.434378
1317386,7.3759923,0.20881481
1317398,9.240376,10.141803
1317404,5.546906,7.988381
1317407,7.3026943,2.929236
1317408,5.565452,7.3418765
1317416,5.5468197,7.7920237
1317470,0.9492943,6.1585827
1317483,9.992609,5.4921994
1317509,2.8608012,4.627061
1317608,3.8019133,7.0014186
1317613,8.245954,9.380441
1317619,7.068091,9.220627
1317662,7.5346365,5.4718866
1317737,0.6937662,7.234208
1317870,7.839233,6.5883093
1317972,8.086974,4.7925773
1317978,10.573184,6.741202
1317979,5.88455,8.784405
1317983,5.7002177,10.295175
1318002,8.817829,2.593607
1318062,0.40248725,6.8316116
1318063,0.39116356,6.9462624
1318064,0.65363896,7.210635
1318078,7.977245,3.2018628
1318091,8.804456,8.347517
1318095,9.199863,10.543013
1318096,5.6733894,0.92534405
1318139,8.311188,1.2447319
1318148,8.011099,3.222736
1318150,8.466243,4.4344172
1318234,7.533736,9.21125
1318272,6.7627387,0.8025152
1318275,6.4304276,0.5397471
1318297,9.073332,2.6520534
1318300,6.591338,1.217252
1318303,9.191181,2.0680852
1318313,8.894822,1.6901294
1318344,6.716867,2.4004915
1318346,7.7775784,3.232909
1318363,7.8177614,2.2738907
1318387,5.9496956,0.200533
1318390,10.2326355,8.066047
1318397,7.457381,8.394753
1318399,4.7185154,7.3875585
1318400,6.606919,7.8889947
1318417,6.100864,8.880693
1318422,8.438615,8.89833
1318425,7.0488467,7.091029
1318427,8.644137,8.657905
1318430,9.84663,7.1352034
1318431,6.4572687,8.999975
1318442,7.3516593,8.148842
1318501,10.334151,8.267846
1318559,1.7130288,5.67318
1318585,2.259532,5.5701556
1318586,4.7108583,4.592373
1318651,1.1266357,6.122857
1318656,9.127502,5.529522
1318688,4.625407,8.015036
1318702,7.2789235,6.9469028
1318706,8.443652,2.001751
1318708,8.017203,9.140111
1318724,1.219815,5.7645297
1318796,7.51825,1.2336453
1318800,7.230187,1.3444047
1318869,0.6998217,6.060863
1318900,1.4649848,4.283948
1318909,8.817619,2.323339
1318917,6.6971035,8.768678
1318959,8.006558,5.493554
1319006,2.4096093,8.009101
1319020,3.88265,5.9184155
1319212,1.2061808,4.75681
1319250,2.2683911,4.3627367
1319294,8.589699,8.253524
1319298,4.5160027,7.9459805
1319301,5.424828,7.8232303
1319308,5.6716204,8.535648
1319313,3.1492612,4.3492756
1319338,5.039788,5.498014
1319340,2.1962504,6.20918
1319378,1.303923,5.807343
1319446,4.2206793,7.2819567
1319460,1.4609452,6.0659623
1319467,6.7868886,3.4152117
1319480,9.621181,9.260964
1319492,0.9112691,7.3168693
1319503,6.096938,8.886081
1319547,8.879499,8.820217
1319550,8.694039,10.624243
1319555,5.797686,8.800624
1319566,2.5221748,7.9468007
1319567,9.416872,8.046881
1319569,2.1895695,7.6040606
1319608,6.8574324,3.2182586
1319642,1.7570446,6.955714
1319644,2.0680623,5.787308
1319687,10.977433,7.6385612
1319689,9.717673,4.8124657
1319691,8.8436365,6.789822
1319693,4.89975,9.395483
1319698,9.1074295,4.8570337
1319710,10.913611,7.6897135
1319719,9.50969,3.4792745
1319746,4.2609997,6.6877956
1319784,5.2358723,4.669258
1319793,8.820075,1.9710217
1319830,10.427609,7.612665
1319838,10.375979,8.535074
1319845,9.915849,8.384284
1319847,9.446432,7.831866
1319859,7.5396767,3.336233
1319937,6.5794787,7.853152
1319941,8.081312,8.726041
1319943,7.2463593,9.411909
1319964,9.035383,4.902576
1319976,2.0159922,7.4850564
1319980,3.0107694,7.073144
1320124,1.7553346,5.565727
1320175,5.244155,4.6893992
1320179,2.1883888,5.8094974
1320180,1.7325999,7.1060224
1320187,1.2687232,4.7921352
1320279,2.2939916,7.1064816
1320294,1.4772779,4.572971
1320308,8.661723,4.3033504
1320403,1.739027,5.701765
1320420,4.058649,5.1503787
1320426,0.84847796,6.626111
1320559,10.716392,8.759877
1320623,0.889648,7.1913447
1320756,9.293389,10.597082
1320761,7.209708,8.189516
1320807,1.6948975,6.9341817
1320852,8.051008,5.5085363
1320857,5.3906345,0.68819344
1320862,9.26017,10.300598
1320863,7.3804874,8.107907
1320876,4.981208,7.976019
1320879,7.7784705,9.275289
1320880,4.911011,8.207914
1320885,6.2988987,9.600263
1320897,9.25444,9.7945385
1320905,7.2373433,8.988497
1320912,10.34014,8.690585
1320920,1.2824008,5.937453
1320935,2.89635,6.3258123
1320971,9.126409,4.7689085
1320972,7.6380506,6.210136
1320973,7.9248624,5.269881
1320974,8.059684,5.358902
1320975,8.325975,3.3862495
1320981,8.120669,4.930026
1320983,8.903598,6.008155
1321017,10.674229,6.7925572
1321020,9.238132,8.0196
1321024,8.203535,9.350876
1321030,4.6101494,4.0649977
1321094,8.12196,3.8833554
1321096,8.018502,5.153689
1321097,7.837104,5.09945
1321102,6.661692,8.8450985
1321104,6.6501245,7.1742015
1321120,6.639436,9.502081
1321125,8.972609,5.5998907
1321133,9.213768,8.8650055
1321137,9.373973,8.9407215
1321154,6.0358276,9.693752
1321186,9.097538,4.737986
1321272,0.76778436,5.8917165
1321283,1.6177028,5.647081
1321285,1.2788758,6.194157
1321315,11.054879,7.475668
1321318,5.9321575,8.824189
1321438,6.4303436,5.1517024
1321482,2.7950394,7.925667
1321530,0.9477799,7.1726756
1321532,0.85557365,6.8332686
1321708,1.8213122,6.64671
1321818,5.87526,8.167443
1321819,9.177362,6.9903665
1321820,6.628185,8.114647
1321823,6.941108,8.9575405
1321824,9.993644,8.857357
1321826,5.814142,1.7893027
1321839,2.8171551,4.557537
1321850,7.25855,7.6003222
1321868,2.0037487,7.4143615
1321916,8.766502,7.8909545
1321917,8.629378,7.7037644
1321918,8.305571,6.4197383
1321920,5.767327,7.4151144
1321921,3.8935356,6.863588
1321922,4.2302265,6.8547773
1321923,8.623836,7.774994
1321936,1.629622,5.5519075
1321941,2.7912107,8.001268
1321944,4.494231,7.9909205
1321958,9.212636,9.666502
1322028,6.31489,0.6285427
1322037,5.5776076,1.4202285
1322038,9.393469,1.4885902
1322042,5.7964525,1.637183
1322140,4.1013303,5.212261
1322141,2.1143372,6.2757115
1322214,2.8508472,4.292943
1322234,7.577603,2.0224276
1322297,1.0699685,5.2453017
1322358,1.3148907,5.5496564
1322396,1.1919045,6.4870625
1322426,4.5202155,2.9154646
1322431,6.6895204,2.2867603
1322434,5.587167,1.4322758
1322486,8.91105,6.887989
1322495,9.848045,6.3380795
1322497,7.067174,5.648775
1322498,9.822392,4.8802795
1322521,5.1758313,8.119646
1322817,1.2649902,5.950705
1322829,6.9039216,3.4077802
1322844,7.8061557,1.9482248
1322919,6.5741234,1.9749616
1322960,3.028781,5.746846
1322961,1.6601862,5.5553513
1322974,2.1451392,6.010614
1323000,2.3893292,7.987233
1323157,5.847432,8.790518
1323305,7.9285603,8.957415
1323318,5.4038634,1.4484569
1323433,1.9002621,6.652811
1323440,1.2145016,5.8456826
1323463,1.0714549,6.297565
1323470,1.5090423,6.7654805
1323472,1.949793,6.753076
1323536,8.745447,4.320368
1323546,6.0080085,8.476309
1323559,1.7997742,6.1489267
1323563,1.432238,5.666165
1323571,1.1933725,6.1757307
1323579,2.0451558,6.3021126
1323588,3.4016938,4.741719
1323606,8.845535,10.913736
1323607,9.788984,7.672325
1323608,9.267989,7.6487675
1323627,8.160267,8.238458
1323629,6.816268,9.188358
1323630,7.1688952,9.296951
1323637,0.60173225,6.8526297
1323639,2.9048727,7.590644
1323671,5.9553337,8.830032
1323674,4.6130476,7.997573
1323676,6.183038,8.404245
1323738,7.937868,5.25395
1323741,7.7515407,5.8393784
1323750,7.810012,6.081118
1323753,9.191544,0.8586123
1323754,4.384125,3.264804
1323779,4.3469605,7.4932084
1323780,5.820832,8.704406
1323791,2.640287,6.4691586
1323795,3.2929592,5.6551533
1323798,3.4985147,5.11096
1323826,1.8262666,6.315996
1323873,7.7820296,0.82578915
1323948,7.6367755,1.0266683
1324011,8.4309635,0.93312955
1324132,5.467566,7.75856
1324143,6.0837293,8.649228
1324149,6.5885606,9.131883
1324150,9.199957,9.279401
1324152,10.855271,7.557188
1324185,5.052673,3.340016
1324209,9.091905,8.143666
1324211,10.323473,8.778568
1324220,5.925432,8.662967
1324223,8.379877,6.864176
1324228,8.235792,7.433423
1324230,6.76248,8.770633
1324231,9.071042,9.688997
1324233,5.638705,7.908109
1324235,7.3334565,9.48748
1324238,7.2012253,8.928417
1324239,4.8620415,6.2200494
1324241,5.1176414,3.3753076
1324249,5.4747047,7.1695724
1324283,1.7032812,5.475787
1324297,7.7673078,5.4348383
1324310,9.910546,7.1114626
1324315,7.6101394,1.8379309
1324318,1.1418881,5.1772356
1324335,2.8797538,5.266509
1324337,5.794146,8.551355
1324340,6.0755305,8.496887
1324342,7.235185,6.926249
1324343,8.074904,8.152092
1324347,4.5049195,9.441067
1324348,4.901116,9.46091
1324351,9.429348,8.485511
1324355,1.7096194,3.980146
1324368,0.4684787,7.0070457
1324468,2.7784882,5.2327204
1324480,10.643845,6.756491
1324504,9.3732195,9.105648
1324509,9.685206,4.59182
1324540,9.397061,8.1220875
1324554,5.9758077,9.440755
1324561,8.326661,7.9677925
1324570,6.8658395,9.107828
1324638,3.899053,6.877954
1324669,9.139507,1.8035029
1324679,7.4200673,1.9641858
1324683,8.469501,8.276082
1324703,6.2809167,0.7247066
1324714,7.5807734,6.6695027
1324721,7.0452967,5.9656425
1324801,8.170784,1.578394
1324828,8.283409,1.5989059
1324831,8.332258,2.0334783
1324834,1.3751472,5.6530423
1324838,8.367583,0.696672
1324849,5.303216,2.9636128
1324860,8.455238,0.71565115
1324863,2.5987015,6.1366076
1324874,2.2198753,7.467929
1324884,1.1161104,5.93175
1324902,9.837281,8.589197
1324908,10.739583,8.782387
1324915,10.645989,7.7600193
1325018,6.0308676,2.0470293
1325019,5.944575,0.62251866
1325020,7.0430536,1.4512882
1325021,6.074182,0.6694256
1325022,8.618571,2.130378
1325033,8.879148,4.70558
1325066,9.039563,0.6413444
1325087,7.907032,8.470281
1325088,8.428874,2.2539694
1325122,6.5087953,10.092779
1325124,10.2859745,8.5817375
1325187,9.106427,2.7284083
1325217,8.266861,1.5518321
1325224,4.703792,1.9980572
1325226,7.2095733,2.2063928
1325234,6.8573494,2.3740265
1325239,4.5589767,6.2286243
1325240,7.567322,9.292377
1325241,4.9355693,7.6694164
1325242,5.053247,7.8459573
1325243,10.6176815,7.852169
1325244,3.31174,7.7457542
1325245,5.207895,7.130303
1325246,4.899846,7.5017285
1325327,0.7936139,7.604685
1325393,9.500055,6.9987426
1325455,1.8099694,6.666072
1325528,7.7584176,3.1539493
1325545,4.612592,3.8780162
1325568,6.973295,1.396772
1325597,5.586794,7.5282955
1325615,0.6916723,5.772129
1325693,8.654323,7.140637
1325701,4.5360217,1.4289318
1325704,10.500569,7.658974
1325706,6.463266,8.843161
1325708,7.3250103,7.9574523
1325713,7.5179453,0.6182931
1325767,7.21996,2.9250278
1325801,7.834502,8.374748
1325872,6.0240088,1.9200568
1325889,6.52113,0.615524
1325916,8.843331,11.063973
1325924,8.706207,10.718237
1326002,9.009243,8.102641
1326003,3.943103,6.417461
1326111,4.4815545,7.4124556
1326170,9.498805,5.014467
1326171,8.15138,5.2015004
1326182,9.361414,5.6540956
1326191,7.7392807,5.6149282
1326194,8.731031,5.3461547
1326217,8.315082,9.745523
1326235,2.1583898,7.9529047
1326244,1.9576645,7.228579
1326301,8.847028,0.7814585
1326363,8.665551,0.78221154
1326364,7.374795,3.519788
1326385,7.2502913,9.146022
1326411,3.4194078,5.470137
1326478,3.3809314,5.943739
1326492,3.9032857,6.240472
1326493,3.241754,5.357173
1326496,1.544898,5.6233644
1326552,6.8260264,2.5083997
1326565,6.592343,2.2144732
1326628,4.8730474,7.2626424
1326675,7.92188,1.1784214
1326720,4.992904,6.587734
1326726,10.15078,7.693267
1326729,5.451023,4.8689947
1326734,6.2740617,6.1993217
1326735,9.053248,7.543321
1326736,8.590387,7.330458
1326737,8.858209,5.1126266
1326740,3.6109624,6.813261
1326757,9.253048,2.0093799
1326805,5.395045,2.602466
1326807,7.799715,0.8788217
1326895,1.5693419,5.717792
1326921,7.176663,9.347783
1326930,4.6821995,6.6861835
1326943,4.4035482,7.8547726
1326944,4.526019,7.9594364
1326945,5.619901,7.9005046
1326946,4.36981,7.764776
1326955,4.605766,8.366708
1326965,2.9392273,4.652863
1327046,1.1855619,4.830855
1327082,2.3088295,6.998232
1327083,1.5485969,5.9071255
1327084,2.1900516,7.6912436
1327085,1.766493,6.615022
1327086,2.524452,5.694658
1327088,1.1618026,5.8334937
1327110,1.625164,5.28745
1327166,2.8670478,6.4823604
1327211,5.665237,8.553944
1327216,6.2867274,8.703744
1327218,9.132855,7.8458185
1327220,5.6236324,8.214674
1327223,6.2397976,8.188028
1327225,4.324502,9.454228
1327227,8.470956,7.2462497
1327236,6.2757363,9.548117
1327242,6.061546,8.431785
1327252,5.5344973,10.310844
1327255,10.1431675,8.858763
1327259,7.123094,6.948594
1327268,7.3835554,1.6352149
1327291,5.145905,3.1960773
1327331,5.5285,7.9330654
1327357,0.80201703,7.3682795
1327367,2.1431558,7.230097
1327431,8.094076,5.677522
1327433,7.990924,5.82754
1327434,9.184037,4.6729326
1327439,8.018329,6.0541186
1327475,8.360081,10.542643
1327476,5.6134596,8.563193
1327479,8.620307,0.45925903
1327480,5.674614,10.340265
1327487,10.581341,6.7513385
1327497,8.557102,5.4065948
1327501,5.7590017,8.631097
1327505,9.344444,8.72575
1327508,6.1058645,8.662751
1327509,9.47423,8.629253
1327514,8.4157915,8.135239
1327603,1.3097721,5.227974
1327889,1.5398256,6.0704465
1327896,1.2220742,4.8166947
1327900,1.537971,4.1156435
1327902,1.7861547,7.051787
1327903,7.6676106,6.6642623
1327904,1.7440685,6.6721606
1328079,9.571427,5.404935
1328114,2.262347,4.3284874
1328128,3.6735508,6.4351597
1328161,8.889262,8.225991
1328162,5.8551726,9.554424
1328235,6.9175,3.4325638
1328295,9.314359,1.5477183
1328346,2.9938192,4.732875
1328511,2.8041692,4.5862775
1328515,8.63066,6.398329
1328516,7.8775153,5.379273
1328530,6.645269,9.082907
1328544,3.1141455,5.5920906
1328545,3.4806743,5.611196
1328546,1.7266761,5.672999
1328548,7.059345,3.1444654
1328553,5.208126,8.01527
1328562,4.4853177,3.9237652
1328696,4.7934976,4.0035567
1328702,4.0168934,5.242347
1328804,7.2965975,0.089691825
1328818,3.2818437,7.3937035
1328851,2.1920803,7.8935733
1328853,7.760652,7.643345
1328855,7.7849145,5.339156
1328858,8.130073,8.339293
1328930,3.2147791,7.2739463
1328936,1.6167272,7.0938764
1328937,0.8181132,7.177162
1328938,1.9692274,7.4738736
1328939,0.4696596,7.1771274
1328940,4.517063,5.0090137
1328957,9.244364,10.589579
1328989,3.622421,5.4054255
1329040,3.5921693,4.846549
1329089,9.412935,7.596866
1329108,5.9690027,7.5072517
1329151,2.591765,4.270471
1329152,2.6419873,4.299188
1329164,4.4080195,7.76207
1329175,6.792316,2.4506652
1329206,1.975883,7.128194
1329213,3.1664736,6.3309803
1329222,4.996618,6.722003
1329224,4.3517456,5.850634
1329270,9.773763,7.7824135
1329272,8.932257,8.198257
1329292,7.89843,8.816377
1329298,4.6046724,6.434286
1329301,10.358994,8.710604
1329321,5.761238,0.7615445
1329322,5.4642906,3.9143054
1329340,6.7222733,2.0591784
1329346,7.904199,2.9058263
1329359,8.266052,3.1769946
1329367,5.8272653,2.575423
1329416,7.972296,8.2762575
1329426,8.81998,4.3791685
1329464,4.8690414,1.7983639
1329473,1.2800145,4.492231
1329477,2.817529,7.0703087
1329505,3.0292952,7.799726
1329509,1.6869956,5.7428308
1329536,6.42478,6.2615294
1329595,7.0948787,3.5347786
1329597,4.961509,3.510461
1329608,3.944241,6.9461365
1329611,9.258745,2.0552964
1329624,6.7525187,9.533564
1329625,8.758899,5.918241
1329626,3.4505796,4.353682
1329627,7.935993,5.024174
1329648,8.774152,6.571758
1329746,5.0731378,3.1493452
1329773,4.2709084,1.566097
1329778,9.418061,1.484334
1329779,6.156474,8.64466
1329780,7.885333,2.347122
1329832,1.9885899,4.5728216
1329846,7.716946,1.299575
1329879,6.007928,8.312846
1329880,8.535385,10.440848
1329889,6.89896,7.394211
1329890,5.460375,8.277089
1329898,5.054944,3.3249857
1329903,3.4323545,3.885205
1329915,5.3669534,2.6783185
1329922,7.6596193,0.9011121
1329933,8.613308,8.140591
1329978,8.288344,9.865934
1329984,7.58264,1.629859
1329986,5.522869,0.54757786
1330011,8.187139,7.188582
1330012,7.198497,6.8980713
1330073,1.5812554,4.0783167
1330116,3.9861069,6.550588
1330125,4.5253024,6.6650443
1330179,8.765525,4.2088
1330367,1.0472589,6.797342
1330372,7.9535894,5.5749025
1330379,6.9168983,6.8518395
1330381,5.4511986,6.719246
1330386,0.5450807,6.2426004
1330431,8.412161,1.3190117
1330433,6.0946603,0.74003226
1330436,8.026594,3.2970362
1330437,8.219625,5.7258554
1330441,7.993578,5.957496
1330506,6.167072,9.5951395
1330511,6.9008174,7.3246055
1330512,9.750789,6.6317797
1330532,0.71954924,6.7540197
1330628,2.474338,7.240502
1330632,1.6309097,7.0543075
1330642,1.4923226,5.7983522
1330643,1.2856609,5.918369
1330644,1.3141214,5.6740594
1330645,1.1615183,5.745223
1330646,1.0823123,6.171449
1330647,1.5377089,5.8858256
1330648,2.3340619,6.4687257
1330693,6.1608353,1.1552027
1330694,4.121849,2.6539557
1330695,4.0842533,2.9911504
1330704,4.5909643,7.0068336
1330721,2.8354707,4.1019907
1330723,1.4549869,5.834918
1330728,5.1136847,2.2302775
1330733,8.976831,10.479881
1330734,9.281955,10.422303
1330742,7.6667314,1.5653732
1330764,6.418841,1.031211
1330765,3.8265426,2.8658555
1330767,3.3918777,4.171998
1330769,4.127035,2.822125
1330772,4.4471226,2.5273507
1330820,2.472443,7.6960053
1330830,3.6667316,3.649501
1330847,3.6195552,3.9844806
1330848,3.6389973,3.7383838
1330862,4.707323,0.8671075
1330894,3.139848,4.3404484
1330901,2.4557917,5.626321
1330931,4.092187,3.3270652
1330953,3.1179829,5.6903358
1330956,4.5835238,7.37363
1330990,1.3802842,4.7310843
1330994,1.4581771,7.095636
1331000,1.1358707,6.045565
1331015,1.6030767,6.3007417
1331029,5.8940663,10.251263
1331034,9.662185,8.05788
1331035,10.215998,8.469095
1331037,7.2958746,8.112885
1331044,8.612011,8.758107
1331057,5.922795,8.426526
1331061,6.039863,8.581919
1331080,5.8330336,8.457975
1331084,5.246658,7.4158316
1331085,4.873423,9.343423
1331089,4.8285933,5.3225
1331143,1.5348392,7.239102
1331167,5.2617645,7.7387853
1331175,3.6930227,5.8534045
1331196,2.9414847,5.717994
1331206,1.3491424,5.8705306
1331209,1.3949659,5.0421305
1331211,2.9128115,7.6483736
1331271,2.7249155,6.431721
1331276,3.3675368,4.611913
1331315,3.2319875,4.5040264
1331326,7.3284445,9.023715
1331335,7.657926,0.88162965
1331363,7.2980847,9.7184725
1331368,7.1151867,9.678351
1331384,3.1398063,6.3577394
1331386,7.3553095,5.668342
1331416,2.2218099,5.6970487
1331431,2.807895,4.6646447
1331443,5.8012934,2.5984223
1331503,10.888767,7.749551
1331506,9.07404,8.557469
1331511,9.041506,8.6089325
1331515,9.009743,9.553281
1331544,1.7579838,6.9978075
1331585,5.6678934,10.281862
1331589,7.5650773,9.199579
1331590,5.314518,9.742345
1331605,5.348003,9.673572
1331610,7.0355773,6.3291774
1331652,8.01814,5.618839
1331829,8.389641,1.7868999
1331863,0.4178341,6.8866563
1331864,3.4916706,5.1894426
1331865,0.44218954,7.0221553
1331866,0.47877777,6.9290876
1331867,0.8044474,7.2161703
1331868,0.57045215,7.202042
1331869,0.45710224,7.148378
1331870,0.40652063,7.043482
1331900,2.9355865,6.7722425
1331936,3.4747722,3.131594
1331944,5.4349756,2.7837806
1331987,1.2881049,4.654004
1331991,1.7215388,6.752934
1331999,1.2673467,7.1558485
1332027,5.1878896,3.441446
1332031,1.1934497,7.3219376
1332034,1.5816903,5.8381834
1332049,4.6948214,4.581101
1332057,2.8204348,8.500902
1332086,10.807692,7.4321475
1332094,5.801211,8.368777
1332099,9.190241,7.962038
1332105,9.581297,8.670383
1332115,8.671854,8.72282
1332125,2.280117,6.786631
1332146,9.081735,4.0383134
1332168,9.118504,4.576719
1332216,3.8712158,5.8564095
1332238,9.683368,7.4521117
1332242,8.222686,8.618604
1332245,7.0628667,9.417879
1332250,9.552065,8.549053
1332266,8.05927,5.7873983
1332273,7.929523,5.1488953
1332300,4.62502,6.5527534
1332303,4.4967175,7.958198
1332304,3.586827,4.9319797
1332322,1.5930936,4.248517
1332326,7.5909686,3.4089024
1332334,8.799175,3.1905046
1332388,5.904303,0.24423423
1332391,8.980912,5.9738274
1332425,4.604829,7.634446
1332431,3.237005,5.044822
1332459,5.0342994,2.816183
1332467,7.74148,0.71333915
1332470,8.902242,10.54074
1332496,2.666265,8.040819
1332527,4.214504,1.5646911
1332601,9.330086,10.300872
1332678,9.220214,10.422519
1332702,9.66691,8.708033
1332703,9.091622,9.896098
1332718,9.007367,10.520259
1332719,9.031566,10.513608
1332729,8.755324,10.499788
1332737,8.435171,10.627702
1332739,4.2416253,9.458255
1332740,7.7371826,6.655759
1332768,1.4723605,5.553817
1332772,9.061143,1.7076676
1332841,3.3291786,3.865288
1332845,3.259972,6.3592534
1332959,4.059739,6.9932537
1332999,7.87774,9.177947
1333009,7.1067123,0.92456234
1333016,3.4831464,4.953838
1333026,9.911394,8.235513
1333027,9.828128,8.193832
1333058,6.966885,9.156593
1333073,8.583031,2.1449935
1333083,7.783667,3.302843
1333090,2.522832,7.9343376
1333104,2.9510872,6.741774
1333143,5.858153,10.177596
1333147,9.8352585,7.481482
1333173,2.9687212,7.7601633
1333203,0.9188117,6.4153285
1333228,7.5481396,1.4074882
1333230,7.533566,0.9066736
1333231,6.551444,0.14431557
1333238,6.4220505,0.5696707
1333240,9.031836,10.52495
1333246,8.710882,10.951585
1333247,6.391506,0.5396761
1333249,10.075328,7.696955
1333271,4.1230545,9.394109
1333277,2.9096234,8.627477
1333304,3.1498725,4.3264604
1333308,2.1136513,4.798833
1333316,1.4731648,5.5996714
1333320,4.0922627,3.1537533
1333322,1.138293,5.997516
1333323,1.4904467,5.8272176
1333324,1.4387131,5.5998316
1333331,1.5242456,6.0022225
1333334,4.458274,0.9942535
1333339,8.480279,1.969989
1333368,2.7256508,8.361903
1333376,3.0346973,8.295409
1333380,3.1771924,5.5730677
1333387,7.082783,2.1767213
1333394,7.9745626,5.581868
1333396,7.9132648,5.193552
1333397,8.042676,4.8353
1333398,8.126211,5.2232575
1333399,8.034903,5.054689
1333400,9.388034,4.999778
1333401,7.903639,4.9060283
1333403,7.9061694,5.213454
1333408,4.2200418,4.335284
1333410,7.9436274,5.9441543
1333432,7.98178,1.9536607
1333447,6.5188723,8.553471
1333450,7.667296,2.058256
1333454,7.3986726,1.3515501
1333459,8.370039,1.3998532
1333477,6.3201437,8.83601
1333478,8.01834,6.623298
1333479,9.098696,9.440742
1333482,2.8920708,8.178016
1333483,5.8884215,8.338564
1333487,2.8398585,8.423186
1333488,6.5354395,1.9850181
1333494,2.943739,8.520597
1333499,4.1114264,8.989815
1333522,1.8005712,3.8741508
1333542,8.787762,4.5293765
1333563,7.567267,2.0262926
1333629,8.148089,8.674258
1333631,10.083289,8.031524
1333635,4.257231,9.408895
1333640,7.810647,5.397571
1333668,9.059266,0.8886231
1333671,2.7800975,8.388553
1333674,8.606478,8.023162
1333765,7.884519,5.2244496
1333767,4.3813543,9.567361
1333772,4.3487973,9.519014
1333784,5.6908836,9.666245
1333790,4.3110156,9.409477
1333796,4.2186713,9.391835
1333832,3.1846046,3.7754803
1333833,4.07739,9.362466
1333841,9.820101,7.835228
1333847,10.661692,6.717153
1333853,9.913445,8.5404
1333855,4.4894648,5.0254993
1333859,4.238859,9.45467
1333874,2.8203814,8.554957
1333972,9.121713,4.9553876
1333985,9.395,2.8099496
1334001,10.117167,8.344749
1334002,8.529369,10.742214
1334006,3.9717176,9.279342
1334007,4.216999,9.301887
1334009,3.9430294,9.125555
1334014,10.622682,7.776481
1334016,10.548409,8.112118
1334018,9.2895,7.094109
1334024,10.498157,7.325558
1334027,7.869829,5.227084
1334031,9.986138,5.4906216
1334032,8.826702,1.5416821
1334035,9.413047,7.1177673
1334036,6.7308893,1.5022494
1334037,8.975001,4.9379196
1334038,4.9978895,1.7393705
1334039,6.71749,0.72870183
1334040,5.940665,3.2684796
1334041,8.133912,4.0324235
1334042,10.381768,8.154396
1334044,8.663496,1.351009
1334045,9.36609,7.0838995
1334047,5.9009852,1.4851471
1334048,7.8147597,0.8349251
1334053,4.4787216,4.0249395
1334055,5.816025,1.6027776
1334059,9.017276,1.5926771
1334062,6.8581657,0.77414286
1334064,7.959866,1.1307067
1334065,9.921119,7.08972
1334067,6.095273,1.3519728
1334068,5.2694163,2.900606
1334071,7.8290105,1.1491582
1334074,7.170712,1.351811
1334075,10.452144,7.9913483
1334082,9.084159,0.95904076
1334092,10.070441,8.808569
1334115,8.022838,5.043967
1334121,5.8713927,2.3202436
1334134,6.492769,0.12017838
1334136,8.148094,4.076615
1334138,8.192565,7.709219
1334146,10.29465,8.173723
1334149,6.5614934,1.0799478
1334151,5.8661156,0.23173651
1334152,10.539756,7.684643
1334197,6.6365933,1.5527018
1334264,9.786562,4.52717
1334287,10.425483,7.9383245
1334288,9.473241,8.076354
1334325,9.354072,1.4361935
1334339,6.8652906,0.64117485
1334341,7.355667,3.5131848
1334343,7.907231,0.9253194
1334345,5.108283,1.9275011
1334348,8.8328,1.6312733
1334364,1.0173023,6.8479185
1334380,2.8112226,8.477704
1334387,2.095896,5.788928
1334396,3.883714,6.954411
1334403,2.2080116,3.7392056
1334467,2.8020256,7.496321
1334470,2.4252384,7.1458764
1334494,6.92397,2.4072118
1334573,7.4248276,1.7338408
1334574,8.816143,1.5376141
1334576,9.000231,1.1560655
1334577,5.5807047,1.7783513
1334582,8.385859,0.14414592
1334608,2.7949445,4.5808163
1334628,9.131614,3.8168943
1334633,7.481516,3.2458894
1334666,9.567301,3.4989552
1334688,7.922888,1.1201568
1334716,9.396919,3.951331
1334721,7.7899075,1.7640473
1334723,5.6551676,2.476365
1334782,5.7662425,7.7174177
1334817,7.635274,1.6358141
1334818,7.064127,0.9356961
1334828,7.0365133,0.61424804
1334831,8.315497,6.2316966
1334839,8.094114,6.0104594
1334865,6.871596,0.5861288
1334874,7.8651175,1.3670031
1334910,4.028953,2.5837893
1334911,4.9398675,2.890775
1334915,3.3151655,1.7074904
1334916,6.5731397,1.8388685
1334921,7.9816732,1.6190492
1334938,7.2235947,1.2678899
1334941,7.87898,1.1727058
1334946,5.9807715,1.3545564
1334985,9.319551,4.5257955
1335000,9.7271185,5.2659345
1335028,5.4794655,4.863073
1335035,0.8923118,7.6208324
1335036,9.648818,5.3625603
1335042,9.74528,5.414396
1335045,9.484015,7.0370173
1335137,5.6322103,0.78981173
1335164,5.3866744,6.374747
1335227,2.2180645,7.311053
1335276,5.1343355,4.630842
1335359,8.410384,8.978418
1335394,5.375992,1.0080147
1335395,7.601612,1.0119263
1335438,2.9198737,3.7352765
1335455,9.241031,1.8535292
1335457,2.4640465,3.4358244
1335467,4.5294924,2.9943304
1335470,3.2794662,5.730244
1335490,4.554517,9.460611
1335534,3.1059113,7.2662196
1335536,6.622736,6.2565236
1335568,8.624299,2.2737343
1335579,7.623472,2.5256906
1335593,5.8431973,0.643532
1335640,2.1046276,7.911289
1335681,7.695732,5.635877
1335695,7.981798,5.2048254
1335712,1.3488686,4.5374923
1335717,7.553664,5.367283
1335744,7.043783,1.6659436
1335745,6.76343,1.9231095
1335776,4.662262,2.743148
1335817,7.769632,2.674105
1335818,9.107387,4.078637
1335819,6.9455547,2.376644
1335835,8.194393,3.0852835
1335855,6.980526,1.8004491
1335874,8.768502,7.7097607
1335876,9.216525,8.230342
1335877,10.08842,8.7735615
1335879,10.361919,8.698041
1335881,3.609532,3.669851
1335883,8.297588,9.990234
1335884,9.141253,8.315532
1335909,6.464222,9.06704
1335911,9.760721,9.024825
1335924,8.262698,7.4625435
1335933,9.83326,8.958182
1335934,9.355394,10.237124
1335935,10.229911,8.763201
1335936,9.662542,6.2240458
1335944,8.323544,2.664697
1335955,9.528958,5.4502106
1335957,8.646772,10.847302
1335986,9.30711,5.129837
1335998,6.1114793,6.068178
1336001,4.087446,5.757523
1336011,1.5387899,6.9965224
1336012,7.537336,2.9595773
1336048,9.426962,8.364667
1336053,7.3964167,9.263725
1336056,8.036587,1.8700736
1336070,7.754704,2.7078278
1336078,7.723123,5.9882164
1336100,0.653318,5.8198333
1336108,7.373482,0.1382538
1336111,7.189378,0.41249293
1336125,4.2406898,5.1120963
1336129,1.6126037,5.838671
1336135,4.8079715,4.252746
1336228,4.7568,4.8102093
1336232,7.8880177,1.5206602
1336242,6.8054147,3.5128093
1336268,1.0048982,6.130149
1336298,5.5724187,10.343925
1336332,5.403708,10.517369
1336336,5.6119204,10.378573
1336362,6.726404,0.614623
1336367,7.6199937,2.5643826
1336383,2.2804155,7.5321302
1336456,8.146659,9.3022
1336458,8.169746,9.258447
1336459,8.042662,9.119548
1336461,8.030729,9.078231
1336463,8.123876,9.170888
1336465,8.145118,9.305153
1336467,7.3241367,7.970861
1336468,8.081302,9.089411
1336469,6.4587026,1.6917285
1336471,8.288804,8.075822
1336472,1.7059782,7.086449
1336543,4.9654837,5.916613
1336554,5.009789,5.5253057
1336557,6.4630003,2.1321993
1336565,8.108213,5.6620936
1336566,8.03518,4.8591475
1336567,7.9623084,5.131297
1336568,8.028302,5.5276628
1336601,8.718772,6.510143
1336648,6.3634214,4.945468
1336677,7.338509,0.14715068
1336680,7.7882075,3.1311855
1336681,7.1755886,3.4651892
1336685,5.035139,3.8914666
1336729,9.087477,6.800239
1336731,8.668677,10.882171
1336768,8.361882,9.7276745
1336779,6.4693694,0.5395152
1336793,6.948596,3.6514442
1336801,4.62318,9.534556
1336812,6.5538793,0.8649551
1336866,9.130565,3.7634778
1336871,8.900873,2.7043452
1336881,7.6596556,2.8488925
1336903,10.668883,6.826375
1336908,8.71977,1.9748268
1336910,7.743831,3.081489
1336911,10.627615,6.661815
1336917,9.213248,1.5028688
1336924,4.2839975,9.476141
1336925,5.0103083,9.492967
1336926,4.293601,9.488299
1336927,6.143273,9.191268
1336928,4.235724,9.487588
1336929,4.136559,9.27846
1336930,7.557908,6.695207
1336931,4.7336564,9.715549
1336932,7.494937,7.3334036
1336965,4.9420214,4.7159815
1336974,4.363055,9.284294
1337014,9.595017,5.569759
1337018,6.064054,1.1094621
1337030,4.8387847,1.2362874
1337059,9.4205265,8.590092
1337073,9.226339,8.292756
1337082,6.8822613,8.447989
1337090,9.2176075,8.290787
1337092,7.9932976,3.8444853
1337142,6.9298916,3.4732716
1337163,6.822921,6.728377
1337164,9.154559,6.9817553
1337165,7.6840467,5.927895
1337180,2.300148,7.88488
1337181,8.900237,7.9702945
1337182,9.243473,7.5943003
1337183,8.528011,7.031741
1337184,10.153292,7.709831
1337206,6.7291117,3.5876367
1337210,1.9782254,6.563085
1337229,1.1450676,4.910951
1337234,2.2336254,4.2163687
1337236,2.1697059,6.399507
1337246,0.8108762,6.5977592
1337253,3.5921464,4.698826
1337284,8.874775,0.407109
1337286,9.125086,0.7543666
1337296,8.281098,0.7246128
1337358,8.787494,0.756163
1337443,7.251261,0.105968736
1337531,6.525148,7.5479913
1337565,4.0986457,4.1310325
1337616,2.1656094,7.7246485
1337617,2.1444576,7.600794
1337646,4.1920657,9.497389
1337648,2.7884328,8.26662
1337650,7.1125484,3.3663015
1337651,1.1752281,5.973
1337652,1.1234548,5.9851274
1337653,2.9445136,7.324965
1337654,0.8305315,6.082236
1337655,1.0500885,5.9201164
1337659,3.2317426,3.9934657
1337665,3.402944,5.1090155
1337676,4.9323893,0.98550147
1337677,5.196715,2.2133715
1337681,5.2761316,3.4916694
1337683,6.8389688,1.2155522
1337693,8.92626,0.4213411
1337700,5.8747544,0.9920463
1337707,6.9271526,6.2034826
1337768,4.7888546,0.86859745
1337797,4.201584,4.690615
1337798,6.1643114,7.889484
1337799,7.9413295,9.253515
1337800,4.838907,7.508856
1337801,4.92319,7.6518397
1337823,9.412646,4.2761865
1337829,6.70494,2.1024153
1337857,6.2657895,0.55425763
1337859,9.574018,3.4618
1337906,2.8302078,4.717676
1337922,3.7258751,4.6958966
1337930,2.9495666,4.892947
1337935,8.204996,9.461311
1337938,10.302163,8.247983
1337971,1.9622846,6.3720655
1337973,2.7707798,6.8680134
1338022,6.069316,6.264634
1338032,1.9775499,7.1451163
1338053,4.4481387,2.4591358
1338062,10.290536,7.1959105
1338065,10.650596,7.076041
1338070,7.321475,9.159462
1338071,9.064677,8.763173
1338073,7.9310946,9.395009
1338074,9.355145,8.924468
1338096,10.632862,6.7393746
1338102,5.9448195,1.0646217
1338212,9.677867,4.334235
1338213,11.001835,7.2153025
1338222,10.732538,6.9959016
1338229,10.5177765,6.962331
1338231,10.0427475,6.432189
1338321,6.094473,0.723714
1338327,7.867464,6.469034
1338351,9.333838,3.323478
1338364,10.6471,6.7263165
1338370,9.322577,4.2341685
1338386,10.378492,7.414038
1338388,8.730694,2.5218713
1338394,3.5939178,3.790584
1338398,8.819964,3.3525083
1338399,10.689588,7.0215397
1338434,4.518026,5.5964236
1338439,4.7222924,6.572117
1338445,2.8686433,6.523456
1338460,6.2747464,0.74508685
1338469,4.4749966,4.0822926
1338475,8.908668,1.5667708
1338532,7.7766943,9.146605
1338538,4.978428,7.2518244
1338546,11.013647,7.3298883
1338568,4.2916446,9.493407
1338569,6.06352,9.911993
1338582,7.141659,9.190422
1338585,8.241197,9.498658
1338591,7.966163,9.3899355
1338601,10.397925,7.2419643
1338607,8.954997,2.3486056
1338608,10.13127,6.84411
1338609,7.616253,6.1073337
1338610,10.02318,6.501719
1338618,5.6586504,10.285529
1338632,9.3858185,1.8194821
1338642,9.89682,4.773353
1338647,10.708014,6.816719
1338664,2.5711462,4.3133836
1338665,1.5558193,4.327443
1338666,3.019012,4.1380024
1338686,10.911356,7.2069607
1338693,10.736054,6.867545
1338782,9.347456,7.992181
1338793,9.128015,2.913381
1338801,6.6309247,0.80267376
1338808,9.85981,4.371416
1338820,0.6140964,6.968785
1338830,8.620414,4.29357
1338853,9.639774,4.548418
1338859,6.188131,6.2330003
1338860,9.316667,7.091177
1338875,9.477978,5.286072
1338876,9.438919,5.053458
1338886,9.575658,5.344917
1338897,9.710273,5.3568277
1338912,9.167423,7.6775165
1338955,9.50907,5.9627995
1338956,9.326555,5.915529
1338957,6.562795,5.8149824
1338968,9.567623,6.134461
1338978,9.441317,5.207299
1338997,6.614221,0.7249056
1339006,7.540211,3.0298579
1339017,8.898604,2.0279462
1339024,10.881452,7.285402
1339025,10.671743,6.7612467
1339055,8.620246,5.706649
1339056,9.477359,5.2833824
1339062,8.363093,1.386823
1339092,4.124088,6.433229
1339127,8.588239,4.9295864
1339132,10.425471,7.967581
1339141,6.507418,1.2955883
1339144,5.48267,1.5672992
1339197,9.351533,1.5058337
1339206,10.6121645,6.893471
1339208,10.947202,7.4717584
1339223,10.662468,6.7003226
1339284,7.57994,2.5152035
1339299,3.7985826,4.382795
1339323,9.009706,3.8220592
1339326,11.045802,7.3391333
1339327,8.978956,4.3282857
1339334,8.176859,3.2481267
1339341,6.332822,0.6396357
1339359,4.7952785,4.076377
1339369,9.729523,5.3025713
1339396,6.587481,0.59369373
1339399,6.137781,8.603894
1339405,9.243387,1.9902407
1339433,7.7369595,5.532308
1339448,9.040531,9.578183
1339450,7.793094,9.464649
1339452,8.725629,10.64159
1339458,9.283253,8.826661
1339483,1.7625233,5.4740067
1339484,9.042341,8.653276
1339485,9.247339,8.300308
1339486,6.510588,8.525195
1339487,8.964843,1.4206083
1339499,10.059608,7.448995
1339501,6.7208223,9.074258
1339506,9.370273,4.5859427
1339512,5.446634,7.2223315
1339514,5.961433,8.55546
1339521,9.507858,8.364879
1339543,4.6027946,9.388681
1339545,3.6992965,1.5874629
1339565,6.525701,0.65727675
1339574,4.98196,1.9088032
1339604,3.2649944,5.5741763
1339626,2.1048393,6.0872307
1339633,8.539616,8.0791025
1339639,8.518423,8.858556
1339643,7.492927,8.008471
1339668,1.9664433,7.337063
1339688,4.848189,3.5115728
1339697,10.13787,8.232603
1339701,9.2628565,4.914701
1339723,8.144231,9.505022
1339733,3.1984034,7.385598
1339882,8.958668,3.0516293
1339884,5.1298428,8.338771
1339962,8.660016,4.317089
1339982,8.806135,3.4405644
1340017,10.621279,6.9900775
1340047,9.79126,8.529833
1340125,9.773813,4.6758347
1340140,9.601289,4.1634717
1340151,3.7614028,5.276229
1340153,4.292999,7.155963
1340176,8.714633,7.3559294
1340181,8.82188,7.975151
1340182,8.614442,8.462172
1340203,9.949294,6.9670362
1340215,8.493501,8.267171
1340222,9.177223,8.426942
1340229,8.3937025,8.424673
1340242,10.399308,7.9677696
1340258,9.223912,0.93107426
1340262,10.459859,8.178442
1340263,9.557169,7.199621
1340300,2.3777754,7.1827602
1340304,2.3848386,7.7911897
1340312,1.5366371,5.9095745
1340338,7.3728065,3.5091348
1340342,9.311924,5.4879336
1340354,3.3283763,4.2645907
1340376,9.67114,4.3387465
1340396,9.379051,4.609984
1340401,9.926608,4.607686
1340402,9.574739,7.7104554
1340403,9.398868,3.1290543
1340487,1.3417921,5.9422345
1340490,1.6142889,5.7769485
1340514,7.6068454,0.7092531
1340517,8.770005,2.4304242
1340542,5.9897947,0.8163943
1340543,6.4663324,0.6882881
1340593,3.4688027,6.9487925
1340595,2.8611798,4.6138387
1340597,1.146232,7.611721
1340687,7.5243545,8.025063
1340689,5.5440245,10.394672
1340706,0.7172144,7.2977242
1340743,8.772411,2.6544702
1340744,8.04059,6.5076666
1340748,9.876345,4.740981
1340751,10.219226,8.684966
1340754,9.797112,6.890953
1340776,8.810751,5.260202
1340780,8.342148,8.307542
1340782,8.913718,10.634081
1340790,8.064443,9.136492
1340801,7.7839956,9.221071
1340802,6.293221,7.0824494
1340804,7.394451,3.499028
1340805,4.6477637,9.42309
1340806,8.724209,7.893964
1340812,6.9667573,6.168661
1340827,10.682494,6.7733912
1340902,6.2508683,2.2947326
1340945,5.362442,3.4153085
1340988,9.71034,4.532092
1341106,3.2226374,3.8917174
1341108,2.0953016,4.791322
1341115,2.505787,3.6433172
1341127,6.4285536,1.209525
1341139,1.5830634,4.5511103
1341141,2.5197656,4.0868
1341187,9.201334,8.740899
1341217,8.249772,8.554318
1341228,4.510826,7.983052
1341340,1.6952382,6.470879
1341424,4.7412324,5.1082716
1341455,8.159979,1.7809482
1341520,4.02893,2.706042
1341522,3.6059508,3.7420778
1341528,1.0702982,6.070217
1341529,1.3416659,6.7789745
1341530,3.6315782,3.7492514
1341531,0.7153656,6.8813887
1341532,3.887157,2.7621193
1341535,4.0561414,3.1427882
1341537,4.0362525,3.0892754
1341540,3.9663215,3.1970747
1341541,3.6301842,3.802937
1341542,3.3807256,2.3221016
1341552,2.3434944,7.0005045
1341562,0.6458928,7.2007565
1341569,1.0089592,6.392109
1341583,7.548251,0.9749225
1341596,7.3879194,8.894236
1341602,9.794619,8.721527
1341621,9.9281,8.279778
1341622,6.551902,8.768787
1341623,5.890145,0.42277488
1341624,6.357939,8.90862
1341625,9.515467,8.678296
1341627,9.708674,8.553224
1341629,9.271526,10.601875
1341639,8.346611,8.118023
1341642,8.249591,1.0964513
1341654,7.3898897,1.9847208
1341656,7.234902,1.3484172
1341659,7.4791064,1.8061156
1341660,7.661792,0.8036414
1341707,8.382527,8.492667
1341710,8.793258,2.2258716
1341719,8.901496,7.976539
1341733,9.187696,8.776738
1341750,0.6822937,6.9285674
1341753,4.314289,5.8670235
1341760,2.408865,5.778982
1341777,9.067509,8.375421
1341822,8.503342,8.289742
1341834,4.192075,2.709073
1341843,6.0899286,0.4629234
1341844,9.562147,8.142952
1341845,5.9915056,10.13121
1341846,6.529556,10.082771
1341853,9.6395445,8.625921
1341855,8.558371,8.023339
1341856,8.468706,8.098173
1341858,8.653893,7.928538
1341859,5.289559,4.738509
1341860,8.537134,8.384136
1341871,7.4214735,1.8398074
1341900,3.5583618,6.5675473
1341951,7.7225814,2.1188946
1341963,5.340889,8.322813
1341970,7.8666487,8.699053
1341985,10.123566,8.497711
1341994,7.930438,9.349256
1341995,8.447333,8.343827
1342007,8.536132,7.6606665
1342011,7.9819126,9.099097
1342012,8.422887,7.3746123
1342014,5.7433915,8.382435
1342015,9.881278,8.293248
1342021,9.876469,5.2873926
1342025,8.264208,9.272768
1342029,5.8948636,10.259957
1342034,5.465546,7.244806
1342048,9.633021,8.469781
1342069,8.691282,4.271201
1342090,6.8807907,2.4761076
1342108,6.8254075,2.374226
1342110,6.2038946,9.50082
1342115,6.4460187,10.109747
1342117,6.5568876,10.079311
1342122,8.3087225,0.2589538
1342161,9.446952,8.046603
1342162,8.664164,8.406956
1342163,8.585756,8.039062
1342165,8.61173,8.997379
1342169,4.9097443,6.189196
1342178,5.879798,8.735098
1342181,9.617431,8.669448
1342203,9.466177,8.007544
1342204,8.265471,8.133592
1342206,9.446289,8.715246
1342207,8.574956,8.354863
1342213,7.7986636,1.178237
1342218,7.9378905,0.6446222
1342226,8.830165,1.4649001
1342233,8.779592,10.563191
1342234,8.381629,10.546955
1342237,7.065306,7.8052735
1342242,6.8245306,3.4364965
1342245,5.542657,0.70162374
1342260,9.211425,8.768512
1342265,6.9579415,7.1875224
1342267,8.274913,8.18536
1342269,8.686142,8.164529
1342270,8.841649,7.5527472
1342271,8.489779,8.121203
1342273,8.479699,8.374476
1342352,3.0167868,7.643701
1342362,9.19393,8.784662
1342363,5.6124434,10.320161
1342366,8.488298,8.128873
1342370,10.097609,8.929189
1342372,7.8099947,7.8404937
1342373,5.659602,10.356191
1342379,8.315188,8.35868
1342381,8.278983,8.094884
1342418,0.41350296,7.056631
1342465,5.1410174,2.7116241
1342478,5.0270095,2.7747505
1342482,8.605212,10.714557
1342488,8.914969,1.0624527
1342489,9.711717,5.5262604
1342490,7.799137,5.7319965
1342491,10.238313,7.161084
1342498,9.546529,9.3611965
1342500,5.886925,8.778219
1342506,8.848105,8.221517
1342509,8.950412,10.635161
1342514,7.480176,9.110327
1342517,4.647529,5.0241756
1342518,9.577854,7.737839
1342519,9.687745,4.623796
1342520,8.578028,8.646467
1342521,9.902289,4.812521
1342522,8.923987,5.0415897
1342524,5.9346156,8.49649
1342527,5.7608185,10.103605
1342533,6.07058,8.851503
1342539,9.086759,5.3577094
1342540,7.0811343,9.513197
1342558,7.791293,9.39083
1342573,4.53213,6.697675
1342576,10.336089,7.7893686
1342577,10.043689,7.468846
1342578,5.999305,8.532085
1342614,6.329845,0.5611384
1342634,6.4926524,1.9778122
1342641,6.8162065,0.82611036
1342643,7.552784,1.4667125
1342644,9.506915,6.7593203
1342647,8.495093,0.6362294
1342661,9.05982,0.50503755
1342671,10.326182,7.746521
1342673,7.7132845,2.6849358
1342677,7.966075,7.298213
1342679,10.200904,7.62578
1342681,9.722851,5.101612
1342683,8.251325,7.401803
1342692,5.039541,1.7013807
1342719,5.194253,2.539368
1342720,7.526769,1.342737
1342722,4.6764607,2.1342347
1342724,4.9029317,3.4634285
1342725,4.7124977,4.0582705
1342726,3.84608,2.703291
1342739,9.012752,4.925078
1342746,7.8875523,5.2309666
1342747,8.442709,6.0277367
1342751,9.673597,5.6337914
1342795,4.7753797,3.8843677
1342805,2.37662,6.880874
1342861,7.312121,1.6260552
1342864,8.540344,1.3127879
1342866,7.8910804,0.6762393
1342868,3.9049835,3.1955342
1342869,8.243764,1.1165438
1342874,3.3111815,5.6557083
1342899,2.7871253,4.6159387
1342905,3.035611,4.262691
1342947,3.9637656,2.8597188
1342959,7.825603,2.0039535
1342965,5.3530707,3.4159493
1342972,8.58244,3.250828
1342973,4.9155927,3.147162
1342977,8.831244,2.478133
1342996,7.847972,3.4502788
1343004,8.102495,1.9096403
1343014,8.119843,3.1536903
1343015,9.787676,7.7446723
1343018,9.0328,2.8377051
1343019,9.941423,4.74055
1343022,9.807225,4.373068
1343023,9.51166,8.644354
1343025,9.342473,7.5436625
1343033,5.849336,9.048381
1343034,5.7942395,10.179148
1343036,6.4121065,6.4430113
1343040,6.0737786,10.046516
1343041,9.580568,8.697564
1343044,6.6500216,9.18013
1343050,9.079071,7.969095
1343082,7.6191397,1.7041979
1343085,6.7649045,1.6776445
1343086,2.755425,3.8897362
1343089,3.988658,5.123369
1343116,3.853145,5.114749
1343152,4.7863755,6.8627896
1343196,5.0210056,7.767225
1343204,7.7093377,3.2064872
1343205,4.956654,7.393549
1343210,4.6787844,7.3066273
1343220,2.241573,7.356182
1343221,1.906633,7.086647
1343232,1.263669,6.3358846
1343247,2.6550395,8.410136
1343260,7.989806,1.6500431
1343263,9.038075,1.1074262
1343265,7.464265,0.18545492
1343274,4.4505696,4.1894665
1343278,8.444485,1.0876833
1343287,7.004445,1.1052047
1343294,4.202482,1.5454196
1343316,8.030735,3.0422375
1343320,8.212178,3.6764574
1343321,8.217262,3.6111145
1343325,8.103893,3.2288227
1343326,8.112204,3.356084
1343328,9.2680235,2.8086686
1343332,7.939319,4.9179087
1343398,6.623339,0.6809387
1343415,3.436474,4.101593
1343420,1.4785942,6.135735
1343434,8.2341795,3.1514215
1343442,2.155866,7.5182714
1343444,5.1245146,6.5206885
1343446,4.9071655,5.848741
1343450,1.2223705,4.6631966
1343454,1.0487007,6.3223453
1343473,3.336556,5.00352
1343509,6.4954605,2.124621
1343514,6.890702,3.4520721
1343565,7.967176,6.4183416
1343567,5.865455,10.194444
1343579,9.577874,5.2241354
1343592,2.8221917,7.1508102
1343601,3.7751882,2.9637501
1343607,8.916666,4.404283
1343624,4.284415,2.5699248
1343627,8.126872,4.02839
1343629,7.192681,3.4942083
1343649,3.8991685,2.8194413
1343655,4.094513,2.6962626
1343665,7.903327,8.715663
1343737,7.7430916,0.7181204
1343791,7.842633,2.5490675
1343818,0.8135771,7.4208922
1343830,7.853323,2.337779
1343835,8.781883,5.27668
1343846,8.48251,1.8740913
1343859,6.879977,5.60037
1343878,10.398038,6.8288116
1343879,8.768428,2.6950533
1343882,9.776586,4.2558603
1343892,10.620168,6.934539
1343895,10.02188,7.705397
1343899,9.991188,7.02195
1343940,3.0289063,3.4205472
1343941,3.493799,3.0063841
1343943,5.3942738,10.53677
1343955,3.9738588,4.737262
1343986,6.8119726,3.413432
1343987,3.3320005,2.2187207
1344001,9.058466,4.9347596
1344007,7.89318,2.9919343
1344030,2.7970943,4.071388
1344070,4.370981,6.0680885
1344074,5.7471886,7.6320467
1344098,3.565064,4.9321938
1344101,9.187865,8.102573
1344102,7.3443675,9.15469
1344103,8.941441,8.376916
1344109,9.203808,8.804429
1344123,8.9789295,4.811532
1344126,2.1821434,6.7485576
1344127,7.056671,2.924065
1344135,4.67783,2.825704
1344157,2.9566667,6.437757
1344161,4.2510905,5.0512295
1344167,1.9114451,6.7519207
1344214,7.9617863,2.3081539
1344215,9.599598,3.5281508
1344219,6.9067893,3.5062704
1344269,5.1502104,3.3996751
1344279,4.463699,5.0347257
1344290,4.020894,5.0036235
1344312,4.53568,5.1157293
1344313,1.4601327,4.156554
1344370,7.544844,1.52063
1344402,3.0812123,4.793644
1344404,2.8239102,4.1380987
1344496,5.786752,7.6766825
1344502,9.304498,10.239588
1344507,8.752344,10.264087
1344512,10.363959,8.698787
1344515,6.9486885,7.2441316
1344516,9.231449,8.133296
1344517,6.720222,8.436973
1344518,9.609145,4.547674
1344523,10.49522,8.333362
1344524,8.399477,4.0710864
1344542,2.0057356,7.289705
1344545,1.4962705,5.469093
1344554,7.0976615,0.36165792
1344572,3.031208,4.069143
1344574,3.2806485,4.2587633
1344595,4.748662,6.7100244
1344606,7.172227,1.2453352
1344610,7.6919165,2.8264081
1344631,7.013937,2.366598
1344637,9.526751,5.1356444
1344640,8.770832,6.525523
1344687,4.460893,3.9741187
1344688,7.9492188,0.552186
1344689,7.301591,0.5885435
1344699,6.975815,1.3214095
1344718,5.3008075,7.4777985
1344755,6.014359,3.225348
1344757,8.526662,0.8563707
1344787,8.197315,1.0230701
1344805,8.999096,1.6199099
1344819,7.276312,1.0010514
1344828,8.169149,2.1024058
1344879,7.947343,4.8870487
1344881,9.559495,8.093825
1344882,8.212176,4.841072
1344889,8.800618,4.8596907
1344891,7.1001606,0.81050134
1344892,8.086592,4.742166
1344893,8.0715475,4.932742
1344895,7.9934945,4.8038025
1344904,6.0820565,0.73101485
1344907,8.810309,0.91703314
1344931,8.483674,0.69089895
1344944,6.068324,0.30849135
1344952,7.253169,2.3163137
1344957,9.296856,7.7517586
1344960,9.60001,3.6053832
1344964,3.7352257,2.918686
1345007,3.236613,4.4085493
1345011,7.2399125,0.85599756
1345016,4.491274,4.682581
1345017,5.2076387,2.8995824
1345022,6.609097,0.5295413
1345024,5.191168,2.7922215
1345028,6.6048512,2.2257044
1345038,2.737065,8.494091
1345050,5.098519,2.8578742
1345061,5.263475,7.7813206
1345062,8.859555,8.08534
1345063,8.485076,8.56713
1345064,4.842353,7.496664
1345065,6.2861047,7.7655683
1345068,8.014573,6.486933
1345074,7.5209374,8.05278
1345079,4.712002,3.9904602
1345105,9.159495,8.737375
1345106,4.55902,8.020492
1345108,6.013498,0.20650956
1345109,8.653522,2.6937387
1345111,4.186804,7.5239463
1345119,2.5363426,8.190121
1345163,3.9919631,3.2814481
1345175,4.073219,2.8632557
1345179,3.2420597,5.4881396
1345180,7.366071,1.7069238
1345197,8.422351,1.0588912
1345198,6.9327364,0.8468526
1345199,1.6689292,7.4023542
1345212,5.0896363,3.4657264
1345220,3.7744455,2.7952235
1345226,7.3817825,2.0426292
1345252,9.717295,9.387712
1345297,7.817994,1.9491479
1345299,8.854748,0.45837
1345310,8.572808,8.127304
1345320,8.642174,5.075068
1345322,7.823135,8.998565
1345323,6.258923,9.730873
1345345,1.5487587,5.44859
1345346,1.6229198,5.574175
1345349,2.4772937,6.995477
1345357,1.3483627,6.9900312
1345366,7.0174847,1.5803457
1345380,8.769041,10.814224
1345408,4.157601,3.061431
1345413,4.514648,1.432485
1345416,8.915262,2.1954021
1345434,5.3195834,0.9528178
1345438,6.980926,3.3491282
1345453,5.4604983,1.5109888
1345454,7.508143,1.1794368
1345456,7.937011,0.86881477
1345458,7.5067687,1.2338169
1345481,5.7642164,0.89492005
1345489,2.3423274,4.3708167
1345491,1.2696185,4.7659473
1345503,2.9455626,5.544718
1345504,2.0907636,7.4240346
1345515,1.6384217,6.7798133
1345516,6.1281652,5.873413
1345517,0.96183294,6.6339617
1345518,1.08174,7.3729267
1345529,10.624471,7.6125426
1345530,9.429509,7.097238
1345532,9.155123,8.174836
1345534,9.227271,8.601514
1345535,10.270324,8.656592
1345537,9.44201,7.077655
1345553,5.3741765,2.733502
1345554,5.2036467,1.9804738
1345555,6.7327623,3.5376544
1345556,4.9970274,2.499412
1345557,4.875332,4.4869366
1345613,1.3467076,5.880219
1345624,7.5456395,2.0966532
1345625,5.1320477,3.1438358
1345657,10.003431,8.57705
1345658,5.1038294,7.7845297
1345698,4.3790226,3.4181058
1345731,10.028048,5.569592
1345754,9.257001,4.6550136
1345763,7.1737366,8.450262
1345765,9.576868,5.603888
1345793,8.050316,5.6548533
1345794,8.385145,4.133819
1345805,7.680983,2.1239288
1345844,4.0300407,3.9311173
1345864,2.4146495,7.2285075
1345881,2.0987942,7.4315357
1345917,0.49487734,6.781417
1345918,1.4206771,6.9915767
1345919,8.26885,0.8152351
1345936,7.8929133,1.987839
1345941,6.820085,3.510657
1345946,5.338516,3.064977
1345960,7.7374334,1.1343536
1346000,7.578891,2.0010502
1346006,8.448301,0.55543125
1346009,7.951643,0.9590416
1346011,8.278946,1.439699
1346036,3.9705045,2.7959332
1346043,3.828475,3.1766164
1346076,8.839912,2.1672318
1346108,7.3824186,3.0154629
1346126,5.3924356,1.3325757
1346195,3.758768,3.3115828
1346210,1.5059606,6.8603578
1346272,8.369272,2.006908
1346274,8.265186,2.1224933
1346380,1.3887277,4.397146
1346392,1.3300959,4.5555544
1346444,4.0260487,3.4403377
1346446,4.140426,5.7869196
1346450,9.734486,4.563636
1346529,9.585542,5.4894295
1346537,9.342753,2.0512192
1346538,9.916687,4.586547
1346544,9.084539,5.92201
1346551,9.508523,5.6451507
1346553,9.949357,5.5494976
1346557,7.265374,6.7614565
1346563,9.150112,5.046102
1346574,9.456143,5.586043
1346581,4.9420934,2.690964
1346607,10.828258,7.509052
1346628,5.0247536,3.2552829
1346635,5.9855456,0.17984822
1346637,7.887773,0.6898851
1346641,8.4504385,2.0287263
1346646,5.527847,2.419655
1346657,6.022751,2.2591932
1346658,6.0939274,2.2189531
1346681,8.863391,1.4147837
1346769,3.0812788,4.5572433
1346770,3.0150397,4.0231175
1346771,3.378768,4.536523
1346780,2.9183621,3.4755888
1346793,2.164742,6.112459
1346814,2.1945798,4.224104
1346819,2.392074,5.917207
1346820,0.9218792,7.3530293
1346821,8.895912,7.6069407
1346841,8.390802,0.38321838
1346842,7.7730517,2.8027134
1346843,10.734771,7.208753
1346844,7.4900007,1.0679703
1346845,8.267071,1.2235115
1346846,8.725593,3.5482857
1346882,4.2205997,8.915887
1346892,6.0578403,2.2901683
1346893,6.066773,2.2578037
1346894,5.8404083,2.1034236
1346895,6.0802746,2.2877033
1346907,3.532667,5.3664794
1346938,5.77826,1.5250348
1346939,6.913716,1.7887261
1346971,8.194544,1.5990402
1347038,4.8489532,7.051517
1347078,8.581837,8.118883
1347083,9.584286,8.152967
1347086,10.102788,8.831719
1347130,2.735849,7.9437046
1347132,8.438785,7.551387
1347135,4.2878733,7.633734
1347141,7.5319676,6.6599813
1347144,4.0112786,6.189911
1347185,9.27938,4.2129674
1347284,6.8358145,3.4532146
1347302,7.436245,5.9753413
1347304,9.833746,5.6820393
1347309,7.759127,7.071643
1347314,8.178784,4.1770606
1347316,8.916694,4.551567
1347341,6.7959433,1.4806002
1347350,2.7143896,8.482178
1347354,2.4207191,7.0395703
1347356,5.1487246,3.7122784
1347384,6.5075173,0.5498743
1347408,7.873909,2.4332876
1347422,5.486957,8.431929
1347425,6.1397862,8.776229
1347427,6.02588,8.8634615
1347429,6.9642897,9.493446
1347519,6.1617947,2.3656712
1347521,6.1084995,2.2311323
1347525,6.407741,6.6382766
1347554,6.9384117,1.7757515
1347560,4.850092,7.2250347
1347573,1.3596287,4.778518
1347588,3.3891516,5.507002
1347592,5.861479,1.4513686
1347602,5.9108057,0.24400902
1347606,7.8578873,0.8224691
1347608,6.113453,2.305238
1347689,7.633562,2.9798083
1347698,1.5811172,6.7036347
1347705,7.4162855,2.9939644
1347731,8.142479,1.3638684
1347732,8.261201,1.6188834
1347749,3.2854054,6.043446
1347790,5.5226192,9.973879
1347792,0.65331066,6.3212643
1347830,8.535471,1.4962306
1347832,8.25301,1.6185517
1347833,7.7419353,1.7640344
1347834,7.6253715,2.238053
1347835,8.65443,1.7419981
1347846,8.929828,1.5563583
1347847,5.965147,3.2589428
1347851,7.106128,3.5096686
1347852,4.7152395,3.428596
1347853,6.1191993,2.3749866
1347854,8.435834,1.1125133
1347857,6.1185617,2.3810492
1347859,5.4983377,1.6538094
1347865,4.2136974,3.030323
1347903,4.776895,3.6410515
1347916,4.14795,2.6841636
1347922,8.064392,5.393898
1347924,8.788901,4.7308803
1347950,6.8541822,0.740294
1347953,9.275173,1.4756769
1347955,4.8434386,1.2094483
1347957,6.573177,1.4059439
1347976,2.5063117,8.052206
1347981,2.535135,8.202233
1347982,2.6018403,7.8300753
1347983,1.3328106,6.0293236
1347988,1.3509358,4.5384374
1348014,9.19939,1.8667175
1348019,9.258133,2.527192
1348021,8.5092,0.6396084
1348024,8.826886,2.1630154
1348046,1.6138669,7.32204
1348048,5.1324644,2.9228086
1348052,9.211362,8.622117
1348053,4.8328753,4.495889
1348054,4.5482335,4.984977
1348056,4.5887537,8.351285
1348063,6.7182126,8.888399
1348066,9.560817,8.632034
1348067,6.9792595,9.356566
1348072,7.150033,9.448277
1348077,9.457081,8.666915
1348078,5.5038257,7.915337
1348081,8.84706,8.807438
1348082,5.835738,10.218456
1348083,10.193806,8.203335
1348086,8.056711,5.8077087
1348087,9.387612,8.764573
1348088,7.422041,8.092685
1348089,5.906906,8.762496
1348090,8.978851,8.160879
1348095,7.6270404,0.8860062
1348123,3.7795012,6.7656693
1348124,5.275606,8.09099
1348130,8.607876,1.7422588
1348132,5.802267,2.792471
1348134,5.140372,2.8337054
1348136,1.1106877,5.79863
1348143,4.657068,2.9012706
1348145,1.4668051,5.7109466
1348153,0.71127725,6.6666765
1348181,0.6544055,6.6781015
1348184,1.0731802,6.681617
1348187,1.9552215,6.105452
1348237,6.471678,0.6795281
1348248,2.8541448,6.3428006
1348259,3.247667,5.4920087
1348260,1.2023172,5.1084433
1348269,1.4588722,5.3973837
1348271,1.3839693,4.447506
1348280,4.211424,4.9657445
1348295,5.6445365,3.5239396
1348296,5.703216,7.4581466
1348299,4.9870806,1.0534468
1348302,6.565749,1.1746186
1348316,5.3348613,3.0536833
1348318,5.478642,1.4932089
1348349,8.82635,8.391635
1348386,2.698625,6.88512
1348387,4.653541,5.0382247
1348391,9.062765,1.1125914
1348392,7.9045706,4.8749113
1348396,9.822478,4.816763
1348399,9.802177,8.15878
1348402,8.788347,7.8863707
1348409,8.991529,10.2158785
1348410,9.698748,9.007903
1348411,9.040878,10.501256
1348412,9.249007,9.925442
1348413,9.33244,9.63129
1348414,9.2487,9.786455
1348415,9.19343,9.675039
1348427,6.0999937,0.8166982
1348459,2.8920243,6.706775
1348463,6.9893146,5.326673
1348466,5.967133,0.7995024
1348467,7.471734,1.774767
1348479,8.663379,10.78306
1348480,9.116497,2.4539647
1348484,9.060594,5.61232
1348490,10.309701,8.682834
1348494,9.617399,7.0181303
1348524,9.072956,9.00049
1348532,6.045512,2.0862694
1348566,7.376724,0.165513
1348568,7.190079,1.8385957
1348571,8.998584,1.9306659
1348573,8.048552,1.5798398
1348574,6.8267174,1.0671378
1348579,6.6671834,3.1457462
1348592,7.651483,1.6527004
1348593,6.7434106,3.0364375
1348594,7.0165353,2.4182901
1348602,4.9282355,3.0196557
1348621,7.5371447,0.7106492
1348630,4.739276,8.061488
1348639,5.9633446,1.3940742
1348644,7.4753933,3.2859516
1348647,7.232265,0.70658517
1348667,8.542087,4.7687006
1348668,8.690962,4.6944737
1348669,8.59919,4.6760573
1348670,7.973753,4.879695
1348671,8.667345,5.2271013
1348672,8.947625,4.646374
1348673,8.650845,4.7248755
1348674,8.538819,5.0088654
1348676,8.844603,4.6887693
1348687,5.9421053,3.256205
1348692,7.8721333,1.0330997
1348697,9.113731,3.199748
1348701,2.71808,3.1039486
1348712,7.52303,8.190522
1348713,3.5088105,6.611297
1348716,6.233141,0.9202446
1348718,4.236464,3.1638684
1348721,5.2170897,3.417961
1348724,5.022849,2.795964
1348727,3.0553722,6.4349365
1348748,5.300237,6.49017
1348809,3.9365966,7.225194
1348821,6.815368,1.3122972
1348822,4.783261,1.918681
1348837,4.874545,4.976131
1348838,8.160029,3.6286342
1348851,9.276058,4.4897423
1348864,8.970124,8.678542
1348868,5.283827,7.180706
1348870,7.167494,9.244215
1348872,9.244566,9.460569
1348874,9.997577,5.484842
1348880,9.865115,9.397925
1348888,8.068455,4.9024925
1348896,5.083204,8.27724
1348898,1.6857713,6.5381637
1348899,2.4417632,8.149279
1348900,2.1703477,7.0118575
1348901,2.1939037,7.3060827
1348915,2.1303318,7.173178
1348923,3.952763,4.2721596
1348925,7.2465816,0.10582205
1348930,7.812611,3.1602821
1348945,9.808573,5.2139874
1348953,8.903168,4.774973
1348957,9.76986,5.734712
1348958,9.529376,5.0042686
1348966,10.946644,7.25721
1348967,10.864199,7.7650375
1348968,9.578847,9.321943
1348970,10.158243,7.4831324
1348971,9.876352,7.891723
1348972,9.868957,8.001304
1348979,9.582263,8.404811
1348980,9.399392,7.9917426
1348981,9.95664,7.98477
1348982,10.657796,7.188417
1348983,5.830631,10.344175
1348985,7.520212,8.181755
1348987,4.231591,9.438902
1348995,7.261848,1.6869284
1349002,7.9459095,8.263023
1349041,6.9145308,3.4077446
1349042,4.0575047,2.406696
1349074,4.176683,1.5914373
1349084,6.6158605,0.8899098
1349106,7.1782756,1.7331941
1349170,9.287609,2.017229
1349173,9.236655,1.9245747
1349177,9.08751,2.4081206
1349181,8.374933,2.469827
1349206,7.7831564,1.0891154
1349240,5.3577623,3.0753071
1349241,4.629882,5.938036
1349246,1.7454382,5.6637597
1349249,1.9820936,6.671023
1349293,4.9551153,2.8566072
1349306,9.371186,7.956426
1349317,5.6334786,1.7337514
1349352,7.231667,1.0841956
1349364,6.781698,3.4725165
1349367,7.7999663,2.6608927
1349368,8.852759,3.4596944
1349369,9.89935,9.26266
1349397,6.8838058,2.470734
1349400,4.271401,1.5304607
1349401,5.090526,3.0311928
1349402,4.84342,1.2350434
1349403,6.1209025,3.2895803
1349411,9.871755,9.367876
1349446,8.160182,1.9359957
1349447,4.9104958,2.7576675
1349448,5.207526,3.2469354
1349449,5.450958,3.0528355
1349450,5.951686,3.2485433
1349451,5.726452,1.461262
1349452,7.5434394,1.847404
1349453,6.85667,3.4309793
1349454,7.517445,1.8548924
1349456,7.9810166,4.915569
1349457,8.022198,4.8973937
1349458,8.9298525,4.5518255
1349459,7.915017,4.920421
1349460,8.070393,4.7997265
1349461,9.131201,4.9769177
1349462,7.8998337,4.911958
1349466,7.089481,1.5162044
1349467,7.3500333,2.6949558
1349476,8.827744,4.465353
1349480,8.671325,4.903315
1349483,7.9184613,4.9093843
1349488,7.993213,4.97238
1349492,7.9679055,4.8408985
1349493,0.6149087,7.3299384
1349494,8.03245,4.959237
1349500,8.505134,4.7293444
1349509,7.1543255,0.5655578
1349560,5.350428,4.7806487
1349605,0.86584103,6.123684
1349608,3.5775206,2.701703
1349611,1.4894103,4.5256004
1349652,5.074158,1.8182626
1349653,9.615917,5.6036835
1349674,2.0973845,4.502416
1349676,9.037696,4.6964493
1349698,9.299929,5.833952
1349699,7.983584,4.6309724
1349704,10.022896,5.5292654
1349706,9.457839,5.752693
1349708,8.076009,5.154251
1349710,5.5198245,2.8422375
1349712,8.542296,0.6972208
1349713,7.908723,2.8900204
1349715,7.7831645,2.4972353
1349717,2.0507216,7.273964
1349742,5.1792183,7.8945217
1349755,2.874971,5.2389164
1349759,8.067304,5.079568
1349760,9.853974,4.594313
1349762,9.832398,4.7243567
1349764,10.5645485,7.6019917
1349766,9.089298,6.997028
1349767,8.143221,5.1386814
1349768,7.9776506,4.8271284
1349769,8.524092,5.508342
1349770,9.228812,1.2644498
1349820,1.7258724,6.835967
1349821,1.6139741,6.763696
1349822,1.2993226,6.9056616
1349823,1.7796791,6.6189723
1349824,1.7479533,6.8151917
1349828,6.8241405,1.6549183
1349844,6.835971,1.2599219
1349846,7.118266,3.4304943
1349890,7.798347,0.86039716
1349897,5.4773645,2.819191
1349898,5.4594655,2.7658331
1349922,6.6754317,0.633316
1349927,5.1273007,3.016555
1349943,8.10317,1.5792551
1349959,6.53956,0.809515
1349964,4.9859653,3.2027
1349970,8.38399,0.68379253
1349976,8.467127,0.677114
1349981,7.25324,3.337445
1349998,9.053902,2.1622915
1350004,8.55138,1.5331275
1350028,6.2244034,0.6685669
1350041,2.082666,4.4601164
1350055,2.2151704,4.3701205
1350060,2.1507158,4.4671607
1350063,2.231168,4.2025614
1350078,5.203768,7.436048
1350085,3.9775026,5.552686
1350086,5.444244,3.0648837
1350089,4.5459013,7.299917
1350119,5.2970486,7.134917
1350124,2.962666,6.2319694
1350127,5.2011595,7.8293204
1350143,3.7456253,2.9696295
1350156,3.113799,3.1531475
1350163,3.923526,3.1569006
1350205,3.642916,3.9235294
1350207,5.98573,2.0765178
1350221,6.6445966,0.5514306
1350242,9.299905,7.9695287
1350251,8.732855,3.3345115
1350260,4.404278,6.73196
1350267,5.7480373,7.602968
1350269,4.4238954,7.4803624
1350288,9.039568,2.951472
1350289,4.998046,7.716644
1350290,8.688978,7.5974274
1350295,7.7475114,5.2944136
1350297,9.008636,5.733539
1350298,6.9167323,7.1036243
1350299,6.111144,6.0374293
1350301,9.397345,4.47899
1350304,7.9778047,5.8543105
1350305,8.855492,5.034688
1350307,9.314264,5.188849
1350383,8.986525,8.741677
1350390,6.5406895,5.2846045
1350400,2.4848914,7.090649
1350401,0.9988057,7.3142633
1350402,6.3767543,7.4899936
1350464,6.1012735,2.3949046
1350505,5.215207,3.4514015
1350606,7.7504764,2.6453662
1350642,7.696717,2.7590332
1350652,9.399407,5.461039
1350660,6.8106575,2.6735783
1350661,5.370852,10.39259
1350679,7.9007583,2.3934896
1350707,5.778951,0.201057
1350714,7.610606,0.7235934
1350716,5.2547646,3.100137
1350820,3.2543705,5.6224947
1350821,3.4117048,5.519335
1350822,2.5142012,6.477674
1350878,7.8475227,1.310493
1350881,6.3929086,0.6736521
1350885,5.5152664,2.345678
1350890,5.7681217,2.1363406
1350891,7.804865,0.9796425
1350893,7.909173,1.8981012
1350987,4.585776,7.495831
1351080,7.613276,6.610335
1351081,5.9598913,9.50979
1351082,3.4578955,8.938854
1351083,4.2520995,9.440378
1351085,4.986567,9.365675
1351101,2.4549615,5.6944838
1351118,8.41711,7.8909597
1351121,9.2591915,5.546863
1351128,9.770863,5.2749286
1351133,9.364768,4.8586507
1351158,8.675761,4.920993
1351159,9.359793,4.9859676
1351160,9.01056,5.6829553
1351161,8.11718,4.992901
1351162,8.05045,4.9828143
1351163,8.682506,4.1722145
1351165,9.351028,4.75563
1351166,9.01088,5.551954
1351167,6.883252,5.6633306
1351168,9.554114,5.7101727
1351175,9.05126,2.161403
1351176,9.424098,4.6987653
1351181,7.6234927,0.81426996
1351201,6.1637764,6.656264
1351206,6.497859,1.1177338
1351210,8.709059,3.3477027
1351218,2.470955,6.335174
1351220,1.7416589,5.7607546
1351228,8.467045,2.0241084
1351229,8.492046,1.9717554
1351231,8.261903,1.8356221
1351240,7.881989,1.8481019
1351241,8.04568,1.9912231
1351249,8.083597,1.9279131
1351250,7.952757,1.3509892
1351251,9.86532,4.3686647
1351300,5.940756,3.2524986
1351302,6.7198935,3.5571802
1351321,5.87952,2.08702
1351322,5.210708,0.9063905
1351332,8.272073,2.3048022
1351333,6.7253013,1.8066856
1351336,6.69148,2.035371
1351350,9.516171,5.3704195
1351357,9.232388,5.1710634
1351446,9.37933,4.945897
1351449,9.553997,5.7892127
1351460,5.2076073,4.6766863
1351473,10.106041,7.263984
1351476,5.65688,7.773875
1351480,6.1813207,9.424799
1351483,8.528494,8.325488
1351484,7.103991,6.780701
1351490,7.755247,7.8055544
1351492,7.093808,7.3126755
1351495,5.6055803,7.9574947
1351498,7.1154704,9.167515
1351509,7.459558,8.095836
1351510,9.780659,4.9258175
1351513,9.8573475,8.450466
1351518,9.79625,7.7650814
1351520,6.2393126,7.635104
1351521,6.0614786,8.286203
1351528,9.72795,7.287623
1351530,7.778558,9.381469
1351533,6.9112105,8.005886
1351561,3.5389533,5.562315
1351587,8.7627125,7.5839577
1351588,10.451011,7.936837
1351589,9.8288145,4.626819
1351601,8.117922,9.325481
1351606,5.3292723,4.7725887
1351607,9.020486,9.536621
1351609,9.819358,8.187298
1351610,9.558393,5.3921256
1351642,9.329496,8.025001
1351645,4.7359223,4.9639125
1351653,4.6037903,8.290197
1351654,9.942523,7.0753803
1351655,8.916135,7.740391
1351656,9.610698,8.136321
1351657,8.981238,7.929981
1351658,9.364029,7.547354
1351659,9.422806,7.3045006
1351661,2.719486,5.9767175
1351662,9.051623,8.106297
1351674,7.665882,9.460931
1351724,8.240865,0.77839535
1351731,8.5823,10.734292
1351734,10.044838,8.871305
1351736,5.682522,8.528422
1351737,8.072261,7.3933673
1351743,9.481216,8.626766
1351744,9.079313,8.064687
1351750,10.532509,7.6913214
1351754,8.024994,4.980453
1351757,11.014898,7.354221
1351762,8.206438,8.658844
1351766,8.548467,7.973156
1351768,8.512451,7.96575
1351770,5.4638696,7.7744975
1351772,9.595318,8.149048
1351774,8.764631,10.271096
1351775,9.044965,8.410313
1351777,5.679736,10.345021
1351788,7.0048757,8.88452
1351790,8.829416,7.974134
1351793,10.131749,8.513865
1351801,6.272452,9.727204
1351803,7.7713504,0.9073272
1351808,5.660131,10.337811
1351811,8.567242,1.9286125
1351815,7.555018,8.402687
1351816,8.582134,3.421393
1351820,7.3072357,1.6610109
1351822,8.1099415,2.9989357
1351830,8.419043,8.231145
1351835,9.26493,5.4461455
1351850,9.241132,8.889732
1351854,7.1174917,6.0840025
1351856,9.513462,5.4525323
1351857,9.843472,5.5036545
1351858,9.26789,7.2004504
1351859,9.888329,6.8996806
1351862,9.691684,5.064321
1351863,6.027706,1.31816
1351871,4.245406,5.2124047
1351874,4.1361065,3.214383
1351889,4.4196925,8.082477
1351890,5.134726,5.7663736
1351901,8.5773735,6.565172
1351903,6.538845,1.070049
1351904,4.444675,2.355767
1351905,9.062626,8.1602
1351907,2.833932,3.6770992
1351917,8.120712,5.032893
1351918,8.131321,4.9186807
1351919,9.003854,7.4140124
1351921,5.9089093,6.6921062
1351925,7.9823384,6.5798554
1351926,10.698205,6.6820245
1351930,6.992054,3.4747903
1351934,7.8257,3.2567365
1351935,6.094444,6.5277333
1351937,7.796718,2.7455943
1351942,6.557774,0.61127496
1351943,5.140711,4.0901017
1351948,9.303249,3.339335
1351950,9.507409,7.933958
1351961,1.1759051,6.112938
1351962,1.7568083,4.5427356
1351969,1.2547027,4.59702
1352093,7.7334027,8.631636
1352098,9.687743,8.011692
1352132,6.54132,0.51003987
1352139,1.3975127,4.64071
1352147,2.053333,4.5234647
1352148,2.5687585,7.4779167
1352151,7.129335,1.0688236
1352161,3.8648975,3.571511
1352167,2.251055,6.9432817
1352193,7.083621,0.8371125
1352208,3.3154702,6.6284466
1352216,8.270315,5.127318
1352218,4.1852984,0.6482777
1352223,4.530422,3.498254
1352227,4.962713,2.883971
1352235,9.718844,4.94906
1352247,2.0958216,4.7765822
1352309,9.32646,10.565987
1352330,5.0258594,3.126914
1352344,5.1147146,2.8497915
1352372,9.188698,9.351828
1352386,6.749086,6.6438084
1352413,7.9074025,6.335814
1352438,9.128828,5.871703
1352458,8.881025,4.965327
1352476,8.302402,7.983539
1352480,10.734985,8.794558
1352484,8.794867,10.209775
1352485,4.640496,9.506381
1352487,9.122254,3.0373454
1352488,4.9536233,9.370727
1352490,3.3370664,7.3610787
1352496,5.7197523,6.7587643
1352514,6.6022267,8.935395
1352515,5.987838,8.593408
1352521,5.321014,7.4254627
1352522,3.490481,3.2097878
1352523,5.164273,7.2975864
1352524,5.382417,7.9227757
1352525,5.0721292,8.171761
1352533,5.3930173,7.5436416
1352537,5.2565975,8.005291
1352558,2.2061827,7.2645473
1352559,0.9487905,7.3370013
1352561,1.5784599,7.3108773
1352562,4.6720347,2.2013183
1352563,8.052984,3.6870687
1352572,8.157388,9.009001
1352573,10.814904,7.893045
1352580,7.184424,8.856928
1352583,8.787578,7.5162215
1352584,3.759701,4.3360248
1352585,9.238333,7.9020033
1352586,5.4593954,4.844036
1352589,5.125736,7.1948895
1352590,5.2919807,8.041463
1352591,5.3920097,7.6279526
1352592,6.7266164,3.6358788
1352593,5.3258204,7.8011007
1352631,5.076926,4.19029
1352639,6.5464635,1.8537754
1352648,2.9473295,4.6202135
1352654,4.544031,5.0679517
1352671,6.5711656,1.6005499
1352749,3.3508332,3.892724
1352760,7.3241873,0.6868285
1352763,5.5304294,2.317282
1352765,9.2548485,2.8536322
1352773,5.375157,1.5480388
1352778,5.0243983,2.3308196
1352788,5.0657716,2.7768111
1352813,7.621256,0.9052349
1352831,3.0873206,6.5065875
1352859,2.0617886,5.5657907
1352861,4.4858985,7.938983
1352873,9.374016,9.365755
1352885,4.4733806,5.070216
1352934,6.645297,9.020892
1352941,8.097642,7.4589763
1352944,6.437645,9.143686
1352969,5.2812843,9.422005
1352971,7.512304,6.924484
1353063,0.8843409,7.17367
1353064,0.8061495,7.188283
1353091,4.567182,9.547705
1353096,7.801172,6.242049
1353101,8.17242,7.455188
1353103,8.734201,3.4094493
1353116,7.6355023,2.7968132
1353122,6.384564,4.7642746
1353132,2.2440617,5.9402466
1353150,1.1999918,5.2477536
1353166,7.651786,1.8431404
1353168,8.516939,3.163346
1353177,7.7342634,3.100763
1353181,8.024395,1.8582962
1353201,7.874365,3.1582403
1353223,6.1247516,7.3475413
1353234,2.0066674,5.598934
1353243,6.9380393,7.1372294
1353244,8.997361,7.897254
1353248,9.683379,5.4377785
1353253,9.335644,8.124828
1353258,3.8668795,5.724339
1353260,7.032401,8.639212
1353263,6.7786565,9.547919
1353264,8.631743,8.356724
1353375,1.5708147,6.124694
1353418,8.573788,3.2340486
1353419,6.84957,1.5530553
1353423,6.818277,2.0504243
1353436,5.9344788,3.2987766
1353438,8.391029,1.8977119
1353439,8.167111,1.6032883
1353441,8.563171,2.6274683
1353442,8.091004,1.6513231
1353445,6.704507,1.1564167
1353447,5.473458,1.7776703
1353451,6.629463,1.0769844
1353488,1.2019161,4.844939
1353489,1.1124631,4.9981194
1353490,0.8552503,6.4015994
1353491,1.1914147,6.0705776
1353494,1.0029649,5.980945
1353498,1.2969979,7.3374677
1353499,1.0479639,6.420546
1353502,1.3004738,7.014652
1353507,1.0824013,6.6118355
1353512,5.077754,5.602168
1353516,2.3266861,3.6376252
1353538,5.5797844,10.312094
1353539,9.970922,8.983082
1353540,4.299772,9.473415
1353541,9.227477,8.314389
1353542,5.8353024,8.54678
1353543,4.245488,9.463761
1353545,7.874653,9.028101
1353546,8.139925,7.9215426
1353547,9.320732,8.0593815
1353560,7.02845,6.378609
1353580,4.871212,1.7334918
1353581,8.914638,1.527927
1353583,7.5890107,2.0326076
1353586,4.6786933,3.727704
1353587,7.55658,1.9720657
1353591,8.14052,1.5626462
1353595,7.104001,1.8133737
1353596,8.29966,2.4996066
1353598,6.9001727,3.386191
1353599,7.9013205,1.2885089
1353601,7.6384354,2.0048661
1353611,5.680935,7.308005
1353612,7.598579,2.0615819
1353619,8.260933,0.73022544
1353623,2.3291714,4.1970205
1353631,2.1654358,4.4020414
1353644,1.7666013,5.1618166
1353645,2.2580652,4.329928
1353655,3.5676155,5.4841967
1353666,3.4580383,5.3836017
1353737,2.8655126,4.5796814
1353738,1.7651911,6.9248457
1353750,8.297645,8.959159
1353752,5.578384,4.0343127
1353753,1.8696536,5.691586
1353754,2.8054967,7.7860026
1353755,6.278824,1.4455019
1353756,6.022834,0.3686033
1353765,1.0026532,7.353521
1353766,4.863131,1.8477969
1353771,1.2891574,6.849276
1353772,5.088153,3.8062909
1353773,1.0848484,6.963133
1353775,4.9103456,3.0899272
1353776,8.603343,9.096111
1353778,9.724244,4.940698
1353805,6.6333737,3.5456626
1353810,7.7331476,9.312738
1353812,7.8169813,8.941635
1353858,5.1212387,4.0526576
1353862,7.307246,1.9280994
1353875,9.074824,2.5064023
1353931,7.920337,2.1646237
1353940,8.907408,3.7534776
1353942,7.871718,2.1088889
1353986,2.794245,6.3471365
1354016,7.4292536,0.16613361
1354022,6.6134596,3.5721598
1354024,7.342571,0.1169804
1354025,8.378658,1.6227264
1354046,4.3695836,4.467362
1354059,4.184574,4.844486
1354066,0.54423714,7.2089324
1354074,4.189066,5.2797046
1354075,5.1488924,8.064217
1354081,9.173316,9.33418
1354082,0.8574004,7.03941
1354083,0.78985053,7.2596664
1354088,1.2427288,6.8146386
1354096,1.0673538,6.966052
1354136,8.184467,0.71406454
1354143,6.0517044,8.612148
1354144,10.179464,7.3360777
1354147,7.7042,8.518912
1354151,8.458492,5.956953
1354181,8.916497,7.614872
1354183,5.7194433,7.566702
1354186,6.083366,8.618386
1354187,9.671692,6.0354075
1354189,7.3090315,8.983702
1354190,7.195132,8.814203
1354191,9.456855,8.002094
1354193,5.6329293,10.332433
1354194,9.547342,4.782145
1354196,10.001571,8.22063
1354197,9.678377,8.106119
1354198,9.196403,9.248849
1354199,5.009282,9.443926
1354203,5.5746026,7.4102764
1354205,9.585758,8.440955
1354212,4.281407,9.4728985
1354213,6.9470634,3.30903
1354240,9.086994,0.80508137
1354244,4.964964,3.087906
1354249,6.4105883,3.3729503
1354252,1.4111546,7.3619623
1354284,7.203274,0.082780585
1354288,5.3646965,3.7228696
1354331,6.6924553,0.6282557
1354335,6.8208003,3.471131
1354346,7.2509513,1.6329093
1354350,0.90847737,6.5965037
1354365,1.0098544,6.7036376
1354368,1.5663468,6.8193393
1354387,1.7071873,6.716072
1354395,5.30822,7.531419
1354397,9.449538,9.523593
1354403,4.884804,7.2720113
1354404,7.0470657,9.326245
1354410,6.5125113,8.94937
1354412,8.3865795,0.12662566
1354413,7.075393,0.7906417
1354415,6.790225,9.514603
1354419,6.0266047,0.9641726
1354437,9.16815,2.5594716
1354442,7.8064446,0.9921289
1354456,6.2849946,0.5060605
1354458,6.455957,0.531688
1354474,1.0992802,7.404665
1354484,0.9371763,7.35801
1354491,2.0220284,6.374839
1354547,7.819899,0.94348633
1354565,5.521557,7.6147456
1354612,6.8777895,1.3891891
1354618,7.1572237,0.9560627
1354620,6.0532994,1.0428983
1354631,7.690986,1.014592
1354638,1.2134098,6.030736
1354660,8.829707,2.0637486
1354662,5.2703114,2.9762366
1354663,7.602517,1.1090907
1354666,6.1655455,1.0306542
1354668,6.283112,1.1038102
1354670,7.499678,0.8445034
1354674,9.394287,5.980785
1354677,8.840201,5.225659
1354680,9.756167,5.153466
1354682,10.154287,6.4939094
1354685,7.054701,5.9447455
1354687,7.282412,6.9654527
1354688,7.9146795,6.120136
1354691,9.034367,5.038325
1354698,6.612265,8.845936
1354699,10.045957,6.534041
1354704,9.398019,6.140071
1354717,7.9197598,8.847687
1354723,9.445282,4.9419622
1354743,5.091983,8.294612
1354744,7.053019,0.17069094
1354746,6.23276,0.6409959
1354748,7.1512747,0.101021536
1354751,5.340238,2.504891
1354773,9.106595,2.0732934
1354774,8.833934,2.0358996
1354775,9.090306,2.3273766
1354789,8.902727,2.0483594
1354801,5.262108,7.413885
1354809,1.0956694,6.8233676
1354811,1.0756621,6.299971
1354813,1.6496929,5.6725216
1354814,1.0400914,6.6450834
1354818,1.3431605,6.117205
1354830,3.0585513,3.1323354
1354842,3.3176649,4.582774
1354843,3.609978,4.087682
1354860,5.192185,3.4122303
1354879,3.3915613,5.533226
1354881,4.483386,3.9792037
1354889,4.841173,2.5303667
1354896,5.1630654,0.99251676
1354900,7.159357,0.97422564
1354904,7.23222,0.65994406
1354909,4.462902,4.024176
1354916,8.922541,2.7415698
1354917,9.192084,2.0075555
1354925,4.0875216,4.6808977
1354932,8.710145,2.2166197
1354942,6.128232,8.567419
1354943,5.9915776,8.848123
1354944,8.426375,3.687932
1354946,9.262705,1.7921263
1354947,6.506432,10.1214485
1354951,6.1985517,9.441877
1354963,6.1509576,0.4676742
1354971,2.9223428,3.0251844
1354972,6.258761,0.7989996
1354973,3.6521733,2.9654033
1354978,10.905567,7.351147
1354985,5.381857,10.541287
1355000,5.9958925,1.0839584
1355037,2.303636,7.8526144
1355038,5.23468,3.6377792
1355065,5.3986716,10.537319
1355070,4.08916,5.528635
1355081,2.9352634,3.8636181
1355132,3.305534,7.230661
1355139,8.63303,2.1788373
1355145,8.159762,3.6835704
1355154,6.1105456,6.3218417
1355155,4.1286182,5.6539764
1355169,6.905898,1.4251697
1355171,2.9458363,3.2695818
1355178,4.157177,1.6035964
1355180,5.973863,3.233241
1355184,6.017758,0.22987396
1355194,4.8444285,1.8960065
1355199,9.188955,9.351
1355205,7.1714034,1.7347578
1355249,8.571143,6.8646965
1355253,6.971724,1.407185
1355255,10.287067,7.7896485
1355256,6.493286,0.4653343
1355259,9.433804,4.7455597
1355262,5.067191,8.245745
1355265,2.052072,6.4050984
1355270,6.099231,0.41410974
1355282,5.938479,2.0887074
1355283,6.1430607,2.3809123
1355296,5.103383,8.298986
1355340,10.1264925,6.4543924
1355341,6.69842,3.594544
1355343,10.115464,6.477474
1355356,0.6954583,6.2583838
1355360,1.5628419,6.057971
1355361,0.6549796,6.9826946
1355366,1.1737372,6.380348
1355377,1.1331787,5.190854
1355395,0.92504746,6.536351
1355502,6.7004466,0.5997387
1355513,6.9997945,1.3097489
1355520,5.028594,1.6963838
1355523,6.6004653,0.8158542
1355524,6.022374,0.89329386
1355526,4.7603617,2.6809044
1355527,8.859096,1.537753
1355541,9.0856,3.771981
1355542,9.471471,5.84933
1355543,9.748918,4.7109094
1355545,8.874286,4.805528
1355551,7.4099655,6.5875325
1355562,0.95288247,7.336147
1355576,3.9363484,5.9248223
1355585,1.6055343,7.400807
1355594,1.2346919,6.8151927
1355599,8.80875,7.8889847
1355605,9.361703,5.9401135
1355606,8.418387,5.6581025
1355607,8.231437,5.1027217
1355611,8.001936,5.5843835
1355614,9.4484215,4.5931067
1355616,8.4693,5.7522197
1355636,7.0401897,1.7206507
1355643,9.861033,4.382635
1355645,9.18373,8.12585
1355646,7.731612,0.87572336
1355648,6.7684784,3.516951
1355658,8.943105,0.7947444
1355661,1.8967391,5.499075
1355662,1.3381777,5.218319
1355663,1.0866952,6.0666966
1355664,1.6839309,5.542507
1355665,1.662193,6.0503354
1355666,6.9615474,0.868261
1355706,9.0557375,2.1680317
1355721,8.935671,4.8204746
1355733,9.575781,5.422536
1355741,9.752892,9.307876
1355742,8.763149,8.632501
1355745,9.097633,7.678935
1355747,6.013085,0.4351517
1355748,8.557678,8.333363
1355750,7.980158,6.3640122
1355751,7.6369624,3.7544558
1355752,9.4109125,8.371802
1355756,6.4637756,10.116681
1355757,6.1436024,8.2033615
1355758,9.257847,8.224547
1355759,9.288615,8.317631
1355803,7.7380056,1.0566206
1355816,9.484403,7.394333
1355822,7.5325594,5.3996725
1355825,8.060708,4.95123
1355826,2.804088,7.67381
1355828,7.6240916,5.7575912
1355838,8.833958,3.5407484
1355839,9.23103,2.5289323
1355840,8.573345,2.7300694
1355847,5.896859,3.3149936
1355851,7.157929,1.0078005
1355860,7.532976,1.2283115
1355878,4.5934563,6.51842
1355879,3.4208393,5.3947935
1355880,1.6262538,6.764638
1355882,2.8733609,6.4283085
1355916,3.7122996,7.372654
1355919,5.7045994,0.27153313
1355921,1.3251497,5.9552574
1355933,5.1547613,3.693119
1355936,0.63887966,6.0808864
1355945,2.3949323,7.4220476
1355948,1.3650271,6.071467
1355949,7.1024675,5.740768
1355975,4.2599072,5.404095
1355989,3.6025386,5.1139684
1356031,6.912948,1.2784456
1356040,9.836239,6.9910393
1356042,8.681835,8.221982
1356043,9.32522,1.5207857
1356044,11.052938,7.426182
1356046,9.617583,5.2381816
1356047,10.362322,7.9722247
1356048,9.520695,7.6736245
1356049,7.985286,9.638026
1356051,9.305605,9.231261
1356058,8.200135,3.69886
1356066,6.7412496,0.8964125
1356070,5.5800867,10.166708
1356072,9.135042,7.950955
1356073,8.819489,10.57938
1356074,8.797526,10.223713
1356075,6.028541,9.518332
1356079,1.2914068,7.0105953
1356097,1.2888399,6.707867
1356126,8.970302,2.4850338
1356139,7.049913,6.3861403
1356143,7.794835,5.298362
1356151,8.096837,6.2421346
1356157,8.214083,5.761213
1356166,9.2415,2.785637
1356167,8.018256,5.6593394
1356168,9.211439,5.175417
1356180,0.53901756,6.7668786
1356222,8.290073,9.891538
1356227,1.1327012,5.9907613
1356230,1.582952,7.145138
1356233,1.1836582,6.245907
1356251,3.3358753,5.1413856
1356254,4.699162,4.5544143
1356260,1.2898067,6.6979084
1356261,1.3571305,4.7492886
1356263,0.6057357,6.774902
1356265,6.416855,5.21206
1356270,1.0699339,6.762815
1356273,1.207532,6.3813686
1356275,1.2240992,6.169352
1356311,8.139383,9.71891
1356326,2.2404048,5.767276
1356340,9.101576,4.7586613
1356360,10.125413,6.58337
1356365,8.055415,2.0085542
1356375,10.089564,6.5037994
1356382,8.812177,4.663895
1356384,8.519246,3.637331
1356386,9.37989,1.4416583
1356389,6.283708,0.06511539
1356390,7.8522243,0.82177997
1356394,3.9375372,5.875675
1356399,1.2008697,6.4983554
1356409,2.0136683,3.4002779
1356411,3.7692225,4.553291
1356418,2.2253475,7.0710263
1356422,1.1994691,6.9499836
1356435,0.92515415,6.527102
1356440,1.3046032,5.8899956
1356445,9.155221,2.4807053
1356557,5.8629503,1.3611708
1356559,6.3507047,1.3390217
1356560,7.397714,0.9809422
1356561,7.1361284,1.6938928
1356563,6.0870814,0.6935398
1356566,3.7152286,5.3537426
1356568,8.819608,3.4668133
1356569,7.6315765,0.6619915
1356657,4.991464,7.0516496
1356666,4.8383913,7.1967545
1356701,6.8203983,1.254197
1356705,7.0383935,2.508261
1356706,7.8286686,1.074161
1356721,2.9170003,3.8789124
1356743,0.989111,7.6936316
1356747,2.4305413,8.080384
1356749,2.5952787,8.25442
1356767,1.6951735,5.691405
1356779,2.096792,6.291045
1356781,1.4085011,5.932782
1356782,0.94875956,6.7785864
1356797,0.55213606,6.487098
1356800,1.2108158,6.077152
1356816,1.760248,6.7803583
1356817,1.8705213,6.2869697
1356853,6.507914,5.712001
1356854,6.3950305,5.3959117
1356856,6.286486,6.103518
1356857,1.3518558,7.618044
1356858,6.388848,5.6266212
1356895,3.9233873,4.7937202
1356896,3.5230284,5.3311934
1356897,3.8770833,5.187439
1356898,3.7351146,5.385103
1356899,3.301025,5.7320037
1356900,4.085633,5.225361
1356901,4.0335093,4.210122
1356902,3.8012843,6.223077
1356903,3.858276,5.392419
1356904,5.282076,6.1635814
1356905,4.0001745,5.3079467
1356906,3.3893719,5.4573913
1356907,3.8171961,5.0619006
1356908,3.7239451,5.0506496
1356910,7.073802,1.006015
1356937,4.940553,1.9815267
1356941,5.073011,2.3849287
1356943,9.08643,2.3112102
1356955,4.318621,4.1512866
1356956,8.276783,0.19845372
1356957,8.121248,0.80461514
1356965,9.255643,8.96219
1356993,5.322278,4.7428026
1356998,6.226334,9.244298
1357002,6.0328293,9.438468
1357003,9.422887,5.452069
1357007,6.2237387,9.336232
1357009,8.81688,10.180685
1357019,3.8729575,5.6025214
1357020,3.506765,5.497188
1357039,4.897514,0.7222825
1357041,9.63609,8.371862
1357044,7.1812134,9.081415
1357046,9.415507,6.9239707
1357048,2.224516,3.6563618
1357052,9.905306,8.789199
1357053,8.852076,7.616522
1357059,8.770387,7.3269386
1357067,7.533776,0.6769861
1357070,6.6923475,2.3445625
1357072,9.077242,2.5550978
1357073,5.8941483,0.9103106
1357082,6.658882,1.3681519
1357099,6.351069,0.60377973
1357104,5.598099,10.405076
1357106,9.504506,7.40205
1357108,5.1668367,5.296938
1357111,7.1840487,6.8521786
1357112,4.2309065,7.0931253
1357117,9.858711,7.2340717
1357118,5.8120823,8.5326
1357125,5.659623,10.36014
1357127,5.6229334,7.886323
1357129,9.773562,8.350062
1357133,10.2622385,6.9174347
1357135,6.8010683,7.3361115
1357142,5.317147,7.7719793
1357143,8.87553,8.054465
1357146,10.106719,7.2448254
1357153,4.1613436,9.397142
1357160,7.171281,3.4237618
1357166,5.0866885,8.309528
1357198,4.131446,5.2978206
1357209,5.209433,4.6739626
1357211,7.93919,5.620524
1357213,5.873306,6.611007
1357215,7.8578415,6.0305767
1357218,9.083653,6.177775
1357230,4.3307753,4.8174605
1357231,2.2322428,4.2365565
1357248,5.856509,10.168617
1357249,5.992251,9.848278
1357285,2.718982,6.395656
1357307,1.0398687,7.2979918
1357308,1.0153178,7.0485644
1357309,0.49083415,7.1013956
1357310,0.37635025,6.9612603
1357311,0.4104621,7.069657
1357337,8.213342,3.091703
1357340,6.8008847,2.5917895
1357367,8.084679,5.428639
1357371,6.483627,0.5399224
1357372,9.096148,9.637245
1357373,9.80735,8.303122
1357375,8.117004,8.966437
1357379,9.111536,8.7246475
1357380,5.542125,0.49429235
1357387,8.814506,7.3899207
1357389,6.2461386,8.842121
1357390,7.108343,9.086778
1357393,4.5859046,9.416763
1357394,7.5075808,3.60438
1357395,5.7014775,8.108014
1357400,6.8161817,3.541283
1357403,9.53651,8.862035
1357404,4.2461886,9.445215
1357405,6.0855446,2.2944922
1357411,10.361776,8.769335
1357415,7.6681724,0.758541
1357416,7.702809,6.549084
1357417,8.028854,5.6913004
1357418,8.860355,5.4078274
1357419,7.767755,6.5317297
1357449,6.51369,3.6454074
1357451,5.8443117,1.62097
1357474,1.5475934,5.941404
1357481,1.3225261,6.275999
1357485,0.6326024,7.3526564
1357486,1.2709061,6.6367354
1357498,4.822938,3.9699175
1357594,3.0907953,5.484043
1357595,3.1826034,6.58164
1357603,5.1134615,3.2359314
1357605,5.7119994,1.9740853
1357822,1.2305728,5.8702555
1357839,1.7055048,7.4454184
1357842,5.4451127,10.48799
1357847,5.6196213,6.1312885
1357852,1.5948521,5.7220273
1357918,2.8165438,7.6638002
1357923,2.1392634,3.8819106
1357926,2.4297876,7.010702
1357948,3.6856449,5.375621
1357968,0.47858253,6.694836
1357985,4.654969,4.5212116
1357991,2.4962144,5.7256546
1357994,1.7683865,4.61376
1357996,2.8210769,6.910233
1358038,3.2150815,5.5740247
1358039,3.2283502,5.5801325
1358046,5.145945,3.756738
1358049,1.1921487,6.261521
1358050,5.057841,3.5871038
1358058,2.1449697,5.7337823
1358068,7.0190363,1.5186416
1358070,7.884216,2.0720336
1358073,8.6138525,1.6993968
1358078,7.346923,1.9686819
1358150,6.945727,1.1823016
1358222,8.950354,0.49713355
1358223,8.156145,2.8764243
1358224,6.902492,3.5361025
1358279,2.0406175,6.0113997
1358282,6.8438478,8.9288225
1358283,6.5820527,8.848618
1358284,9.194156,9.562409
1358285,7.205489,9.000819
1358286,4.39997,7.791706
1358287,6.440509,8.781623
1358288,6.4082804,8.500184
1358289,7.2870736,9.352004
1358290,6.847743,8.842529
1358291,6.1363,8.446125
1358293,8.075466,9.108527
1358338,9.740391,5.5343804
1358358,3.724978,2.890728
1358400,2.6489363,8.388565
1358451,3.7757735,3.2188826
1358452,2.8495445,4.628821
1358455,3.159703,3.054213
1358457,3.112747,4.310265
1358502,8.905365,1.4557078
1358524,5.9094925,8.916293
1358525,4.341694,7.653305
1358526,4.527947,8.179076
1358536,7.7581673,2.3739715
1358576,2.9667804,4.756235
1358618,6.223836,0.5959693
1358619,7.596043,2.9310222
1358620,7.64533,1.1811986
1358622,5.7564993,1.5460272
1358627,8.902834,0.718296
1358664,7.718137,1.7176807
1358675,7.5623684,1.2317927
1358678,8.434904,1.074528
1358689,4.2043552,4.900247
1358690,8.910383,1.5704834
1358695,8.884834,2.330981
1358696,6.4841704,1.0959444
1358731,7.945537,9.358753
1358732,8.51202,8.325988
1358733,9.641206,8.643776
1358734,8.48903,8.180426
1358746,8.863739,4.1836677
1358781,6.979267,2.0231664
1358784,5.8010325,0.78148085
1358786,6.6182213,1.2099861
1358787,7.201216,1.7447978
1358792,8.114084,0.7009137
1358829,9.207845,5.022778
1358831,8.9414015,4.760842
1358833,9.499824,4.65439
1358867,2.5454466,8.225037
1358868,2.328721,7.8514705
1358869,2.3839164,7.710004
1358870,2.5719316,8.34525
1358871,2.6640897,8.227338
1358872,2.594973,8.3373995
1358873,2.59114,8.376779
1358874,2.534571,8.295177
1358875,2.523709,8.307379
1358876,2.59849,8.357749
1358909,8.588453,1.1085505
1358914,7.8750505,3.63041
1358916,7.9620686,5.0129004
1358972,0.94085974,7.228676
1359008,10.704865,6.7552195
1359013,11.024242,7.3052773
1359015,5.368557,6.230448
1359035,7.4958973,2.2374558
1359061,1.1496812,5.0794554
1359064,0.7589684,6.5727696
1359067,9.067049,10.6170025
1359080,7.3024354,3.4995558
1359083,7.706813,1.9550564
1359084,7.607873,2.0572212
1359104,9.445566,7.9593825
1359106,8.925712,7.6253433
1359117,7.073811,8.734261
1359119,6.825104,9.232735
1359120,8.189592,0.37617496
1359121,6.9301066,2.2187922
1359122,8.426865,1.1811988
1359123,4.5244985,8.089611
1359125,4.954183,1.7596409
1359126,4.462977,6.1932187
1359127,7.226669,6.94148
1359128,3.6789074,2.8161876
1359132,4.316286,9.510262
1359134,9.572411,7.950901
1359136,6.971218,2.409004
1359143,7.6772976,1.5787001
1359161,10.712626,7.8491282
1359175,8.995904,1.2010144
1359186,6.8363347,3.4552176
1359188,5.059142,2.237926
1359190,6.2056174,0.35372275
1359197,9.36338,8.750559
1359198,7.6438475,9.289042
1359199,8.50897,8.222666
1359203,8.256886,9.437769
1359204,9.121875,7.8748765
1359205,8.511585,8.241974
1359207,8.187994,9.832203
1359211,8.484937,8.347509
1359212,7.773601,9.4514885
1359213,7.956741,8.813428
1359217,8.164846,8.456439
1359218,9.196849,8.493231
1359220,9.257925,8.555846
1359236,8.749085,2.326833
1359237,8.014273,0.7105646
1359247,9.295729,2.0122292
1359251,8.177191,0.7014141
1359252,7.8921766,1.3908266
1359276,7.8854165,1.0220954
1359295,6.449806,1.0720152
1359312,2.2860155,6.165422
1359316,7.2818217,1.3195084
1359322,6.4605536,1.77948
1359336,8.189552,1.5856748
1359338,3.7627254,4.8967443
1359343,4.103891,2.6834388
1359350,6.919668,2.3621855
1359354,6.7744765,0.78277856
1359356,6.8211513,1.4885665
1359357,6.618847,1.3498096
1359359,7.182962,3.3869143
1359363,7.235495,2.9882476
1359366,5.944781,1.1583846
1359370,6.7793536,3.5354397
1359382,8.96957,2.026759
1359387,6.0268693,1.9447058
1359391,7.9877973,1.653924
1359395,7.110198,0.7024119
1359397,8.792316,2.3238494
1359398,5.3736415,2.1070206
1359399,3.286711,6.262304
1359400,3.1685207,4.480976
1359401,6.132089,6.3726563
1359402,4.9668403,3.6812935
1359403,1.1978748,7.2688155
1359404,3.190381,5.550849
1359405,2.1653004,3.8092937
1359406,3.4396796,5.413025
1359410,1.6984555,7.139754
1359413,1.4689251,6.0783267
1359417,2.0851352,7.879194
1359452,7.673347,9.234184
1359456,7.2313056,9.0608225
1359457,6.2949743,8.149876
1359458,9.213503,7.0291467
1359459,7.0602612,7.1171412
1359460,6.6959825,7.982179
1359462,9.695137,7.7036934
1359466,5.052434,8.287585
1359467,5.324095,3.3017166
1359468,8.37554,4.973949
1359469,4.541389,8.294896
1359470,6.603468,9.136664
1359472,11.006472,7.590184
1359493,5.5045614,4.950047
1359497,8.834418,5.5503154
1359503,9.312447,5.55574
1359507,5.7206764,8.366831
1359508,8.901566,8.116592
1359511,7.189934,5.8040414
1359535,9.220898,5.626316
1359537,7.7075796,6.5700965
1359629,5.708576,2.8160746
1359635,7.1412406,1.7865926
1359662,4.440107,7.391832
1359665,5.814904,1.4373422
1359680,4.96238,2.7951057
1359729,7.9073324,6.2309823
1359731,6.435905,5.112423
1359741,6.4167247,5.367136
1359758,1.3807169,7.5765543
1359759,5.4655576,4.815434
1359763,3.4482093,3.931175
1359764,7.863105,0.72860545
1359770,4.068705,6.3629966
1359771,4.339432,6.411623
1359782,3.938551,6.256405
1359784,3.6993883,7.437895
1359789,4.321188,7.879394
1359790,4.2814646,7.786846
1359791,4.297118,7.760963
1359792,4.388752,7.837729
1359800,5.6293526,0.8748317
1359801,4.129406,2.8301604
1359802,8.632099,9.256498
1359803,3.712385,2.896441
1359808,5.168025,2.107927
1359809,9.277468,1.8133566
1359826,7.791548,1.83366
1359827,7.8405056,2.5957572
1359828,8.061368,2.9723449
1359829,6.352075,0.6099456
1359838,7.7261624,1.5182016
1359839,7.3844614,1.6121123
1359840,7.521405,1.1472913
1359841,8.044816,2.7330015
1359842,7.8581715,1.434437
1359843,6.83919,2.2166457
1359844,4.4254293,2.517872
1359845,7.0037904,2.3580742
1359846,7.0980315,3.4630144
1359847,7.032793,2.1807704
1359848,3.9582803,4.11461
1359849,7.9482875,1.5049542
1359850,7.9235272,0.7100425
1359851,7.9807935,1.8441814
1359852,6.8362823,2.486866
1359853,7.810402,1.4898452
1359890,8.066203,5.0852547
1359894,9.7791815,4.6179104
1359895,6.5447493,6.035126
1359897,8.9809065,4.7786245
1359899,7.9633093,4.8598313
1359903,8.259613,5.0604286
1359963,3.6374185,6.15066
1359999,7.353041,3.4542756
1360015,7.736879,5.360533
1360016,9.4090805,4.804532
1360017,8.689797,4.718213
1360018,9.032334,4.894951
1360019,9.072653,5.3935237
1360020,9.264582,4.7484236
1360021,9.734131,4.5597463
1360022,9.3341465,2.0993328
1360023,9.142758,2.0851986
1360024,9.015593,4.783753
1360029,8.845159,1.2606223
1360041,6.9187536,0.9333157
1360064,8.234378,1.661776
1360066,4.828123,1.197459
1360067,8.6154785,1.8984311
1360070,8.27042,1.5989742
1360100,6.5747423,0.95905507
1360105,8.055283,1.6407949
1360110,7.105316,1.5232402
1360113,7.842889,2.516848
1360168,6.186235,8.99041
1360266,6.1914525,8.5473585
1360268,7.789563,1.5627009
1360269,6.7305026,2.1463435
1360275,6.99146,3.5384557
1360277,7.340559,2.1974466
1360279,6.802104,2.4345896
1360286,3.2757046,6.0027065
1360321,4.4013743,2.515621
1360362,2.720855,6.7332864
1360371,5.092776,7.2789445
1360377,1.9175268,7.479371
1360394,3.1099532,7.6517186
1360401,5.638757,9.743893
1360402,2.9677896,6.6433926
1360408,2.4862397,7.043939
1360415,6.9272666,2.4304671
1360416,6.540231,2.1280189
1360417,8.916311,2.3325799
1360419,7.582232,1.2258266
1360420,7.8390265,1.0950829
1360449,3.320887,6.81323
1360503,9.6168375,4.8020306
1360504,9.057159,4.7784843
1360508,6.19319,4.8346815
1360518,7.9582095,4.8797975
1360523,8.629226,5.924515
1360540,7.6927934,8.855788
1360548,9.931931,4.238288
1360567,7.455072,1.0392188
1360570,7.982201,2.6196096
1360575,7.253811,6.324566
1360576,5.3123465,9.541535
1360577,7.2258015,9.510105
1360578,8.630767,6.420523
1360579,2.629151,5.3478436
1360581,7.5421867,6.15077
1360583,8.018701,5.44864
1360584,9.739908,5.2018504
1360586,8.146282,5.1148977
1360588,8.4357395,5.924647
1360654,4.9702196,7.91177
1360687,7.0449343,1.6131958
1360701,7.244519,1.7329305
1360715,7.692518,0.72728705
1360732,6.6074486,9.747956
1360733,7.64445,6.638181
1360734,8.576099,7.3852983
1360735,7.610493,6.5726924
1360736,4.1245728,9.327069
1360737,4.63047,9.378547
1360738,7.495785,6.7899923
1360739,7.470063,9.34315
1360740,7.5817266,9.368736
1360741,8.185348,8.582703
1360742,4.2728677,9.458515
1360743,4.982747,9.343564
1360744,4.0238442,9.264019
1360745,4.551643,9.42677
1360746,4.2768025,9.499196
1360747,5.467534,9.012629
1360748,7.9770164,5.271687
1360777,4.0126324,6.4290676
1360788,4.808721,3.0933466
1360792,4.5303755,4.0615077
1360795,7.300435,2.4388077
1360796,7.0516515,2.2229664
1360797,5.7014003,1.4487101
1360800,6.82632,0.66032845
1360801,6.687542,0.8816294
1360848,5.457095,7.344262
1360864,4.732156,3.101296
1360865,6.865133,1.7156249
1360918,8.589832,7.2727675
1360920,9.280754,6.3509364
1360924,7.7179036,6.3757286
1360927,6.2774577,6.5544095
1360931,7.0850124,7.0403924
1360932,7.5706706,6.728103
1360934,4.765377,9.392318
1360935,8.615864,7.921034
1360936,9.941618,7.323541
1360937,7.9583163,7.258714
1360947,8.236219,9.372104
1360951,7.408751,7.00334
1360952,9.216208,8.335358
1360953,9.134174,8.467717
1360985,9.243025,10.585303
1361005,9.190391,4.671661
1361021,8.809697,2.5088882
1361030,7.4601817,9.192154
1361036,6.1167145,7.940638
1361039,6.722925,1.47515
1361065,9.247729,1.692839
1361067,10.916603,7.556597
1361071,3.7031221,2.4115875
1361104,4.457323,2.5035648
1361105,4.8409443,1.8169599
1361138,8.70991,2.079383
1361195,1.186917,6.9354496
1361196,0.6085999,7.209993
1361203,1.2460339,5.1564064
1361220,2.1966558,7.172652
1361240,1.1622001,6.922583
1361242,1.637964,6.7707515
1361251,6.8336277,3.5500364
1361257,8.377444,8.883776
1361326,7.8840547,8.932962
1361327,8.357718,9.692797
1361384,7.963305,9.439789
1361404,2.688786,7.3491893
1361406,8.310363,9.758674
1361408,8.386301,9.603825
1361409,8.191806,9.106028
1361479,2.1367702,3.775096
1361482,3.5336566,5.5948987
1361488,4.5643015,5.0159364
1361504,8.249862,9.308205
1361508,6.6965694,1.8615285
1361509,8.884517,8.916113
1361514,5.8333564,10.209359
1361515,7.4350977,7.9624963
1361516,10.163606,8.538374
1361517,9.659345,4.615193
1361518,9.470178,6.5025826
1361521,8.087009,9.142464
1361522,8.468173,8.633681
1361523,8.380976,9.663416
1361524,8.258689,9.38728
1361527,8.097603,8.6680355
1361528,8.112473,9.152854
1361531,9.230498,8.194423
1361532,8.113766,9.616193
1361533,8.233186,9.5222845
1361534,7.9245973,9.442252
1361551,8.387548,9.743253
1361556,7.236929,9.217598
1361557,6.9973927,8.236485
1361558,8.296255,9.8600445
1361567,7.5118113,1.788087
1361573,8.076056,9.294898
1361574,8.24196,9.276639
1361575,7.33683,7.969899
1361576,8.552681,8.910245
1361577,8.265723,9.487683
1361579,7.1254396,1.4449575
1361580,6.93585,1.1903293
1361581,8.974184,4.6991153
1361582,6.6029367,0.998635
1361583,7.1767225,0.63635844
1361585,7.1656365,1.1075032
1361587,8.834507,2.119762
1361589,7.0052156,1.2010124
1361592,4.1837916,2.7444334
1361593,7.862266,0.7121646
1361594,9.279559,1.4255389
1361604,6.4825478,0.9746173
1361612,7.9482956,8.74588
1361614,9.853291,4.545105
1361618,9.422673,3.785386
1361624,10.66874,6.791545
1361625,8.846166,2.8074515
1361640,8.313262,9.718557
1361653,4.7575836,1.8860111
1361656,5.235051,2.3726075
1361661,8.485652,7.599874
1361662,8.209537,9.552175
1361663,8.189178,9.325075
1361664,8.110223,9.460684
1361666,5.4632797,4.864612
1361679,8.343899,9.767446
1361680,6.939868,5.7176085
1361682,8.328255,9.70014
1361684,8.411404,4.7200685
1361686,8.331789,9.784184
1361687,8.022933,9.386839
1361742,9.268774,6.121051
1361749,8.617273,9.049675
1361756,7.6845517,8.472784
1361758,8.10018,8.926221
1361760,7.96882,8.785074
1361765,7.992247,8.760358
1361768,8.26875,9.365466
1361769,7.2375755,7.259314
1361771,8.278521,9.584664
1361773,7.9301696,9.365865
1361775,8.0888815,9.056003
1361777,8.083815,8.853071
1361780,7.881578,8.388403
1361781,7.966859,8.884855
1361782,7.8406086,8.684904
1361784,8.71183,4.6536427
1361785,8.336703,9.21274
1361813,3.2778971,6.57659
1361836,5.0435505,2.000054
1361843,5.0105233,1.0918572
1361904,10.068825,7.3231354
1361905,10.257953,8.229158
1361907,3.2546332,6.556382
1361912,8.613412,10.557149
1361913,8.448394,10.6538
1361914,2.0316212,4.4199634
1361916,2.202577,7.287045
1361920,9.106098,1.1527718
1361948,8.094292,1.8695389
1361989,6.490472,1.9744915
1361995,5.4597363,10.441534
1362021,4.6773496,2.9977202
1362027,2.9525146,6.278463
1362031,8.816248,0.7278056
1362032,8.71821,3.2879856
1362033,8.662228,3.295806
1362034,9.28634,6.8809276
1362039,5.9253645,0.15493406
1362040,6.9810023,9.178461
1362045,8.830742,0.7377259
1362049,7.750314,2.1113625
1362051,7.6188426,1.1432512
1362052,7.434248,1.1666485
1362056,7.692445,6.2538333
1362062,5.816721,8.23654
1362066,6.717243,6.518742
1362069,7.2327957,0.8319299
1362071,6.9908023,0.98438823
1362073,8.403804,1.7738881
1362075,7.4652953,9.431527
1362077,6.043274,8.520665
1362078,6.8046465,1.8063096
1362079,7.241958,8.982785
1362084,9.405993,6.68405
1362085,8.918763,3.809315
1362088,10.019991,7.1055865
1362092,10.147036,8.541639
1362094,9.305113,4.8641424
1362095,10.836892,7.425714
1362098,9.500426,4.211422
1362122,7.213389,1.483577
1362123,7.128945,1.5175297
1362128,9.7195835,5.254539
1362138,9.119881,8.396098
1362141,4.758448,7.576007
1362142,4.3169627,7.3542676
1362143,3.8913,7.173272
1362152,1.7984143,7.4148602
1362154,3.670766,7.1102757
1362155,3.7815852,7.088879
1362157,7.8400326,1.4714627
1362158,8.30743,1.3203493
1362159,7.3336535,1.5790305
1362165,7.7382965,1.5328094
1362166,8.249743,4.614009
1362171,8.027347,1.2127913
1362172,8.292444,1.1335185
1362173,8.016245,1.1448731
1362174,7.9095774,1.1133282
1362175,8.025694,1.2070595
1362183,4.343385,5.954389
1362184,0.9216122,6.1669626
1362200,8.390683,1.1390328
1362201,6.9135118,0.35171553
1362202,7.9177084,1.1013595
1362203,8.240805,1.3267164
1362213,1.4704916,7.2530932
1362227,2.2134047,5.702085
1362229,2.1447341,7.0373387
1362239,3.4841492,6.5675244
1362257,4.2286897,5.8909793
1362259,3.3831131,6.7697635
1362261,4.3213367,7.3521595
1362270,9.202375,5.4620414
1362271,8.810217,5.3501554
1362272,9.7455635,4.727607
1362273,8.9607935,5.5292897
1362279,10.030006,5.45891
1362280,7.3146954,5.4567037
1362283,4.9324217,2.8417156
1362284,9.449282,5.168681
1362313,7.2156386,0.97544396
1362314,3.8485436,3.5766072
1362315,6.184309,0.50125045
1362316,4.1323247,2.9469028
1362317,5.904016,0.8128983
1362318,7.7636485,2.6745143
1362322,7.594275,1.4986886
1362326,3.6894462,2.7603235
1362345,4.2535696,4.434329
1362350,3.9654531,7.1929307
1362356,3.2647827,6.5869246
1362381,7.8339725,1.6895087
1362382,7.827068,1.2196444
1362384,7.961202,0.6242653
1362385,4.4921227,4.2432814
1362398,4.540399,6.4535213
1362400,2.1788435,4.469442
1362402,4.823775,7.216062
1362411,5.4127917,7.182992
1362431,6.7236214,2.1298504
1362444,6.750009,0.60654664
1362449,6.693892,1.4858745
1362489,6.755106,1.7065405
1362490,9.020096,3.8684468
1362491,8.837397,3.5586658
1362492,9.200224,3.7865353
1362493,8.189939,3.6413527
1362494,8.141395,3.646478
1362495,7.4886737,0.2902115
1362496,4.871367,1.5031823
1362497,8.06461,2.8521106
1362498,7.6318903,1.6180857
1362731,7.660675,1.1692805
1362819,6.826836,0.91738033
1362820,7.5776696,2.1126468
1362821,7.0073676,1.138996
1362822,4.8526583,1.2192245
1362852,7.072866,1.042601
1362853,4.7976027,1.2463224
1362912,6.8230577,6.7922316
1362971,7.773363,1.2642657
1363250,8.527908,4.829455
1363256,6.17972,8.62975
1363257,10.975315,7.31694
1363258,3.4439576,4.5391145
1363259,8.427319,2.184259
1363261,9.088364,8.771043
1363262,9.471649,9.038175
1363265,9.839275,7.0734687
1363266,8.52358,9.861842
1363267,6.466581,3.3382673
1363268,9.535347,6.303723
1363276,9.2320795,10.152913
1363277,9.601448,8.659363
1363292,9.690565,8.881389
1363309,2.8979497,6.785696
1363338,9.161118,8.805611
1363340,8.004559,8.943365
1363343,7.462164,8.9588785
1363345,9.262114,8.557579
1363452,4.447287,7.3636246
1363471,8.961721,7.1108212
1363472,9.443834,5.6019807
1363480,3.2331364,5.2824717
1363481,1.2800338,4.4870276
1363482,1.6048331,6.108101
1363483,2.602925,5.499441
1363484,1.1555398,6.035886
1363502,1.7730247,6.2657933
1363512,5.6422987,1.4173309
1363516,5.9646897,6.0170035
1363519,2.314401,5.7683487
1363529,1.5520489,5.814233
1363555,7.170931,9.725565
1363559,7.2835817,3.6922011
1363560,6.13059,8.819196
1363561,7.191557,9.719429
1363562,5.922452,6.66916
1363563,5.512032,8.559063
1363565,8.808021,0.35140252
1363571,5.634425,10.348474
1363575,4.4184155,5.1942544
1363576,1.3103228,4.436211
1363581,4.409927,5.0395665
1363583,5.2377987,5.9266768
1363585,3.4445527,5.990601
1363608,8.466272,8.051788
1363651,8.822333,7.9998765
1363652,7.8505836,9.511501
1363656,8.449415,7.509008
1363712,6.9671526,2.3752756
1363716,7.4346876,1.6126143
1363732,6.995815,1.7257069
1363734,5.5437613,2.4416046
1363735,9.001222,3.5629215
1363749,5.3177943,3.5640807
1363752,6.9922495,9.113985
1363765,2.4842784,6.8132586
1363770,1.732132,5.628891
1363783,1.3279101,6.9256277
1363790,1.1711926,6.954906
1363793,1.1118921,6.10416
1363794,1.1840186,6.705027
1363803,0.6255307,7.247887
1363804,1.5668194,7.4962163
1363805,0.7004822,6.9322143
1363806,8.801008,2.118289
1363837,3.277219,6.032089
1363840,7.0273256,1.1876544
1363842,5.1139884,1.4232187
1363843,6.9594245,0.9220615
1363855,9.934298,6.7709627
1363860,4.7075944,4.8728094
1363866,8.692163,4.2250376
1363867,8.200231,3.6185768
1363881,9.033862,1.0471145
1363883,6.8670278,2.0727882
1363887,1.2584171,5.575488
1363889,2.3817008,8.169491
1363948,2.4770494,6.9232697
1363962,4.8750696,3.513463
1363963,5.2016287,1.8104547
1363971,8.817776,0.79230803
1363973,7.423203,0.55283314
1364027,6.8136773,1.6711081
1364029,8.220549,1.5197593
1364033,5.507212,1.4471235
1364035,7.181626,0.5963494
1364098,7.1696024,5.542025
1364143,7.3471713,2.9451177
1364146,6.912217,1.919599
1364148,9.113272,0.84941524
1364149,9.1103115,0.88903385
1364162,5.1033797,5.7012253
1364173,4.8842945,6.1602225
1364176,5.654844,5.938785
1364260,6.6891527,1.8570958
1364261,6.8067083,3.549727
1364269,4.6164417,2.8994622
1364279,4.9571843,2.9000905
1364283,4.337214,2.8898273
1364291,6.820836,1.4417875
1364295,5.5958896,1.4391056
1364297,6.3838296,2.1578004
1364302,5.56743,3.3255372
1364306,8.348957,0.23321019
1364312,0.37777212,6.9689093
1364313,0.77657473,7.342175
1364324,0.6378409,7.3096175
1364331,7.6971393,6.755813
1364332,4.5192943,5.056385
1364336,1.288601,7.047647
1364337,2.2391486,7.919057
1364338,1.6047549,6.8254533
1364360,10.865307,7.483372
1364361,9.906064,7.939924
1364363,10.884088,7.577243
1364364,9.789743,7.1388884
1364365,9.558405,9.104851
1364366,10.993112,7.2603
1364381,5.298359,0.67189604
1364408,1.5899224,6.4569783
1364409,1.1682897,6.1770535
1364429,2.0957558,4.4091935
1364459,1.8263386,6.259399
1364481,0.8255281,7.2087846
1364489,2.5578322,3.8688815
1364490,3.277157,5.64648
1364553,3.211499,5.3498244
1364555,2.2520547,5.735478
1364556,4.1433654,6.521029
1364590,6.0163927,5.9494643
1364615,5.866599,6.767676
1364625,2.2503529,5.735932
1364627,1.2966288,5.051469
1364628,1.5499269,5.94542
1364661,9.98842,5.5698977
1364662,9.775552,5.5221953
1364663,9.432851,5.845165
1364665,9.379975,5.8508396
1364666,9.496777,5.819712
1364667,7.605423,6.178461
1364668,7.3870335,5.1524453
1364684,6.2655888,1.7587599
1364693,7.8918962,2.5425444
1364718,0.39056358,7.001743
1364726,1.980305,7.30897
1364754,0.8053752,6.743165
1364757,3.4798467,6.733024
1364771,9.232111,6.0602164
1364773,8.244105,6.5472326
1364776,7.613119,6.067588
1364777,7.9622808,5.530669
1364779,8.607362,6.5119247
1364780,5.2476163,5.4210277
1364781,8.601325,1.9177264
1364783,9.189894,2.7176044
1364784,8.02278,3.292349
1364786,4.9359384,5.1428103
1364787,9.121146,5.5804577
1364790,9.413964,5.814934
1364792,7.685687,6.2857957
1364795,8.263455,4.691883
1364797,10.3808565,7.737095
1364798,7.049724,6.383547
1364799,8.08344,4.760664
1364801,7.771163,6.5335994
1364805,9.295948,5.2194157
1364806,8.754519,4.084816
1364808,9.216588,4.538395
1364813,7.0976133,1.029551
1364815,9.146778,2.4046817
1364820,8.95387,1.7567093
1364822,3.7565563,3.740354
1364825,7.0973988,2.0063953
1364830,6.590928,1.3548503
1364834,6.435123,0.6321287
1364837,5.8231654,2.084231
1364844,7.3529825,1.0634061
1364845,9.25347,7.795629
1364847,8.115129,1.6388662
1364851,7.5937567,2.0696104
1364853,5.887463,1.3975148
1364854,6.8145695,1.8990257
1364855,6.9032426,0.7592115
1364864,6.6966877,0.68332493
1364871,6.6204147,5.462274
1364872,7.601975,1.113994
1364874,6.4923506,1.1516117
1364882,8.984876,2.4964204
1364887,4.649731,2.0726802
1364889,4.218098,2.231898
1364900,4.200421,4.9520435
1364919,9.998846,4.691909
1364921,9.595057,4.3587623
1364929,9.775475,4.4649587
1364930,8.809532,3.496148
1364931,9.789288,4.531557
1364932,9.358888,3.9105144
1364933,9.529387,4.311266
1364934,9.838413,4.459172
1364935,9.738006,4.365281
1364936,9.827449,4.7641983
1364938,9.620564,4.6002717
1364939,9.786716,5.210686
1364941,6.667928,1.5466942
1364942,9.765074,7.293687
1364953,4.387462,3.0717483
1364954,3.0814016,4.2496223
1364975,8.691176,1.1021217
1364988,6.2240677,0.9169633
1364992,6.1314716,0.47413912
1364993,8.177192,1.152253
1364995,8.594902,0.8050074
1365014,2.9551694,6.611082
1365030,4.0767894,6.1535926
1365050,3.9967015,6.8849363
1365053,4.607394,3.5823324
1365058,7.115512,6.2147193
1365067,3.2244515,4.2547855
1365080,4.1367435,5.215461
1365081,6.5737476,6.550718
1365084,4.2237806,5.2446895
1365097,3.862398,5.4073224
1365098,7.4994125,6.72137
1365123,4.6110587,5.047368
1365144,2.7735252,6.4319863
1365163,7.1200275,1.1377325
1365164,8.777816,2.2991135
1365198,4.04136,2.322081
1365225,7.6209273,2.577345
1365272,9.696152,6.362661
1365273,8.277931,8.888091
1365274,8.638068,0.71762204
1365277,7.572769,1.2471216
1365278,10.930955,7.3431225
1365283,6.5221095,8.813553
1365284,6.662146,9.0022
1365288,10.538035,6.874492
1365289,7.6962047,7.16544
1365291,9.005554,8.880321
1365293,4.5728383,9.534342
1365295,9.2233305,8.307272
1365296,5.847021,1.5703222
1365297,8.768737,2.9514873
1365318,3.0597107,6.409426
1365320,2.890026,7.2048197
1365323,3.4438856,5.368278
1365338,3.5314503,7.36263
1365358,4.563456,7.3936687
1365360,4.8055453,7.228915
1365361,7.172998,8.871773
1365362,7.698953,9.202667
1365363,7.2307534,8.988028
1365364,5.9775367,7.9263725
1365365,7.7331095,9.406231
1365366,6.489227,7.8019013
1365367,4.615825,7.476961
1365370,8.528972,4.490492
1365376,9.5658655,4.659678
1365378,8.917462,5.654195
1365379,6.819851,3.590358
1365381,5.713625,5.9423413
1365382,7.9842095,5.3009915
1365384,9.386559,2.013154
1365386,8.036334,5.2371235
1365388,9.22428,0.82067597
1365391,8.347107,5.267156
1365394,6.6337247,0.07641663
1365398,7.953386,0.9786553
1365399,9.201191,2.7546172
1365407,7.644007,6.089433
1365408,6.528224,7.8560214
1365409,7.962795,6.1404414
1365410,7.928595,6.1356797
1365411,4.7635217,7.189717
1365417,1.340746,4.546568
1365423,1.3599596,4.3429227
1365431,1.3624728,5.9566846
1365450,6.849095,7.835873
1365452,4.0583525,3.491586
1365460,7.2236943,6.9617367
1365463,3.912132,5.846187
1365465,9.456614,5.7648005
1365496,7.6851535,6.7081885
1365501,8.656122,4.617878
1365503,9.423103,5.1747756
1365511,9.961932,4.6698794
1365512,9.190068,5.335185
1365513,9.557452,5.490271
1365516,9.113825,5.029546
1365517,9.764595,4.869143
1365518,3.3686976,4.757961
1365522,2.9294372,4.403656
1365533,4.6316867,4.9520497
1365560,7.6825213,1.4763616
1365561,5.64032,0.78087366
1365562,6.791129,2.3776233
1365564,6.4696474,0.5806424
1365568,9.240687,4.0460854
1365570,6.4949703,0.73823464
1365572,6.937167,2.4274685
1365576,8.354033,0.83232474
1365578,3.8434603,5.7741585
1365579,8.785987,0.532082
1365585,5.849796,6.683767
1365601,6.985999,2.1697822
1365609,2.0060992,3.6273446
1365616,3.916401,6.527485
1365625,7.1468425,1.8332223
1365630,0.7622019,7.318452
1365632,1.0259863,6.644052
1365646,1.0579387,7.0923376
1365647,2.2692883,7.155507
1365657,9.577822,5.573848
1365660,8.91222,4.7126226
1365669,0.904703,7.233881
1365670,1.2068057,6.977137
1365671,2.1616518,8.220692
1365672,0.92194164,7.0242867
1365673,0.7991436,7.160685
1365674,1.0182904,7.1010957
1365675,2.6391165,8.404818
1365723,7.314235,1.1817552
1365727,7.3583107,2.3693678
1365730,6.447607,0.6623285
1365732,8.651197,0.73588455
1365740,1.6180881,6.588103
1365743,2.2280672,4.225944
1365750,0.8745242,7.2095165
1365779,2.571256,3.7770536
1365786,4.741579,5.1578684
1365788,4.2139015,4.9387865
1365803,4.2969084,7.099883
1365819,1.0456364,6.6873174
1365834,7.034264,0.7889494
1365866,6.577166,1.5235822
1365868,7.7809024,1.7775823
1365869,6.954741,1.1067797
1365876,5.805346,1.0440052
1365877,8.589103,3.3021154
1365900,8.921398,4.710704
1365901,9.58754,4.6194916
1365904,4.491508,7.935816
1365905,7.1162796,6.1830344
1365909,9.719549,4.4856963
1365910,8.173997,5.1038213
1365911,9.530392,5.0149574
1365918,10.280374,8.781797
1365920,10.279074,8.514269
1365926,10.798606,7.4028797
1365931,10.454411,7.9335566
1365949,8.004883,4.841851
1365950,9.529371,8.112343
1365952,10.485231,7.993462
1365953,9.527765,3.8958778
1365956,9.929253,7.090742
1365958,9.4114895,5.7406235
1365963,1.0587521,6.9786944
1365968,1.2871891,6.5983396
1366000,7.3185935,8.823651
1366001,8.02009,9.066649
1366002,7.921931,9.32579
1366003,9.085892,10.368882
1366004,7.0053678,7.7968407
1366006,8.247969,9.489526
1366007,6.708925,3.5753477
1366008,7.84209,8.359335
1366009,7.8217278,8.363447
1366010,2.6541946,7.8788795
1366011,6.327166,7.468652
1366012,2.360781,7.6099715
1366019,3.0291576,7.685444
1366025,1.0863943,6.736749
1366046,1.7525823,5.545794
1366058,1.4889672,5.6478295
1366059,0.9573599,6.1373324
1366071,1.925869,5.349232
1366116,2.4679296,7.277641
1366128,1.8953922,7.033571
1366130,1.6310124,7.5038624
1366133,5.5246043,0.66520166
1366134,8.913666,7.6113997
1366135,8.147609,8.529381
1366137,7.1984158,8.75885
1366138,5.5920053,7.3304844
1366139,7.9120536,7.684999
1366141,9.179696,8.599606
1366142,9.5097685,8.717269
1366143,8.965811,8.948998
1366155,10.1407995,8.249289
1366167,8.951997,7.7427983
1366171,7.29042,9.144179
1366172,5.198671,7.427535
1366173,9.900747,8.11638
1366175,7.8075733,9.492489
1366185,6.074106,7.9582043
1366186,7.1503954,8.581697
1366187,10.101935,8.862403
1366196,3.0411105,6.2588854
1366232,0.8267122,6.9047613
1366233,1.0118203,7.3057113
1366240,2.6081827,3.4989421
1366245,4.2602887,2.2830567
1366247,5.715287,0.7676952
1366251,3.8379338,2.6631653
1366254,1.3083667,5.816344
1366262,3.6531281,2.992619
1366268,5.653937,1.9200449
1366283,4.4463024,2.8983462
1366289,4.063127,2.4408665
1366293,5.829179,2.4191678
1366298,8.37375,0.13534248
1366303,4.8704414,6.1498356
1366304,5.8922133,1.9404839
1366306,6.2320604,9.637811
1366307,8.129628,7.683761
1366312,9.330954,8.836411
1366313,10.196238,8.275561
1366317,10.914031,7.1924033
1366319,5.358416,7.4419084
1366320,8.046433,9.039559
1366321,10.423701,8.733511
1366323,8.895062,7.946894
1366325,9.840465,9.219924
1366327,8.380888,8.647252
1366331,9.817989,8.43761
1366337,9.388272,7.990643
1366338,4.5719676,8.328669
1366340,9.993959,9.08626
1366345,0.34249705,6.8658113
1366346,8.704036,10.5702915
1366349,3.2990215,3.0114977
1366351,0.743157,6.967451
1366373,7.854701,5.636888
1366374,7.694719,6.233596
1366375,7.8954906,6.141557
1366376,8.446,7.5439177
1366377,6.94295,6.2435617
1366378,8.081063,5.1063876
1366380,7.5802155,6.27695
1366381,7.0307336,6.4421124
1366383,9.064019,5.2668614
1366384,6.874476,6.0348053
1366385,7.494669,6.344272
1366387,5.418653,5.7355547
1366388,6.6185803,6.2862444
1366395,0.6866005,6.10178
1366396,0.6212708,7.293522
1366397,0.7375509,7.6461964
1366398,0.58225226,7.308191
1366399,0.57118165,7.2762504
1366400,0.711216,7.4058676
1366411,5.0371637,8.29194
1366415,9.019632,3.2201958
1366416,10.93871,7.511827
1366419,8.763141,5.6044927
1366421,10.953163,7.501165
1366423,8.608048,6.466331
1366425,5.5865693,7.720999
1366428,5.107497,8.024061
1366435,6.8220677,3.466802
1366437,6.431923,0.6010804
1366438,6.9632354,3.2516308
1366442,6.2539573,0.5855925
1366443,7.1403036,2.2132924
1366446,8.927818,2.3603082
1366447,8.893793,2.4266036
1366449,7.952965,0.67340314
1366451,5.021075,2.7738538
1366452,6.8586183,2.1258457
1366497,4.4917865,7.810395
1366498,4.9154077,7.242105
1366500,3.886035,4.5203815
1366501,5.803184,8.040625
1366502,4.7111993,3.9014537
1366503,6.5904155,1.029087
1366504,4.6753592,3.9398515
1366505,8.749335,1.9239676
1366506,6.4004164,0.7939998
1366507,7.296049,1.6983974
1366508,7.9760528,0.7189184
1366509,6.3666244,0.53115517
1366510,7.097497,0.5364084
1366511,6.758523,0.75515807
1366512,7.3764567,0.89648724
1366513,7.2362576,1.119108
1366518,8.47829,8.34037
1366519,6.6520057,9.947562
1366520,9.253347,8.336182
1366527,9.2589245,8.037822
1366528,8.829262,11.047597
1366529,8.835624,11.067588
1366530,8.844235,11.073812
1366531,8.770914,10.95681
1366532,8.338101,9.835446
1366543,4.194884,3.5503173
1366577,9.07831,4.704186
1366581,8.432805,5.0614133
1366582,8.743194,4.3862205
1366585,9.510304,5.778006
1366612,1.0478017,7.0594363
1366623,5.309754,9.679554
1366628,1.9131051,4.7725697
1366629,4.193209,0.63616127
1366630,2.5638964,6.853589
1366637,4.1246295,6.3524632
1366639,5.1616697,4.5647874
1366649,2.5392704,6.8610883
1366657,9.14268,4.6128197
1366662,5.4213104,10.5023365
1366663,4.1722755,3.1832051
1366667,6.462849,6.3206573
1366673,5.597719,10.270363
1366676,5.4925723,9.980303
1366687,5.1536784,7.900668
1366688,5.822132,10.240143
1366695,7.889053,7.4413266
1366697,5.196544,8.04201
1366704,5.6108985,10.364676
1366706,4.6109934,5.015967
1366709,6.505358,9.576657
1366744,9.169705,8.806676
1366745,9.127473,8.767539
1366746,9.496183,8.77153
1366747,9.562739,8.592513
1366748,7.0716295,8.729056
1366749,5.8118467,0.7395972
1366750,6.717218,9.069942
1366751,3.5416892,4.936513
1366752,5.5266714,7.758657
1366762,6.3441916,8.750452
1366764,8.543429,6.5530925
1366766,9.962817,6.910842
1366767,10.235331,7.405293
1366768,9.947182,7.5686893
1366770,9.510494,8.12832
1366772,3.0901856,8.511143
1366777,7.4216094,8.050827
1366778,4.9319363,9.411082
1366779,4.3742337,9.501569
1366781,4.324533,9.525747
1366782,4.3124704,9.474701
1366783,4.191284,9.380533
1366785,4.380567,9.516379
1366786,4.188551,9.365088
1366787,4.1663065,9.379194
1366835,8.422339,0.9483895
1366836,5.429643,3.0503628
1366839,9.139189,0.7849945
1366845,7.4970784,1.1713353
1366847,8.56162,2.658546
1366848,6.210584,0.6088442
1366849,6.839384,2.4692397
1366850,8.090885,1.426304
1366851,9.005743,1.6646317
1366856,9.822131,6.9618897
1366871,0.85037655,6.616056
1366874,5.524198,8.909019
1366893,5.7586174,10.052011
1366897,1.191175,7.044249
1366907,1.1927572,5.913628
1366917,1.1034427,7.0409384
1366944,0.97514874,6.890839
1366950,3.108454,5.0830464
1366957,8.328572,0.92471826
1366967,9.372347,5.2214465
1366968,7.2065487,5.8944287
1366969,9.647843,5.157887
1366979,9.875871,5.4533443
1366980,7.875855,4.9257803
1366981,9.022876,5.592406
1366982,9.036214,4.987692
1366983,6.678313,8.714913
1366984,9.100513,4.725403
1366985,9.525024,5.67647
1366986,8.394501,4.1061864
1366987,9.135164,5.5981736
1366988,6.8729916,5.7572885
1366989,6.375553,6.1345477
1366990,9.408969,5.5379486
1366991,9.268143,5.635824
1366992,9.851858,5.0679317
1366993,9.416796,4.9239707
1366994,9.788775,5.4577546
1366995,9.505338,5.2970552
1366996,9.681247,6.5948277
1366997,8.964771,5.434447
1366998,8.897874,5.5954537
1366999,9.586855,5.0070977
1367000,9.358924,5.2479944
1367001,6.7844906,5.824861
1367002,5.799644,1.7304813
1367003,9.044047,5.4085717
1367004,9.313741,5.342354
1367005,6.9010687,5.7515717
1367007,9.367446,2.1050382
1367008,9.121167,5.881771
1367009,8.593541,5.1301765
1367012,7.065961,1.0859678
1367014,6.928654,1.8110116
1367034,3.2468216,6.492081
1367056,5.966671,6.6770186
1367062,5.3038473,1.6653453
1367063,7.9375434,5.3250093
1367065,1.4670522,4.190976
1367066,8.266897,6.9208217
1367068,6.1397758,5.981765
1367069,7.3360195,6.2787256
1367070,2.6855283,7.9133863
1367072,9.512113,7.020296
1367074,4.853796,6.9247475
1367075,8.744745,8.103224
1367076,7.111226,6.122254
1367079,5.4655294,7.672288
1367081,2.6170342,5.503381
1367084,8.43996,8.106759
1367092,5.7226067,3.4111066
1367104,4.769441,3.6837747
1367114,6.280123,8.050961
1367115,9.306606,4.565265
1367116,6.7587953,9.034803
1367121,4.472117,6.349269
1367124,6.97571,5.9850845
1367126,9.708553,4.7859325
1367131,5.704103,7.718481
1367133,5.3876495,7.8293953
1367135,6.1198425,4.7936106
1367138,9.558651,5.210706
1367142,4.577145,6.243951
1367149,6.2571726,8.696064
1367150,9.217393,5.875211
1367152,9.8312845,6.833624
1367153,4.1944227,5.5153246
1367182,6.949838,9.077167
1367185,4.255694,9.478684
1367210,4.905018,6.1880107
1367216,3.83051,6.2368584
1367286,4.820364,1.2331606
1367288,4.8525257,2.8795502
1367311,9.296891,4.9829397
1367312,9.626253,5.261045
1367316,8.613144,5.927264
1367321,9.250986,5.442821
1367323,4.97809,7.796927
1367324,6.433838,7.798908
1367326,4.5270743,7.3054857
1367329,4.720919,6.693803
1367348,1.4320172,5.884733
1367349,1.5656679,6.5024366
1367352,2.8115518,3.0329392
1367358,1.4420754,4.2333097
1367379,4.292219,7.8213387
1367381,4.9318523,7.8070216
1367383,1.4580132,5.6489587
1367386,9.024204,7.45871
1367390,5.162241,0.9942807
1367400,5.046063,2.2080185
1367403,7.6831656,1.8298161
1367404,1.8219461,5.9316854
1367406,2.1562836,5.9721823
1367415,1.0843593,7.274154
1367422,2.4663742,6.99313
1367427,2.086028,5.914011
1367430,5.8511767,6.6459155
1367478,5.5572414,10.405165
1367479,2.142082,5.7128534
1367520,5.830039,1.5278252
1367521,6.8471413,3.6014745
1367525,4.891551,2.6079803
1367528,8.240128,9.255607
1367553,7.6316133,6.717119
1367560,8.918692,7.107759
1367562,4.5148025,9.489639
1367565,5.850614,10.209846
1367569,4.517324,9.415451
1367570,4.394975,9.556084
1367571,4.2615466,9.500666
1367572,4.5652666,9.349164
1367591,2.60983,5.5829244
1367592,2.2213213,4.3499947
1367596,6.1588173,9.43
1367599,4.202969,9.447429
1367600,8.174582,6.5283294
1367612,5.2927356,7.522745
1367619,7.2472177,0.109633155
1367699,7.3978033,7.0520425
1367700,8.196808,6.424939
1367703,4.360132,7.8169117
1367705,8.71523,10.61881
1367708,9.779965,8.603616
1367709,9.249327,8.106946
1367710,9.313713,8.758587
1367713,5.0954294,3.4328756
1367714,1.8653979,6.5282073
1367734,1.30529,7.0436277
1367739,6.611603,0.487982
1367740,6.3174095,0.5670967
1367742,7.2001805,0.49493602
1367743,7.0218096,1.3184488
1367744,4.3218174,2.633116
1367745,7.410608,1.875516
1367756,2.8135266,5.189797
1367757,4.763321,1.8102391
1367760,5.141662,3.256382
1367763,7.0458126,3.5156517
1367770,9.092714,4.6867013
1367772,8.520479,6.6041837
1367783,1.4877095,6.3335648
1367794,4.9117136,0.96474284
1367799,2.6181116,7.930277
1367803,0.7637098,6.555523
1367813,2.1730287,7.2820816
1367819,1.1448482,6.9208527
1367828,4.594972,5.008406
1367849,4.70884,2.911607
1367854,6.309599,1.5517268
1367872,0.7472141,7.591673
1367873,6.923303,7.978705
1367875,4.142498,4.2261086
1367878,4.6798053,2.5711122
1367894,8.858314,4.874889
1367896,9.052061,4.6453285
1367897,5.571449,7.8862963
1367898,9.263503,7.301248
1367899,5.3859034,4.916873
1367901,9.992809,8.202836
1367903,6.470584,7.3837395
1367905,6.3760953,9.43983
1367906,6.127982,8.209081
1367907,8.563724,8.6177435
1367909,5.4949675,4.89495
1367910,6.120488,10.161382
1367912,10.574739,7.019807
1367913,9.858132,8.389943
1367932,8.6893,6.6390734
1367939,8.9544935,0.37136313
1367975,1.3216751,6.242142
1367987,3.382142,4.123253
1368005,3.3006642,3.7267034
1368008,3.2126067,4.1368313
1368011,1.1428101,5.0198865
1368012,1.2703819,5.0339327
1368015,1.4712026,5.5170364
1368022,6.9985404,7.1114855
1368024,8.738925,6.418178
1368026,0.8708938,6.44849
1368028,1.7120931,6.8365045
1368031,0.79620254,7.042353
1368042,0.34933344,6.960473
1368054,1.6360252,7.4291306
1368064,7.2109776,7.1497784
1368066,5.4470143,10.409722
1368070,2.6473186,6.487211
1368071,4.1503353,9.380379
1368072,1.6616561,5.955226
1368074,5.6889386,10.374974
1368077,2.2585173,7.960054
1368081,2.7077222,8.44724
1368084,2.8953664,7.4723186
1368100,5.7859898,1.4810643
1368114,9.287546,9.462505
1368119,2.460197,8.136431
1368139,2.6186507,3.4167688
1368145,4.132069,3.0652418
1368146,8.015507,0.604623
1368172,0.6899867,6.351481
1368187,1.2241393,4.7377234
1368193,9.242782,10.645046
1368206,8.625784,3.2781866
1368207,7.0207043,2.777217
1368208,8.120979,1.1217486
1368209,7.7003217,2.7158637
1368211,1.4271649,4.26392
1368215,4.1362348,6.5061755
1368224,8.648548,3.2464962
1368225,8.541467,3.4033463
1368227,8.60232,3.1909525
1368229,8.031535,2.6886296
1368230,8.140818,3.0408351
1368231,7.3920093,3.0400846
1368245,4.794781,6.4551086
1368257,3.406917,5.449024
1368260,2.9186442,2.984841
1368261,2.343477,6.604379
1368263,3.919449,6.2401023
1368279,1.6088338,4.10955
1368280,3.2127166,6.577273
1368284,3.0021508,6.388176
1368287,6.2316375,6.450809
1368290,7.5719385,6.7369113
1368315,5.3314295,8.1476555
1368316,2.3624487,6.9987307
1368317,1.2341942,6.1714444
1368318,7.488867,5.75271
1368327,3.313163,2.2097743
1368338,4.6483617,5.7912
1368355,3.9930842,5.264058
1368356,3.191154,4.2391424
1368357,3.2622101,4.576519
1368401,3.4041705,4.5338707
1368403,2.9582567,1.895348
1368435,7.67697,7.609917
1368436,7.9416165,6.628301
1368439,3.432857,1.6296955
1368443,5.5939817,2.366423
1368451,7.1854796,1.1223719
1368454,4.579397,0.6353142
1368456,6.1729903,1.6272824
1368459,7.376071,0.22027433
1368464,7.424478,9.108913
1368466,8.502572,6.6326985
1368467,8.932351,5.8269725
1368468,8.9057665,5.821173
1368469,9.034218,5.729482
1368471,7.8996544,6.589787
1368472,7.948882,5.6915617
1368475,7.506494,1.026645
1368477,7.345708,3.4981823
1368479,2.9176106,3.976545
1368481,2.9351776,1.8959819
1368505,7.979386,5.1641207
1368506,6.1697407,6.594541
1368508,7.2965326,6.648597
1368511,4.517097,7.8175673
1368514,4.940978,7.7770615
1368518,3.3762174,5.884378
1368530,9.65005,4.5589247
1368532,8.584466,5.1021457
1368537,5.484679,6.086759
1368541,7.437144,6.500338
1368546,9.709216,4.6568375
1368548,8.958735,4.5110703
1368551,9.333606,5.307182
1368552,9.667973,4.5587215
1368555,7.841197,6.277682
1368556,9.183896,5.526218
1368564,8.544886,3.7939658
1368579,6.3136296,4.8420577
1368580,9.81378,4.545088
1368581,8.66973,4.3042197
1368582,8.610892,3.6151526
1368583,8.748633,2.1822078
1368590,9.215142,6.154226
1368599,9.570705,5.491131
1368606,9.315701,4.4966145
1368607,7.7990108,6.689512
1368608,8.314155,4.939724
1368609,9.260766,5.2069726
1368610,9.583571,4.1898074
1368617,9.032585,4.903019
1368618,7.487485,2.336662
1368621,8.927627,7.6454096
1368622,10.267388,8.0602045
1368623,9.746279,5.6709275
1368625,9.043763,3.8130639
1368627,9.313968,3.3414383
1368631,9.213469,4.385835
1368634,7.082248,5.826527
1368646,6.075107,6.08225
1368657,7.643833,6.7394037
1368672,9.331103,4.756308
1368720,1.8271211,6.473861
1368740,5.6560235,10.309654
1368741,6.107012,9.567163
1368742,7.197083,9.340715
1368749,0.9719472,6.7626853
1368757,1.205854,5.8260365
1368767,3.5470402,4.8506136
1368770,3.395325,5.4309316
1368771,3.9713118,5.7128477
1368772,3.1406631,5.520949
1368812,7.281447,2.116775
1368814,1.1592842,4.9463243
1368815,4.850062,7.558658
1368816,6.8056107,2.4384496
1368820,6.4912405,8.744286
1368826,8.95251,7.717067
1368827,5.7298965,0.8994823
1368828,6.673592,8.776282
1368831,7.0524464,9.1019
1368836,8.152458,9.211477
1368837,4.8311276,9.456092
1368850,8.779768,1.9345133
1368893,3.7262592,2.7503576
1368922,4.7316027,2.7629366
1368933,7.219791,1.0065418
1368937,7.160142,1.0048127
1368942,8.115874,7.2699385
1368944,10.170819,8.643604
1368945,7.079185,8.345696
1368946,9.370342,8.098564
1368947,10.921945,7.2313356
1368949,10.343446,7.3435826
1368952,10.938427,7.6415415
1368953,4.252466,5.841473
1368955,10.0383835,6.962632
1368958,5.801805,7.6621532
1368960,5.7871475,7.796993
1368987,4.005977,4.7995267
1368995,1.3517433,4.3492913
1369004,9.773589,5.259813
1369024,5.6346087,10.321706
1369026,5.635851,10.269129
1369032,5.6575956,10.131628
1369033,4.34718,5.0759325
1369034,5.6496253,10.35604
1369035,5.7890067,8.794274
1369036,8.298167,0.65576917
1369038,6.73256,0.78245974
1369040,6.1918325,0.9156723
1369041,6.6156664,1.1159235
1369042,6.8117213,1.8121846
1369044,3.9839108,4.9103885
1369048,7.482591,1.7904581
1369049,7.5006886,0.77441007
1369050,6.1228466,8.557799
1369051,7.808771,0.7444256
1369052,6.565234,0.6380669
1369053,4.825669,1.2218492
1369054,9.834116,7.890264
1369068,7.862774,4.8237376
1369070,9.769516,4.534638
1369071,7.9703474,4.970121
1369072,8.054235,4.9747667
1369073,9.874798,4.618802
1369074,8.006344,4.932683
1369075,7.6105957,5.3842196
1369077,8.942029,4.649812
1369079,8.771757,4.701786
1369081,8.42481,4.9924846
1369086,9.308921,7.3437443
1369087,8.747165,4.504094
1369088,8.10275,4.8489704
1369090,6.7401795,2.3965313
1369093,4.380701,9.138549
1369094,7.418507,1.8269025
1369096,4.4175873,9.547076
1369101,6.853105,2.4794254
1369119,3.607649,4.6940145
1369143,2.0242078,7.4386487
1369158,7.4145164,0.20280144
1369162,3.8335323,3.8087702
1369164,8.096711,3.4794645
1369167,8.87038,3.4482038
1369168,1.7036933,4.673008
1369190,2.7399714,3.888573
1369196,2.9617062,3.9563138
1369201,9.675064,6.5261755
1369252,8.961322,5.947268
1369254,9.103382,2.719659
1369256,9.121399,1.97651
1369257,8.420256,2.3636248
1369258,9.192207,2.5050457
1369259,8.97501,2.4049482
1369280,3.3754823,4.4015408
1369282,6.429832,1.6130244
1369283,7.315539,0.54222476
1369292,1.9697648,5.5674148
1369318,9.189573,8.51539
1369319,5.208606,2.9086955
1369346,9.700873,8.357344
1369374,3.0546238,4.8076606
1369422,3.1373131,4.2150564
1369440,5.947741,9.650578
1369460,2.6475155,4.2209783
1369465,3.1297321,6.5369344
1369470,4.127472,1.5951953
1369472,2.3094182,4.3257008
1369475,9.239607,7.3463106
1369477,10.481919,8.206197
1369478,4.9714537,9.969886
1369527,7.968805,3.284558
1369529,5.7268505,7.4831686
1369530,7.873893,5.2314553
1369531,9.848412,7.873301
1369532,8.733524,4.8377113
1369533,8.338293,5.141738
1369534,7.900934,4.859719
1369536,9.234064,2.8691607
1369541,9.217814,8.357912
1369542,8.388236,7.672402
1369544,9.274869,3.1336868
1369545,9.529869,5.663821
1369546,8.021117,4.986497
1369548,9.475791,5.7172213
1369549,7.538029,6.6841636
1369563,9.206104,1.9026443
1369564,6.856084,2.111018
1369567,9.018071,1.0846825
1369571,6.7484617,0.78906673
1369612,5.6655807,8.330228
1369673,6.501309,8.539712
1369685,9.301131,10.622537
1369688,9.204857,1.145092
1369690,10.160466,8.560294
1369723,8.861294,6.4332175
1369724,10.194619,8.098019
1369725,8.975803,4.97118
1369728,2.8833747,4.562062
1369729,6.698264,7.9247465
1369735,8.77888,3.3876293
1369736,9.410013,4.72075
1369739,8.199362,5.9736104
1369787,4.659494,3.5025413
1369789,5.766959,2.706293
1369791,5.206308,2.9428205
1369794,5.9589877,1.3909127
1369797,2.8238304,2.9776947
1369798,7.142193,3.0076969
1369804,5.598765,2.6457744
1369805,7.6868687,2.1657314
1369809,9.00506,4.8469005
1369810,5.299518,2.8665938
1369811,7.907609,1.7085552
1369813,6.138572,0.7331364
1369816,9.114041,2.3251104
1369818,10.116212,6.2467213
1369821,6.090302,0.75392187
1369823,9.5583725,3.5772102
1369824,6.744281,2.1309643
1369825,6.963094,1.4759445
1369826,6.9798865,0.8295526
1369827,5.33417,2.5497622
1369829,5.3671074,2.528602
1369832,5.1358895,1.2267133
1369834,9.216429,2.5492594
1369836,7.624263,1.2390177
1369843,8.849476,0.44091204
1369845,7.6249595,1.6490333
1369846,1.5361952,5.5284867
1369848,1.2986476,5.9914575
1369849,6.4637647,6.4840975
1369850,1.2728219,4.7511992
1369851,1.5439408,5.689879
1369852,1.4954139,5.4162717
1369857,2.0683465,6.0075393
1369858,1.7206928,5.4775987
1369859,1.5772098,5.745429
1369860,1.7875413,5.9482
1369861,1.6249844,5.519152
1369878,5.4673905,7.2363257
1369879,6.0243974,8.121203
1369881,8.200578,7.2870955
1369882,4.8380747,7.402071
1369883,5.0881076,8.300271
1369884,7.6138554,6.988243
1369885,4.3232536,7.552415
1369887,5.5222707,7.6164074
1369889,4.887347,7.16612
1369891,5.779613,8.8004265
1369937,8.951163,8.61445
1369941,6.7371883,8.989643
1369943,8.712725,7.2835846
1369944,7.0523844,7.093419
1369946,9.098772,8.575616
1369947,7.3274302,7.1233935
1369948,6.6446843,9.164042
1369952,10.487769,8.010744
1369953,9.213625,8.275894
1369955,10.371333,7.362323
1369956,5.690336,10.271761
1369958,7.6545296,9.502039
1369959,7.0172725,8.367996
1369960,9.324041,8.602143
1369961,7.49501,9.181736
1369963,8.531618,5.4994974
1369971,7.200368,8.857253
1369979,1.7286025,6.6926823
1369981,4.098994,4.766415
1369994,3.3033857,3.8961425
1370002,3.2579696,2.840518
1370005,1.6954513,6.868848
1370010,1.3460842,6.722191
1370022,8.577153,1.2733513
1370025,8.597828,1.2587811
1370027,7.019953,1.3642478
1370035,7.2981253,0.94150573
1370044,6.2091384,0.6445346
1370050,7.94621,1.7238245
1370051,6.0726447,1.9743154
1370057,5.9917145,1.0880622
1370059,8.083437,1.3854245
1370063,1.3512048,5.5595503
1370064,1.5436492,5.5138154
1370065,1.694303,5.51575
1370066,1.4924413,5.518397
1370067,1.7601819,5.4839907
1370075,8.181311,1.2446347
1370077,7.9752474,6.0115514
1370078,8.022946,5.7763104
1370079,8.076265,5.4316683
1370080,7.42866,6.5653133
1370082,3.5561976,5.1455674
1370083,7.9812937,6.008625
1370086,7.898522,6.0466394
1370087,7.9603553,6.090408
1370088,1.7303802,7.436757
1370089,7.4521976,6.165844
1370090,1.5658414,4.354065
1370091,3.1790447,5.608744
1370094,7.903921,4.9193354
1370095,2.6673143,3.3574715
1370104,1.4166511,4.1812387
1370116,6.1011777,8.817154
1370117,8.996156,5.3163247
1370118,5.812335,8.802928
1370121,9.033409,5.5120606
1370123,8.912846,4.5527363
1370129,3.8694265,5.563669
1370140,10.913285,7.7228165
1370141,10.158306,7.9244394
1370142,9.370001,7.5693827
1370145,8.905889,3.6008797
1370146,8.183638,3.7590554
1370152,8.571859,10.731868
1370156,11.006544,7.4115405
1370158,10.356071,7.8302393
1370166,9.372671,5.9571304
1370170,8.538398,6.62964
1370174,3.8275592,5.6171317
1370193,7.891415,6.0312967
1370194,2.618067,3.8366988
1370197,2.2845316,4.0885916
1370201,2.3372574,4.680494
1370208,9.679618,8.633579
1370210,3.5012875,4.8318768
1370212,8.037178,6.0610466
1370225,1.0826142,6.739621
1370239,4.997735,7.285426
1370242,4.7821555,7.187461
1370243,5.9574237,8.61171
1370266,6.497055,1.7967314
1370271,8.467148,8.411629
1370275,9.252643,0.91389567
1370276,9.542228,8.743485
1370279,8.663365,8.180871
1370280,7.2790127,8.876491
1370282,3.3365543,3.9444582
1370285,8.951693,1.4705936
1370289,9.862816,8.790692
1370291,9.48412,9.757648
1370295,9.276622,9.241426
1370297,9.2344675,9.385106
1370305,7.3131156,0.5283839
1370308,1.8275948,5.7083797
1370312,9.817459,9.165432
1370316,10.132279,8.597603
1370317,9.636611,8.474961
1370318,9.103666,10.479701
1370324,5.998361,9.868473
1370325,10.168865,8.72695
1370328,9.409154,5.9374075
1370332,8.95056,2.5070858
1370334,7.251644,8.066483
1370336,3.3216484,3.9339244
1370376,8.769164,1.6095507
1370380,7.8342476,7.785779
1370385,5.8569546,10.198185
1370388,5.455254,2.6273055
1370404,5.592658,9.837602
1370405,4.6593523,9.395774
1370406,9.117636,7.2648907
1370408,9.811974,8.189152
1370409,4.5301337,7.9908233
1370411,8.683011,7.355786
1370413,8.680755,7.1193247
1370416,9.217784,8.335882
1370422,9.153616,8.375271
1370428,6.096337,1.0370151
1370434,6.8474417,3.548253
1370435,6.577544,0.87584615
1370437,5.380156,10.54861
1370457,4.5282917,3.5667365
1370474,5.1395903,8.028446
1370484,5.2335587,8.033272
1370493,3.7228749,6.2224727
1370502,8.489655,1.5442097
1370517,1.2254227,6.127876
1370518,0.64510876,6.252062
1370522,5.9163265,3.289516
1370525,0.66337293,6.683947
1370565,6.7647367,1.9313667
1370567,1.0479263,6.3582735
1370569,0.9526906,6.505164
1370572,6.0006633,9.630718
1370574,3.7233202,7.1142163
1370577,4.300586,7.3564005
1370581,5.0378637,7.560714
1370582,4.544101,7.4505982
1370583,3.8310096,7.141982
1370603,9.759411,5.5937176
1370608,9.254236,5.8582487
1370611,9.415861,5.441948
1370615,8.98653,4.5782094
1370626,8.783807,4.7824535
1370628,8.549504,5.0157943
1370631,9.771837,5.7086897
1370649,8.6455345,8.16119
1370652,9.385634,7.1436276
1370655,4.770257,8.046079
1370657,6.0437827,8.748792
1370659,9.215737,8.331754
1370667,5.061215,7.881262
1370742,6.0834513,2.4400947
1370744,9.370437,8.030428
1370748,5.9348083,0.8637836
1370751,7.963041,8.7372675
1370752,7.695519,7.6629095
1370765,4.1076326,3.3451073
1370775,2.6038072,6.467704
1370779,0.663692,6.7265716
1370785,2.2979808,7.8115907
1370786,1.0339354,7.415681
1370788,0.72043765,7.617878
1370789,1.8806187,7.3516407
1370790,0.44953436,7.013088
1370795,1.0906994,6.380103
1370815,2.8234081,8.550911
1370816,1.9461377,7.4240475
1370817,2.0584714,7.9161716
1370818,1.2197199,7.533531
1370820,5.963103,0.7248247
1370852,7.9825115,3.0559084
1370872,3.4265099,4.8379416
1370888,4.7609267,2.8497794
1370889,6.560809,3.5482998
1370900,8.772026,5.271306
1370915,1.7001743,7.0438166
1370916,2.4960246,7.105428
1370937,7.8939743,9.324629
1370938,9.404855,3.7483504
1370939,9.475515,5.5868506
1370951,8.860439,6.047985
1370953,9.356684,4.7416124
1370958,8.985415,7.477999
1370959,9.112396,5.7367873
1370977,9.920263,5.594025
1371042,1.4173054,6.626109
1371047,5.1329985,3.754109
1371086,3.5706632,4.9091315
1371099,5.391357,7.798319
1371100,7.372744,2.0004938
1371108,8.43807,4.6480517
1371109,8.1758585,5.0298314
1371111,8.768587,4.4834514
1371112,8.348602,4.8225102
1371139,9.393402,2.1165142
1371141,9.215035,2.0446465
1371143,9.550369,5.235389
1371144,9.291191,5.152625
1371147,7.9012866,3.4125133
1371148,8.065047,5.0489955
1371174,2.6705577,6.466155
1371200,1.5957276,6.791965
1371221,7.2548656,7.926798
1371223,1.8029586,6.7128544
1371225,1.5129982,7.185344
1371226,3.1087487,5.0974975
1371227,1.757068,7.175043
1371243,8.456446,3.1012614
1371245,6.9652905,2.3761451
1371247,7.284384,2.4145212
1371252,8.918911,1.7874811
1371254,7.297703,3.1009567
1371258,3.9463973,5.686597
1371259,4.136595,6.2637815
1371260,2.248426,7.239163
1371263,0.8159186,7.3811173
1371279,2.851666,3.4953716
1371285,7.853052,6.34194
1371287,1.1642777,7.372449
1371291,2.1975029,5.3367953
1371297,6.1540194,6.364807
1371299,1.33427,5.2709756
1371300,2.9224577,4.120303
1371303,0.5381604,7.0764155
1371306,1.5834758,6.247879
1371308,3.261737,5.674961
1371312,1.2342204,5.832082
1371313,3.2444472,5.578339
1371314,1.3103426,6.7098193
1371321,4.324792,6.2210016
1371327,4.8882003,3.8936565
1371331,4.6448774,4.050615
1371333,2.978517,3.1201446
1371336,4.3894873,4.193101
1371338,8.022742,2.833709
1371351,9.046658,8.587408
1371355,4.699011,7.3083396
1371361,7.531942,0.95363384
1371371,7.7210007,3.4450347
1371373,7.2780275,1.1147696
1371376,8.275101,1.6895485
1371377,7.7178617,1.1154095
1371378,6.693876,1.5207874
1371379,8.0484085,5.0305147
1371384,9.617032,8.972239
1371387,9.729592,7.4287567
1371389,7.9805665,9.010915
1371394,10.005282,8.743148
1371396,9.159412,8.786604
1371417,2.9823756,6.548184
1371422,7.1820097,6.3257732
1371428,6.1339693,9.483757
1371435,2.9922903,1.898161
1371467,1.6503768,5.7444086
1371475,1.1261215,6.1347265
1371476,4.1038575,1.6977868
1371477,2.0327716,6.6051016
1371478,6.139215,6.0637293
1371481,1.663322,5.49964
1371482,1.5899763,5.687046
1371492,5.8862605,8.574664
1371493,3.0258472,5.5741105
1371512,1.4377203,5.057518
1371514,3.365359,5.422882
1371517,4.797506,5.144821
1371518,9.011553,8.313774
1371521,5.7352033,10.051218
1371523,4.379203,5.1459494
1371525,9.212533,8.655891
1371529,9.224686,8.2919855
1371530,6.6899114,8.892303
1371532,3.937398,5.27534
1371533,8.6551,8.754847
1371535,8.98776,1.408356
1371536,9.064281,8.139765
1371538,6.6018925,9.106042
1371539,9.167314,8.144743
1371541,9.090963,8.336702
1371544,5.9003625,8.840421
1371550,5.885564,8.455817
1371555,6.5275555,8.756601
1371556,9.282626,8.388902
1371600,9.836405,7.433653
1371603,9.373342,4.647083
1371606,10.802465,8.833974
1371608,10.937596,7.701086
1371611,5.203185,9.2705765
1371614,8.926811,4.6228514
1371617,5.8035645,8.757817
1371618,4.570765,8.0310955
1371619,5.5169797,8.313072
1371620,10.369302,8.767827
1371621,10.0743885,7.553482
1371624,8.932946,5.992153
1371644,1.5500424,4.169639
1371646,1.2409891,4.589045
1371673,3.7544131,5.4676223
1371674,7.206731,6.999833
1371676,8.887893,5.1058226
1371677,9.390026,5.8526626
1371683,6.800708,5.627085
1371685,9.211741,3.9918706
1371695,9.419092,6.058287
1371699,9.523677,5.9815784
1371722,8.760145,4.718405
1371728,8.1927,5.07297
1371783,8.612506,4.8638783
1371788,6.900709,1.2857282
1371789,6.5992846,1.6965884
1371791,4.9015155,2.9581363
1371796,7.401376,5.6366935
1371805,4.9871163,5.594928
1371831,5.971038,7.846571
1371833,8.930569,7.4567313
1371836,9.571933,8.749117
1371838,9.831461,7.008443
1371839,8.647539,5.1440277
1371842,10.762329,7.67442
1371845,9.128796,3.0473595
1371846,8.134105,4.308705
1371848,9.559181,8.558882
1371849,9.600105,6.1721053
1371852,9.41267,4.857201
1371854,5.613218,7.65549
1371858,9.356,6.495581
1371862,2.4118443,5.7004113
1371863,8.989135,8.885808
1371864,9.946984,8.267904
1371865,8.556796,7.89099
1371873,2.5625281,6.316769
1371899,3.382399,5.049364
1371908,2.954673,1.8764639
1371917,0.9188189,6.6125116
1371918,1.1889023,6.9137297
1371922,1.4834567,6.199782
1371924,1.3606361,5.9981446
1371928,1.3700299,7.0313654
1371930,1.0898482,6.16656
1371971,1.3907021,5.957011
1371977,1.2480862,6.0389814
1372018,6.8132787,3.5099537
1372019,6.7898684,2.3882625
1372020,4.069236,3.2170918
1372021,4.1254764,2.8487446
1372022,5.7516904,2.1603372
1372023,5.109887,1.3647219
1372024,4.177828,2.860091
1372025,6.7614946,0.69479346
1372026,5.5794506,2.4884963
1372027,7.8787227,2.0064018
1372035,4.6735373,0.83115405
1372043,1.682552,4.2916875
1372049,2.9566011,1.9274583
1372051,3.0689285,2.1003766
1372058,1.7135987,5.6128106
1372059,1.696851,5.503483
1372064,9.088708,5.1096025
1372065,9.194722,6.112608
1372066,10.467007,8.533577
1372069,6.520169,6.095488
1372073,7.5475583,6.6102242
1372074,9.709381,4.75325
1372076,9.853176,4.552052
1372079,9.330943,4.6826463
1372082,9.59595,4.9597216
1372086,9.794986,5.1721907
1372088,9.43035,5.9070106
1372090,8.181731,4.3237715
1372092,9.98882,6.773235
1372094,9.638648,6.0181813
1372126,2.9134433,8.264879
1372134,4.762687,5.57203
1372136,4.447579,7.947342
1372138,4.0084777,4.7971654
1372141,5.4451175,7.284687
1372142,2.6507492,3.2643237
1372144,3.1870098,5.6196675
1372148,9.501615,4.9189014
1372149,9.274431,4.8464327
1372153,4.540496,5.105766
1372156,2.4729173,3.1576364
1372159,4.261155,5.662899
1372171,2.4199507,3.4360478
1372186,8.383088,8.114659
1372188,8.388584,8.345814
1372239,0.7575888,6.518965
1372245,2.6833277,4.993979
1372258,3.3219638,5.5103183
1372282,1.0164521,6.0497456
1372289,5.0413537,0.7546184
1372291,2.1595874,7.1940207
1372295,1.2056695,5.8458133
1372296,1.1998928,6.354507
1372299,1.2042356,6.3866816
1372300,2.6110308,5.414434
1372308,6.2645626,5.078813
1372318,8.048231,5.535168
1372319,7.976674,5.6489224
1372320,7.9610014,5.33996
1372337,1.6248581,5.492582
1372342,8.733912,7.350924
1372343,2.681819,6.7545066
1372354,2.9875376,4.1758895
1372363,5.046587,6.4853787
1372386,6.8771873,5.7775116
1372387,7.0896645,5.937669
1372399,9.220407,6.171045
1372400,9.549202,6.163292
1372402,8.147479,5.4890018
1372408,7.9425545,4.8978624
1372409,8.872687,5.5522413
1372410,7.527628,6.308983
1372414,6.197934,4.994854
1372415,7.991992,6.1735883
1372449,1.172427,7.5082326
1372459,5.1565366,2.8423176
1372483,3.9771423,5.1174927
1372496,0.7477982,5.8566537
1372509,8.989895,7.4326797
1372514,6.9070115,7.055768
1372515,9.870024,7.700869
1372517,7.2167215,6.970456
1372525,9.25506,8.029804
1372526,4.4448977,7.741294
1372527,9.225237,8.330686
1372540,4.637282,2.024637
1372543,3.4174485,5.9279194
1372554,3.2576044,4.2976184
1372568,0.9864179,7.438231
1372571,8.090423,5.3587084
1372572,5.2350483,2.9556756
1372587,5.7422147,7.859821
1372600,0.77207845,6.556657
1372610,0.816014,7.3663187
1372624,10.935569,7.457575
1372629,9.770245,4.7925115
1372633,9.557353,7.250626
1372634,8.491947,5.5244713
1372650,8.796119,10.178038
1372653,6.6471953,6.163354
1372657,7.8104463,2.3450222
1372660,3.2117136,5.6138115
1372664,7.9954276,0.98551357
1372670,9.99594,9.010575
1372671,9.472045,8.6968775
1372675,7.1157837,8.34647
1372678,5.9740553,8.557072
1372680,8.991109,8.358593
1372682,5.116671,3.3512797
1372683,7.8539867,0.9241704
1372684,3.3030012,6.398934
1372690,6.80838,6.0129547
1372696,2.0013678,6.5769544
1372701,7.637064,2.0739377
1372702,6.6515865,5.8155475
1372703,6.9483795,5.4900346
1372704,7.0575438,5.79987
1372705,4.6818213,6.8547387
1372708,7.430954,6.1524796
1372710,6.831912,5.89405
1372711,6.557543,5.9367948
1372712,6.807412,1.4680563
1372713,4.1561174,2.852583
1372714,7.114314,1.837188
1372734,6.9185333,1.8060834
1372735,7.4812393,1.6449116
1372744,2.6705089,8.447315
1372746,6.775817,0.2632972
1372748,7.1924047,1.7906705
1372751,7.328227,0.8242036
1372768,4.5916114,7.189792
1372789,4.9593787,2.812573
1372792,4.9131618,2.918277
1372864,3.899034,5.2632136
1372877,7.3170986,0.76276284
1372880,7.152407,0.82786965
1372890,6.7728076,1.1564648
1372897,5.4971733,10.466568
1372901,8.630401,0.6061962
1372909,7.478119,6.634579
1372910,9.793631,5.4519973
1372911,9.700122,4.2468543
1372912,7.8976164,4.8443894
1372920,5.474385,9.822824
1372926,4.5236287,7.0419025
1372940,4.0093393,5.187216
1372956,5.550392,9.784059
1372974,7.6739063,7.075039
1372976,4.7628284,9.790251
1372978,1.652198,7.406634
1372981,1.8456795,4.9738684
1373001,1.0687665,7.2911177
1373010,5.217734,3.2001913
1373011,5.592876,10.391301
1373017,5.6494436,6.895897
1373019,4.208383,5.628124
1373021,3.2959032,3.9332685
1373024,5.663152,7.486021
1373026,4.896851,6.5415716
1373028,4.8896875,6.191141
1373029,3.5828605,5.1560464
1373040,0.6624374,7.321112
1373076,5.627672,10.391149
1373078,5.8321967,9.9188385
1373079,7.154989,0.5949782
1373097,4.9983296,5.566555
1373101,5.384472,2.9359841
1373102,5.0668,3.331215
1373103,5.6798987,10.340818
1373108,0.70041776,6.4359307
1373122,9.319251,8.519639
1373130,2.8079054,6.4264226
1373133,4.3380094,7.7284536
1373137,4.076844,4.018759
1373140,3.9730294,6.489586
1373141,8.187324,1.644371
1373145,1.5809562,6.4906626
1373156,2.1743455,7.967493
1373164,2.5669434,3.940684
1373182,2.617271,4.971016
1373192,2.6064332,3.9522898
1373197,3.0658226,3.7996416
1373232,2.2165647,4.1968493
1373261,2.0805247,5.958304
1373271,2.1228728,4.5348835
1373274,2.098904,4.459907
1373283,2.1969502,4.3024206
1373288,2.2434232,4.2931614
1373292,6.9996448,5.7235694
1373305,1.5385791,7.0713706
1373313,2.2162836,7.917205
1373314,2.0798237,7.7617817
1373315,2.607211,8.304302
1373316,2.519649,8.15206
1373318,2.5341177,8.355068
1373320,2.368503,7.9696403
1373326,2.0940025,4.5785613
1373327,1.6543727,4.246467
1373332,2.525065,3.8268785
1373337,2.6379666,4.149989
1373341,2.0765216,4.5063205
1373343,9.886417,9.272137
1373345,1.0192745,7.286945
1373348,0.54160607,6.4995894
1373349,1.2786826,6.4974737
1373350,0.4054963,6.7867413
1373354,1.6326547,6.7170177
1373358,0.7274304,6.6462374
1373362,3.6248856,3.232231
1373364,0.40727958,7.082854
1373365,0.6102295,7.110005
1373368,4.1781187,1.566308
1373371,7.086532,8.863903
1373373,5.1343856,7.7583747
1373375,4.65931,0.6845931
1373377,6.476831,8.890152
1373390,2.5483449,3.5271711
1373393,3.2221456,4.88778
1373397,2.1149387,5.744877
1373425,3.1052945,4.759209
1373439,2.956526,1.901346
1373463,5.4959526,2.4228477
1373465,6.0806518,2.273539
1373466,5.9275723,0.7184991
1373472,7.0043793,0.9652236
1373575,5.0873456,3.0500822
1373576,2.9741802,5.4937477
1373578,3.6133058,3.848183
1373580,1.693452,4.009147
1373590,1.5587665,4.3208475
1373630,0.47659138,6.865715
1373634,0.772723,6.929704
1373635,0.5342193,6.6194367
1373640,1.484281,7.125711
1373678,8.416928,1.1396999
1373680,9.304817,8.738564
1373681,5.652141,8.266887
1373683,9.79372,8.9298115
1373692,5.7103405,10.270796
1373698,10.273977,8.346043
1373723,6.4476604,5.3312116
1373733,4.356427,7.3368254
1373782,6.8942094,1.4742405
1373785,7.0784903,1.1650214
1373786,6.992943,1.0114608
1373787,7.721084,1.032282
1373788,7.1493244,1.2098682
1373789,7.0967355,1.1615682
1373791,2.7589767,5.7789187
1373802,2.3442175,4.242603
1373810,1.4125488,6.0562162
1373833,1.1457868,6.6395617
1373834,1.2951425,6.8035693
1373846,1.6083164,6.5379796
1373864,7.1819572,5.4135165
1373884,3.0422843,5.885175
1373887,0.6687608,7.209479
1373888,1.7653469,5.7621536
1373919,9.6745205,5.460761
1373920,8.98565,0.8680206
1373921,8.969539,0.87615275
1373941,9.344906,5.4519806
1373943,9.021955,4.6703086
1373949,8.822085,4.670096
1373950,8.149802,3.1092622
1373951,7.529098,5.4215693
1373952,9.347896,5.275189
1373954,8.990015,7.9205446
1373956,8.159633,6.9315624
1373960,9.072604,5.051209
1373962,7.5563397,6.708885
1373963,8.67924,5.2466936
1373964,6.8388467,7.693758
1373966,7.4871807,6.8115573
1373970,6.0045238,8.862305
1373973,8.667391,1.5540737
1373974,9.199667,9.6916895
1373976,9.572543,8.440679
1373978,5.574338,8.400701
1373979,10.233739,8.084944
1373980,9.311634,8.267609
1373985,2.5040417,5.429445
1373987,2.370567,5.3917327
1373991,1.4309822,6.299088
1373995,1.1929249,4.9424458
1374002,1.0731068,6.7090025
1374015,1.2013952,6.469599
1374020,1.1304618,6.020781
1374023,1.2418368,4.6901455
1374024,1.072245,6.4911895
1374025,1.1334128,4.8471184
1374026,1.1763562,5.087858
1374027,1.234596,6.0648613
1374029,1.4098136,5.810429
1374037,4.459348,6.236516
1374059,0.46717542,6.5944347
1374061,7.4752655,0.22438596
1374063,9.707326,4.520157
1374069,8.509636,2.2264926
1374071,9.198951,2.5161393
1374072,10.079486,7.1171412
1374078,9.74528,7.723373
1374084,2.0137444,6.843632
1374090,8.184606,3.393357
1374093,8.678938,3.8279219
1374094,9.273226,2.8158047
1374095,9.925913,4.694811
1374096,8.766668,2.7456124
1374101,7.8381953,0.9136666
1374102,2.612273,7.8780107
1374106,4.773434,0.7085714
1374108,6.551076,7.2017827
1374110,7.3736467,5.6444516
1374112,8.652041,4.253821
1374113,8.908882,4.6867123
1374125,9.012472,4.669344
1374126,6.690377,5.9285917
1374131,6.966556,1.7617621
1374132,4.0745173,4.889209
1374133,8.872703,5.0451374
1374135,8.101329,6.528064
1374136,9.989551,9.001311
1374138,9.8784895,6.862224
1374140,5.2479806,0.76847595
1374141,8.162403,4.961046
1374144,9.938795,6.8691926
1374145,9.105605,1.1718965
1374146,7.008131,0.8274351
1374154,5.087161,2.4841774
1374173,3.5787175,5.484929
1374176,6.584896,6.2590656
1374177,4.54756,5.0714984
1374186,6.507078,1.4362657
1374205,6.4371076,1.5812585
1374206,5.036955,1.2853725
1374207,1.5130692,5.9276824
1374209,8.205351,5.8572955
1374210,6.64862,6.052321
1374212,6.1802454,8.475881
1374216,6.268401,9.551672
1374217,6.08825,8.598387
1374218,6.107055,8.490341
1374220,8.355943,5.7602043
1374221,7.023623,6.7325397
1374222,6.116809,8.617925
1374225,6.784696,7.374677
1374232,5.1416006,2.2367418
1374233,3.1077657,6.031934
1374295,2.5323634,6.8478937
1374296,3.2685826,6.3137364
1374303,1.5462945,6.08187
1374307,2.0878913,4.4690623
1374348,8.871827,3.5634823
1374350,8.610918,3.2462254
1374360,5.7493443,7.547481
1374362,6.3459373,1.4138759
1374363,4.8381352,1.1724468
1374372,8.384368,2.9906468
1374374,3.389358,5.301251
1374375,4.243817,5.391909
1374376,3.9674168,5.505012
1374377,3.5755544,4.696818
1374379,3.2495277,4.925425
1374380,2.1541364,5.7515397
1374381,1.4289216,7.2778683
1374382,3.6229477,5.4381475
1374383,3.7184956,5.419169
1374385,3.4143476,5.064942
1374386,3.6730905,5.407725
1374388,3.5919108,4.8984127
1374395,2.8989303,6.9313583
1374437,10.189397,6.4501204
1374438,8.855573,2.5869768
1374439,9.793969,4.677913
1374440,10.301576,7.964699
1374441,11.026778,7.3422966
1374442,11.021927,7.5596085
1374444,10.638708,6.761284
1374445,10.9518,7.677897
1374446,8.009683,6.4979997
1374447,10.169008,7.371784
1374449,9.857916,4.499016
1374450,9.904426,4.619201
1374452,11.027153,7.365731
1374454,9.229171,2.8539057
1374455,10.480397,7.9790525
1374456,10.427388,8.019446
1374458,7.728497,6.602573
1374459,5.3197002,7.446624
1374461,10.286548,8.066765
1374463,9.912867,5.7170677
1374526,4.5136905,5.086138
1374540,4.097244,4.835654
1374541,3.2735128,4.0423756
1374545,6.867164,7.782391
1374556,4.174427,2.30594
1374566,1.3906858,6.7882504
1374666,3.2690663,5.3498945
1374668,2.2017097,3.7217965
1374671,3.2300813,5.478606
1374676,4.351294,7.599863
1374680,2.1958876,3.7245357
1374693,6.9187827,0.7652793
1374697,4.5352187,0.966113
1374704,3.2031054,5.1377425
1374706,6.390605,5.0914917
1374716,1.9789877,6.879506
1374720,5.0616045,3.8270073
1374721,0.9947739,6.5422606
1374725,2.8849852,5.5520964
1374726,1.5668502,7.0811634
1374729,1.7852349,6.982391
1374731,1.3136991,6.1279464
1374733,2.2125566,7.373069
1374737,4.558747,4.638595
1374745,1.7022681,7.0849457
1374758,1.4302491,4.4630923
1374764,2.9586592,1.9051348
1374769,3.0281634,4.3199425
1374780,0.5199432,6.979039
1374783,1.5221747,6.7819676
1374786,0.48743168,6.977295
1374788,0.5127488,7.0372767
1374790,1.1818168,7.1027455
1374796,4.491397,5.0152645
1374797,0.87991303,6.576919
1374798,3.303083,3.199248
1374799,0.5639644,6.7939334
1374852,3.4202442,6.7122216
1374896,7.7370377,6.8049088
1374897,8.476944,4.6000686
1374898,9.706615,5.194517
1374899,8.539113,4.2387137
1374916,4.168463,4.8418937
1374917,3.0935085,4.7333884
1374927,0.5759531,7.163277
1374928,0.5770099,7.0505085
1374932,1.601838,6.9763513
1374944,2.2292514,4.5019846
1374946,2.538371,3.767818
1374947,2.1842842,4.22918
1374948,2.2260587,4.6697063
1374951,1.7567892,4.7688293
1374952,1.8247726,4.1542683
1374962,2.1963441,4.440381
1374966,2.1769772,4.5541663
1374994,0.92091095,6.672544
1374997,4.5563936,7.2790966
1375001,3.290731,2.7715733
1375003,2.6556962,3.6074448
1375006,2.4590194,8.047818
1375008,2.9052484,3.110139
1375010,1.7617882,7.000901
1375014,3.8873296,4.4732985
1375018,2.2371562,7.326292
1375021,2.0876124,7.019032
1375056,8.527214,5.6036077
1375058,9.532902,6.9803367
1375062,8.070587,2.2894166
1375105,3.397253,2.8284354
1375109,2.1807437,6.6758842
1375112,1.6542969,5.5376453
1375113,1.5752598,4.401917
1375140,4.347573,1.4814068
1375141,8.81667,2.9342597
1375142,3.6290047,2.8320966
1375146,6.1018863,1.681441
1375148,4.050082,2.331264
1375150,4.154501,2.7816148
1375155,4.5030227,3.9902008
1375159,6.0093174,0.17312843
1375160,9.3090515,7.7301626
1375162,7.2142305,1.8747156
1375170,9.479125,3.8174047
1375172,9.317697,1.0203103
1375186,0.5332892,7.1724005
1375194,9.845221,8.12638
1375205,9.431231,8.055545
1375216,9.516949,5.170788
1375235,10.209905,7.941566
1375237,5.711712,8.664911
1375240,10.019244,6.953585
1375241,9.654709,6.680311
1375242,3.5855846,4.365808
1375245,10.872323,7.842968
1375247,8.76049,10.710539
1375250,9.758734,4.7168555
1375252,8.823571,0.77118874
1375253,7.0777693,7.9257708
1375255,7.9701357,1.8240832
1375268,9.6306925,4.243015
1375269,4.361855,9.398938
1375270,8.818753,9.969293
1375271,9.47435,4.600661
1375272,9.927703,7.1262503
1375281,8.140331,7.1987586
1375282,7.4920044,7.0763173
1375283,9.425563,8.789818
1375284,9.463512,7.972232
1375286,9.434021,5.5394716
1375287,9.080449,7.6599674
1375288,7.585634,9.254899
1375290,5.9102707,9.732658
1375292,9.669926,6.631935
1375295,9.670287,4.277006
1375297,4.528467,8.013553
1375298,7.057573,9.120257
1375300,7.5807815,6.75483
1375303,4.863822,6.92648
1375304,6.537035,8.992727
1375305,10.3147545,8.337772
1375307,4.4580274,5.62838
1375314,8.09613,6.35005
1375317,8.001183,4.9388766
1375320,4.305067,7.6694474
1375321,7.7801723,5.069609
1375323,8.989962,8.268423
1375325,7.4392056,3.4822736
1375340,8.7807045,4.6975613
1375341,4.984958,7.7630577
1375342,2.2546954,3.7038145
1375343,7.47076,8.144677
1375344,4.8894444,7.6457505
1375346,9.20594,5.1643333
1375348,0.7821833,6.4726195
1375349,0.7423634,7.2714005
1375351,3.8220909,6.3076253
1375356,1.4868757,6.7657633
1375359,0.59216696,7.02634
1375369,2.5794322,6.999628
1375384,1.2675514,5.994733
1375391,0.54851913,7.210988
1375396,0.82832766,7.3303127
1375440,3.3819497,5.0495596
1375441,5.0735793,6.7828126
1375502,8.436384,3.9149477
1375503,9.810766,4.497099
1375504,8.071073,5.4867983
1375506,8.079784,4.647056
1375514,8.160599,3.6706195
1375515,9.037431,2.7776415
1375517,8.603877,2.345863
1375518,8.110509,4.683956
1375524,0.7189093,6.7615004
1375528,1.7810911,7.01205
1375532,1.5829687,7.318777
1375534,0.66299474,6.1132274
1375538,1.7809714,6.7617135
1375543,0.6361073,6.0698924
1375544,0.8733606,7.3937454
1375545,0.6478344,7.074558
1375547,0.4432108,6.8802085
1375549,0.35282674,6.98369
1375563,4.5763803,8.353603
1375566,4.8120723,4.397447
1375571,3.7670164,4.459296
1375586,7.11268,2.1478946
1375589,5.92321,3.293252
1375597,7.656626,1.7319512
1375599,7.2611938,2.9265757
1375602,5.161019,2.9581938
1375604,3.92777,2.5056515
1375605,6.6591005,0.9227246
1375612,3.3072603,3.73812
1375614,7.2028418,1.721876
1375622,0.49538773,7.1911774
1375624,1.4522258,7.3507304
1375628,3.1696808,6.4863048
1375630,3.9941146,9.1382675
1375631,2.664614,6.450311
1375634,6.270597,5.051187
1375636,4.072208,8.986398
1375637,1.7827313,6.749709
1375640,0.59557545,7.3958383
1375648,0.73430055,6.641987
1375649,0.39356238,6.7255034
1375650,0.44332448,6.8374944
1375652,0.5355435,6.555565
1375654,1.5169548,5.430471
1375656,3.8065302,5.176156
1375658,1.031441,7.425522
1375663,6.5922623,2.5858574
1375677,2.0516732,7.359447
1375678,2.342215,7.0327797
1375681,1.349285,4.6805797
1375688,2.9552665,7.9041624
1375689,2.0631053,7.30167
1375698,3.042628,7.5512233
1375703,2.9058962,8.4478035
1375704,7.896765,3.3941953
1375705,8.903812,8.673554
1375706,9.106916,8.081903
1375707,8.814282,8.070388
1375708,2.1584702,7.483081
1375709,4.391852,2.1175063
1375710,4.404646,0.8107577
1375721,9.499597,5.791361
1375724,9.365835,5.615881
1375728,8.506507,4.8693056
1375736,7.0917683,8.935564
1375738,7.372689,8.897962
1375777,4.7256103,4.0102415
1375778,5.0360894,8.25088
1375786,1.3139709,4.497381
1375794,4.17436,1.5646474
1375808,0.69022113,7.4027457
1375810,0.5115393,7.1325226
1375812,0.61581475,7.2411914
1375813,0.5181903,6.6777034
1375815,0.3757138,7.032422
1375818,0.42308998,7.1127257
1375822,0.6872419,7.211929
1375824,3.8948355,5.219156
1375841,3.1937745,5.526551
1375843,3.43758,5.025155
1375847,0.7203231,6.8994975
1375852,0.33825263,6.994386
1375882,5.954119,6.08839
1375884,1.2423775,5.8570633
1375886,0.58380204,7.215292
1375889,1.0786655,5.525557
1375897,4.101064,5.281245
1375898,3.4017224,5.1088
1375909,5.8076797,8.609118
1375913,4.996073,3.563736
1375942,4.9018292,7.7442207
1375950,4.377899,4.601487
1375957,5.0289793,4.810465
1375974,3.0557272,4.7831264
1375991,8.050913,5.997884
1375992,3.6943805,6.680735
1375993,3.3077688,6.5655403
1375994,6.0892887,3.1485817
1375995,5.7690907,2.6693618
1375996,7.0870986,0.15761198
1375997,5.459013,2.7231221
1375998,2.302823,3.3557663
1375999,2.8290935,2.9751587
1376000,2.6507406,3.1228886
1376001,2.8648233,3.4715414
1376002,3.1187742,4.5915914
1376003,4.212791,2.9700017
1376004,4.2670064,2.258648
1376005,3.704697,6.668796
1376014,6.371291,5.0726357
1376021,6.434439,5.1024694
1376023,6.4838295,5.151466
1376025,6.457648,5.100048
1376034,7.990262,4.379849
1376042,9.338849,4.6973314
1376043,6.5171533,0.839476
1376045,8.171092,3.4027667
1376054,8.061534,2.8218398
1376055,8.347559,2.4768324
1376060,4.8228073,2.8356688
1376061,4.886069,2.8584046
1376063,9.9118395,5.6463127
1376067,4.6708593,1.9739767
1376081,1.7745293,7.052488
1376084,0.62412804,6.345996
1376088,0.6849236,6.680868
1376092,3.2896962,3.914525
1376135,2.951196,5.5877433
1376136,2.6167216,6.42884
1376138,1.7726212,5.940453
1376140,2.6983304,5.071779
1376142,4.519492,5.065307
1376149,1.331666,4.430968
1376155,2.173901,5.951639
1376156,1.2303547,6.816151
1376157,2.5100033,7.8636627
1376164,3.4423413,5.3635926
1376165,3.5323672,3.0761027
1376201,9.583605,4.8706822
1376223,7.9777217,4.953253
1376225,9.232266,2.5156143
1376230,8.153859,3.7437818
1376249,8.530106,8.216393
1376250,2.894814,7.479156
1376252,8.739333,5.11576
1376254,6.894033,7.4038963
1376257,8.761177,7.9488225
1376259,7.5920553,5.6642604
1376261,6.962528,5.9561124
1376263,9.229416,7.259168
1376264,6.2020216,6.108039
1376265,5.641743,7.71703
1376266,4.8159046,6.8883715
1376269,9.27136,5.143544
1376270,7.0081506,6.3754053
1376272,5.946227,6.4515934
1376274,7.2388754,6.3127093
1376275,7.8744826,5.266761
1376280,8.538762,7.66641
1376281,9.651004,4.597186
1376282,3.1422932,6.0749025
1376285,1.8383982,7.1655087
1376286,5.0822544,4.6756063
1376287,1.8037044,6.482363
1376288,1.6577799,6.700032
1376289,1.8064407,6.6265926
1376290,1.4231339,6.371452
1376291,1.8114787,7.062203
1376292,8.930452,5.01847
1376293,1.6511923,6.6860547
1376294,1.703611,6.79265
1376295,2.5471265,6.5180416
1376304,1.7560856,6.6721296
1376305,1.9509397,7.073244
1376306,2.074861,6.807502
1376307,2.1313221,7.187445
1376308,1.9435886,6.6844196
1376309,1.9516472,6.9723296
1376310,2.0423808,6.6861567
1376312,2.0868185,6.450715
1376313,2.2051225,6.4565573
1376314,7.5204005,5.140551
1376315,1.8832535,6.8830423
1376316,2.337613,6.8752785
1376317,2.9490452,7.33657
1376320,6.3034415,4.6468477
1376325,8.858739,4.6882153
1376333,8.11253,9.06919
1376338,7.7943835,5.9362483
1376340,6.977714,6.7102423
1376341,6.9033933,7.444565
1376343,5.761453,9.709162
1376344,7.014543,6.4572344
1376345,6.9752984,6.1053185
1376346,7.2741017,6.1895
1376347,5.092099,7.8963776
1376349,7.3810406,8.67591
1376351,6.994246,6.450442
1376406,9.438883,6.22954
1376408,9.150529,5.1313453
1376409,9.1280985,5.3175406
1376410,9.289918,2.0968263
1376411,7.989989,6.07064
1376412,5.0134907,7.7491145
1376413,7.897147,6.1878705
1376417,8.50646,5.858975
1376419,7.374686,9.22621
1376445,9.206493,8.24181
1376446,9.305072,8.61674
1376449,6.9772606,8.880597
1376450,9.038381,4.427207
1376457,4.7638817,1.2904468
1376461,4.2650914,1.5844297
1376644,0.4103709,7.039344
1376660,3.4225192,3.6407614
1376665,3.3820755,3.9488838
1376682,9.429392,5.744363
1376686,9.698953,5.7730174
1376687,8.802807,5.017457
1376712,9.862199,8.193098
1376717,9.904146,4.5744667
1376718,3.8395796,3.2348769
1376720,8.82623,0.67702127
1376721,8.896524,2.6068122
1376722,3.435198,1.6963365
1376724,4.0145206,2.394988
1376726,5.6821074,0.6242333
1376728,9.199517,4.747081
1376739,9.881892,6.5676208
1376741,9.172992,1.9236661
1376756,4.143685,2.9005394
1376758,2.9458585,3.3002908
1376761,4.233296,3.0489697
1376765,3.3624861,3.9494193
1376781,0.86261153,6.37777
1376783,6.6684995,6.1732254
1376784,5.571714,6.2805614
1376795,6.630079,5.4069085
1376800,1.5654814,4.0631194
1376803,3.0682487,5.976816
1376808,4.08609,5.3253994
1376809,1.514082,5.49538
1376811,5.6880918,5.998292
1376812,1.7057887,5.543926
1376813,5.0562925,4.6326823
1376815,6.69458,5.6903543
1376821,0.39278665,6.8169417
1376826,2.285109,4.2818174
1376831,4.746382,6.842573
1376845,6.8625216,1.2935139
1376848,8.409118,2.9763067
1376871,7.0676622,1.1653159
1376891,11.0343275,7.6100874
1376892,10.207472,6.8625584
1376893,8.72474,1.6945823
1376894,9.938912,4.639649
1376895,10.588077,7.008504
1376899,9.963972,4.540244
1376900,9.348647,4.6975927
1376901,9.926839,4.705277
1376902,10.65657,6.758312
1376905,8.717608,2.2116861
1376907,10.684672,6.8003526
1376920,0.47501436,7.105958
1376925,0.7625974,6.9482183
1376943,6.890184,1.0677911
1376989,8.204754,7.2389154
1376990,6.3623877,0.7500656
1376995,8.911571,8.602109
1376998,4.8547764,6.140786
1377003,6.0403323,8.53487
1377006,6.9549966,6.601287
1377008,8.92776,7.582737
1377011,8.769976,6.4975843
1377012,6.6785846,7.6725097
1377013,6.232579,8.0152025
1377014,6.0804462,8.005412
1377030,1.8943195,7.5069637
1377031,5.5808434,6.692662
1377086,0.8774095,6.9731674
1377088,1.7950381,5.591166
1377089,3.3416967,5.4316897
1377096,3.1848671,5.857244
1377099,1.7218754,5.6300077
1377102,1.4002031,4.3319144
1377103,2.2832828,7.1655073
1377110,2.8623075,3.4014034
1377113,3.3738909,6.227302
1377117,2.8999357,6.4474554
1377124,3.272835,2.9974146
1377130,5.3268576,6.9403763
1377146,0.9848435,6.6782203
1377154,6.948828,5.621241
1377157,8.539096,7.10656
1377158,6.855626,6.039255
1377160,7.6894555,6.532936
1377161,8.222699,5.1900973
1377162,7.0991592,6.873794
1377163,6.300265,6.284062
1377164,7.503449,6.2292995
1377165,7.1576223,6.1534095
1377211,3.136314,5.4845843
1377213,8.58538,7.1214285
1377219,7.579709,6.6269946
1377222,8.749964,7.8892636
1377234,5.570175,6.51909
1377240,7.4483066,0.17862083
1377241,7.267441,0.205952
1377242,7.18127,0.39323252
1377243,7.4292026,0.16458984
1377244,7.8877726,5.383731
1377245,7.3754654,0.185089
1377246,7.4902163,6.2350464
1377247,8.017163,5.1405544
1377248,9.936952,7.2216554
1377249,7.482226,0.18585353
1377250,9.536659,5.586781
1377251,5.539722,5.855585
1377252,7.43317,0.17577507
1377253,7.2786813,0.53108585
1377254,8.333599,6.6043367
1377255,1.4972852,4.1868076
1377256,7.390228,6.052784
1377257,8.274081,5.0998383
1377258,5.684706,1.5010703
1377259,7.828684,6.097371
1377260,9.463055,4.476668
1377261,7.036618,6.3201113
1377262,7.446532,0.21193835
1377263,9.615845,5.526123
1377264,8.409576,5.415184
1377265,7.0749545,0.47714078
1377266,7.214991,6.1228085
1377267,7.292922,0.1328589
1377268,7.542843,7.5215354
1377269,7.4543214,0.57922184
1377389,6.719872,5.5277915
1377390,8.891049,4.9223146
1377391,6.8072214,5.9528904
1377392,6.8482924,5.778466
1377394,8.148549,3.4486077
1377397,9.117739,3.965808
1377403,7.36124,0.14470209
1377408,6.9396567,3.4312901
1377411,8.898824,7.287517
1377412,7.969638,5.0261655
1377414,6.4229355,7.8288345
1377417,9.78552,5.649245
1377420,7.6857557,1.760012
1377421,7.2990246,1.5389433
1377422,4.904308,2.5977695
1377427,5.200121,3.110581
1377431,7.5622234,1.2042015
1377434,4.8398676,1.1980472
1377435,6.9998455,1.0266501
1377451,7.0464106,1.0331894
1377452,8.062341,1.5728989
1377453,8.347538,2.0712914
1377454,9.077179,0.82586795
1377455,7.1332426,1.8430717
1377462,6.6104574,1.0369667
1377464,7.0345473,1.6222708
1377466,6.8687663,0.8947733
1377470,4.4710298,4.027467
1377481,3.6889858,7.5373507
1377482,1.6881855,7.546631
1377483,2.9721982,7.129343
1377484,4.1897025,7.77681
1377485,2.3255146,7.2287374
1377486,2.1861742,7.2440286
1377487,3.8157911,7.558832
1377488,1.9540068,7.439312
1377496,4.7433577,7.7284865
1377546,0.98938465,6.127805
1377555,0.49506953,7.0030923
1377559,0.69010985,6.4593034
1377560,2.7132647,7.4012604
1377591,3.7619002,5.957295
1377623,9.007357,2.4504378
1377625,9.148099,2.3728673
1377627,9.258927,2.2313392
1377640,8.860957,2.0969508
1377644,8.489412,3.634396
1377647,7.0606494,1.1700202
1377648,7.153831,0.19049591
1377651,6.8637333,2.0264177
1377652,5.620084,2.7966518
1377653,9.214979,2.1645324
1377654,7.744536,2.3640587
1377772,9.272417,4.7195063
1377812,7.6572547,6.709415
1377814,6.865101,8.914427
1377815,10.373184,7.243311
1377816,4.538248,5.7934856
1377817,8.715396,9.233717
1377818,9.472641,5.282341
1377821,9.380102,10.57251
1377822,9.343436,10.585108
1377827,8.931326,8.333307
1377830,4.426429,5.4104104
1377836,8.916786,10.797268
1377855,9.664882,7.2697444
1377856,9.842828,4.786933
1377858,10.838205,7.639985
1377859,9.291346,7.545477
1377861,9.0627165,8.314742
1377880,6.6734567,8.871566
1377882,5.901454,7.9188337
1377884,9.407735,8.1108055
1377886,6.631759,8.825124
1377887,10.272933,8.135696
1377890,7.5941386,1.8776367
1377894,5.8297915,10.233327
1377898,4.522824,9.431293
1377900,5.945151,7.90888
1377902,4.5689344,5.1205015
1377904,9.736466,6.447877
1377905,5.024025,8.313984
1377907,9.228341,8.23382
1377911,7.485617,0.15501365
1377915,7.9962263,3.3405738
1377916,9.065152,5.219286
1377917,8.936657,7.781707
1377920,7.8520927,6.6957455
1377921,9.086298,8.061816
1377925,9.014845,7.4829426
1377928,7.1880126,9.099925
1377935,5.190832,5.366404
1377960,5.967395,3.2749753
1377962,6.6705747,1.7730145
1377970,5.918413,7.5058284
1377972,3.4894288,3.1655118
1377973,0.7183638,6.5220666
1377975,1.0236632,7.348543
1377987,0.65556574,7.589789
1377988,0.5638849,7.18333
1377989,7.7292476,6.741359
1377991,5.5486255,6.524515
1377993,8.984586,5.7964087
1377995,8.693659,5.1462445
1377996,7.7280107,6.569746
1377997,9.652979,4.03906
1377998,9.203252,2.984584
1377999,8.302773,6.539947
1378000,7.4534106,6.1378284
1378001,9.21404,4.871076
1378004,6.6828465,0.6823207
1378008,9.7206955,5.187338
1378011,7.0207214,9.494133
1378016,9.666072,4.545782
1378017,7.191916,8.634537
1378028,9.21457,7.1955853
1378031,10.171171,8.518849
1378047,7.766549,2.3638725
1378054,6.821455,1.5236722
1378057,5.285356,2.8972929
1378058,6.8778157,1.5963631
1378060,7.367982,0.23912743
1378072,4.873147,1.1940289
1378076,6.274646,1.6021336
1378078,10.0133505,6.446203
1378080,6.80542,0.5121939
1378081,7.073551,1.725958
1378084,6.7438364,1.2238367
1378085,8.454524,8.126351
1378092,9.035647,5.644578
1378102,9.470536,8.854337
1378113,7.020681,0.8542642
1378114,10.42702,8.615391
1378115,8.702449,8.622338
1378117,3.1772437,3.977763
1378120,2.8673491,3.9940865
1378125,4.9671283,7.6945987
1378130,3.6890135,3.1566274
1378132,3.2128124,4.455186
1378136,3.1676807,3.4313989
1378137,3.0647326,3.0204992
1378142,2.9832025,3.2716632
1378153,7.524837,6.8118362
1378155,6.1942906,8.381235
1378156,8.510512,8.965903
1378158,7.642557,6.7110133
1378160,2.4240313,7.948825
1378161,7.6252093,7.8762236
1378162,4.910164,9.441525
1378163,6.102567,8.456929
1378164,5.739003,10.274888
1378166,5.9348893,9.270274
1378167,6.095663,9.468689
1378173,7.356969,1.2431161
1378179,1.6321068,7.497585
1378186,10.476817,8.576807
1378190,7.7617836,5.9670315
1378191,8.914662,4.4752145
1378193,9.116235,9.135304
1378223,7.3792963,3.49742
1378225,5.6894646,9.562485
1378226,4.0668836,9.316111
1378227,7.632978,6.237917
1378228,2.6272244,7.9171686
1378230,9.106905,8.094761
1378247,7.184601,6.9959
1378249,7.441839,6.6930556
1378251,7.358653,7.076852
1378252,7.5878663,7.839903
1378253,7.4034014,6.9427958
1378255,7.5971103,6.6602864
1378257,7.1166997,0.6108524
1378258,7.274466,0.41738826
1378261,9.171032,5.3762145
1378264,8.554446,1.0196327
1378266,5.6903243,8.443671
1378269,10.030246,7.0591164
1378272,8.351749,9.1059
1378287,10.015158,8.690697
1378288,7.039214,9.553615
1378290,8.6179495,4.2550387
1378291,8.795743,7.4824276
1378296,8.791324,4.8269672
1378298,7.6763077,5.13133
1378302,6.849059,8.039797
1378316,7.6792574,9.300867
1378317,4.9860415,7.566198
1378334,9.470375,3.3074384
1378340,2.7810366,5.567837
1378342,2.3769686,6.086645
1378344,2.767832,5.412017
1378346,2.3693776,6.2876153
1378350,7.3500333,0.13926229
1378352,6.7080564,0.830097
1378353,7.1004286,1.5009472
1378354,7.5297294,1.8792301
1378360,7.762632,6.579368
1378366,3.341025,4.2470264
1378379,3.4739616,6.123919
1378395,6.158049,6.085879
1378409,1.7895498,5.820497
1378445,7.183155,8.736588
1378446,9.3527975,6.8468866
1378447,7.0237355,7.1634393
1378448,4.801366,8.40418
1378449,9.919577,4.4841356
1378451,7.1347027,6.8857584
1378452,6.7838674,9.025919
1378454,9.672749,4.462263
1378455,9.681658,4.5693073
1378458,4.5686464,8.344186
1378459,6.9155893,3.4987552
1378461,8.957028,7.3450747
1378463,10.175749,7.8631144
1378467,9.173389,5.717883
1378469,8.057639,2.3542993
1378472,4.1706657,1.5648656
1378473,8.189678,5.330906
1378476,9.152188,6.0667706
1378478,8.720542,2.6949902
1378479,7.463951,9.380612
1378480,6.445391,7.8281255
1378486,7.151107,8.7266655
1378487,7.6661434,9.563263
1378488,6.3228784,0.48651165
1378490,8.126371,9.06949
1378491,7.6500826,8.379417
1378493,8.641403,1.545283
1378495,4.819603,7.268999
1378496,2.9985776,8.475897
1378497,8.61494,2.1541214
1378501,9.314156,1.4497674
1378509,9.183583,7.894593
1378522,10.027495,8.311812
1378529,8.483313,4.6728306
1378530,9.281151,4.09335
1378531,10.290848,6.2693524
1378533,8.335875,5.8572493
1378534,9.78814,4.597589
1378538,9.908763,4.588187
1378540,10.8459635,7.832733
1378541,9.267715,7.1460233
1378543,10.9740925,7.349551
1378544,10.306534,7.410338
1378545,10.435175,7.8225536
1378546,9.45663,8.763035
1378547,10.442373,7.516733
1378548,11.016103,7.628832
1378549,10.323761,7.243376
1378551,10.608152,6.8174634
1378552,11.017141,7.597336
1378554,10.117795,6.721069
1378555,10.555707,6.728045
1378564,8.989694,8.9119
1378566,8.015331,7.333855
1378567,9.3518505,10.321027
1378568,9.517511,9.480416
1378570,8.413038,9.941098
1378571,9.052696,10.493594
1378572,9.666633,8.704868
1378573,9.046915,1.0317228
1378588,9.955124,7.225282
1378591,9.281675,5.4904537
1378594,7.684178,7.477995
1378599,9.179775,9.927151
1378602,7.9314384,7.762169
1378605,8.345581,7.669103
1378610,9.766236,8.5870495
1378611,6.839693,0.53877246
1378614,8.997427,5.844877
1378625,9.779832,7.859554
1378627,5.98775,0.23077516
1378631,6.328456,0.5072487
1378632,9.950195,6.7421455
1378637,5.666627,10.019358
1378639,7.149919,1.1020244
1378640,8.04494,5.712447
1378648,9.417008,5.5263853
1378650,8.153377,5.7054014
1378711,4.97662,7.6829114
1378721,9.934449,7.8161235
1378727,3.3160982,5.4024944
1378744,9.452188,7.303788
1378845,1.5369917,6.6907415
1378882,9.2257595,8.584476
1378883,9.451015,8.689163
1378885,9.891208,8.898774
1378887,3.2722423,4.4529567
1378888,8.745157,8.740373
1378889,3.1777296,4.510467
1378890,9.066363,8.444408
1378892,6.008061,9.134493
1378893,4.6036687,8.348746
1378894,3.2962706,4.6466146
1378895,5.774044,7.418373
1378939,6.8293753,1.606471
1378942,3.4201605,2.9365115
1378943,3.7294264,3.5156083
1378945,7.6066823,0.66960907
1378948,5.4528527,2.9335334
1378952,8.402898,1.3307525
1378954,6.358067,0.5142575
1378961,9.180908,7.986583
1378965,7.340492,1.2585796
1378966,3.3889053,2.8423622
1378967,5.830119,1.0155461
1378972,8.525915,0.9624619
1378973,8.902813,0.4031518
1378982,7.317049,1.0723686
1378985,4.6948867,4.6108346
1378991,8.870198,4.722282
1378992,9.059385,4.665862
1378993,9.160545,4.8505015
1378994,7.3303943,6.279268
1378997,9.581333,4.8471856
1378998,8.052853,8.892169
1379000,9.063411,5.6113167
1379008,6.9969325,5.7158523
1379012,6.5392594,5.7991505
1379015,8.586221,3.9287822
1379017,9.668649,5.8156576
1379018,6.7656636,5.5730567
1379020,9.1111765,5.362168
1379021,9.102948,5.9755726
1379022,7.8899226,6.482324
1379044,5.634439,10.362561
1379049,2.9985476,4.195614
1379054,2.759527,4.6131535
1379065,7.014478,6.0896616
1379068,6.816275,5.6989784
1379077,5.0571656,3.5325208
1379079,5.2696524,3.9416509
1379081,4.653634,1.9789301
1379087,4.905894,1.7688336
1379089,6.1591954,1.4854885
1379093,1.0405567,6.5808945
1379100,1.4846787,5.968121
1379103,0.82382506,6.5845704
1379105,1.3746696,5.9478655
1379129,2.6931539,8.454102
1379158,8.408893,4.0967374
1379160,7.6918445,3.472842
1379162,5.9592867,5.1776915
1379163,8.23386,4.217933
1379165,8.361175,3.732415
1379231,8.845295,3.5271175
1379234,8.37219,7.1971316
1379235,9.911457,4.852458
1379254,9.175517,8.644867
1379255,4.5906096,8.017725
1379256,7.6750093,7.8152914
1379257,10.17904,8.50133
1379258,8.515758,0.46121025
1379259,9.124556,7.2495117
1379260,7.755649,6.7587276
1379261,7.9645095,8.415912
1379262,6.948667,7.9505587
1379263,6.451153,9.063691
1379264,6.1832404,7.3798995
1379266,10.234949,8.509906
1379270,2.7317407,3.8695352
1379272,1.9170996,7.5093713
1379274,0.7770717,6.9708776
1379286,0.5375815,7.130111
1379313,4.8305254,9.58076
1379316,7.795423,7.7424846
1379322,2.3495567,3.4958184
1379323,4.7722354,1.3264472
1379335,9.218586,2.5126054
1379336,6.796816,3.4825692
1379337,4.975514,2.7477608
1379344,5.9174876,2.1562076
1379351,4.8978043,2.8523984
1379358,9.691794,8.121827
1379369,3.3177235,2.254705
1379371,4.280321,4.9030976
1379378,4.0412097,4.983181
1379379,2.8671598,4.131576
1379381,3.0210252,3.0892947
1379395,3.3364992,2.2441185
1379411,3.2214952,4.4301395
1379419,3.3645666,4.6276
1379421,3.1009955,4.689569
1379444,6.9537296,0.7479307
1379445,8.1616,0.71619684
1379483,4.8522778,4.265097
1379484,2.6292984,3.9938796
1379486,6.964957,8.020184
1379490,8.493108,2.1887274
1379492,4.8973713,6.3557625
1379497,9.050243,9.180617
1379499,5.4938207,7.31443
1379506,4.9020896,6.404767
1379526,4.2457337,6.6760755
1379542,5.9095874,7.8792667
1379548,5.286728,7.073102
1379557,6.0103545,7.8703814
1379558,5.489239,7.3114285
1379564,7.518008,1.4450263
1379568,6.2342343,0.71901846
1379572,4.3597894,4.0075035
1379574,5.4700055,10.487542
1379578,9.1296625,4.763434
1379610,2.6687858,7.798255
1379613,7.711359,3.197292
1379615,5.952856,7.9212136
1379632,0.6132662,6.736587
1379633,0.5936958,7.079762
1379635,2.3722904,8.060645
1379637,2.2171848,7.9482794
1379638,2.1998038,7.9776073
1379649,9.106511,4.5105586
1379653,6.134778,7.890561
1379657,0.5982233,7.062601
1379661,1.0160362,6.898112
1379668,0.9400208,6.57839
1379670,0.69325775,7.340766
1379674,0.620774,6.68984
1379677,7.9028583,4.8611794
1379678,5.377826,6.2420244
1379682,5.4961014,7.1836767
1379683,8.865553,4.4710526
1379685,5.973486,7.823982
1379686,7.922278,4.7913
1379705,6.7458105,3.5337453
1379707,8.598513,10.738897
1379713,9.26207,8.353825
1379715,9.426167,8.829232
1379716,3.6293812,4.1051674
1379718,6.6894755,8.765708
1379719,4.246575,5.610294
1379722,6.707998,8.241336
1379725,5.1873727,6.522992
1379726,9.460707,4.1454864
1379727,9.758266,8.449119
1379737,3.3184247,6.1821647
1379805,0.83271796,6.7987714
1379806,0.48648682,6.7778845
1379807,0.40106797,6.9181376
1379808,0.7246158,7.3387775
1379809,0.4859175,7.012358
1379817,0.45257053,6.469483
1379820,1.0584303,7.2605667
1379825,3.2263515,4.1789694
1379833,2.9253294,3.9238296
1379844,3.1278462,2.992528
1379860,9.920631,4.9888654
1379863,9.507876,4.955798
1379864,8.5852,4.8320436
1379866,8.605015,3.279036
1379874,7.916723,6.602253
1379898,2.8896196,8.569232
1379918,2.740872,8.446857
1379947,9.896576,7.845174
1379959,9.4059105,5.5700884
1379963,5.9263496,3.294771
1379971,7.172669,9.186142
1379975,2.7802312,4.021358
1379988,0.7895606,6.8535385
1379992,4.3322563,0.7398187
1379993,2.8472273,4.6518173
1379998,4.541694,5.594453
1380019,9.880637,7.7543864
1380029,5.0096254,5.694956
1380032,4.9982853,5.7829027
1380045,8.91793,10.631826
1380049,9.238919,8.09435
1380052,7.088534,8.51048
1380053,6.055693,0.40767702
1380059,7.0730205,8.875011
1380062,5.1030536,7.9907713
1380066,9.615559,8.818573
1380070,9.475381,8.905509
1380074,7.230571,9.199815
1380092,7.5323615,9.126679
1380098,7.5699205,7.7656875
1380099,7.3882375,8.0914135
1380101,7.5238547,8.076624
1380102,4.746969,5.070315
1380142,2.868925,4.3823547
1380143,5.4134355,10.513175
1380236,2.8611817,3.8376746
1380246,3.3237667,3.8452945
1380248,2.9248698,3.4697914
1380251,8.645018,10.773407
1380300,8.161696,9.592584
1380303,8.935064,9.983686
1380305,3.8623302,9.240082
1380306,9.468208,8.779865
1380307,10.109708,8.452633
1380309,9.795562,9.437794
1380311,9.944478,6.524894
1380313,8.458009,10.293135
1380314,8.059621,5.277022
1380318,9.890546,8.37705
1380321,4.541857,8.323228
1380322,4.748991,4.41226
1380325,6.4723186,6.826616
1380329,7.5617113,6.2099195
1380331,7.0396233,9.025951
1380332,7.88672,6.6483173
1380335,7.6805663,8.484863
1380347,2.718804,5.304329
1380353,9.210451,2.706833
1380354,5.3456173,8.050898
1380357,6.3714886,2.6569932
1380358,5.7751727,8.326247
1380362,5.9523478,0.36519343
1380364,5.9889793,8.8549795
1380366,5.814103,8.352243
1380367,5.5050783,7.161816
1380368,7.922809,9.077065
1380369,3.9676847,9.280559
1380370,7.986544,5.4474735
1380371,10.133158,8.47162
1380372,5.9270787,8.478211
1380374,8.858369,0.36531132
1380376,9.038565,8.299839
1380377,9.3297415,8.769972
1380378,7.285522,0.63444865
1380379,8.870858,8.3170185
1380381,7.6599936,8.563132
1380382,5.7596216,8.1907625
1380385,5.579429,7.309507
1380396,6.5869474,7.9159164
1380402,4.139132,5.6611867
1380403,5.6360116,10.283998
1380404,9.277656,8.779973
1380405,9.6271305,8.783728
1380410,9.760753,7.712326
1380411,9.30606,8.585236
1380414,7.387166,6.8972344
1380415,8.373974,8.46603
1380416,3.3446162,2.214953
1380418,9.948586,7.1409125
1380419,3.9690142,2.7254362
1380420,5.8636456,8.511002
1380421,4.6871147,6.468651
1380422,5.5508094,7.3361306
1380424,6.015156,8.48851
1380429,7.712328,8.496596
1380430,4.574056,8.345409
1380431,9.220364,8.297138
1380432,9.4355755,8.815149
1380433,7.945585,8.357324
1380436,4.285982,5.5699735
1380442,6.511342,1.5063171
1380445,8.534514,8.192432
1380450,4.409111,5.242984
1380458,6.8253245,7.863464
1380462,9.5388,8.425509
1380465,6.46412,8.043623
1380466,9.310476,4.759483
1380468,5.9367857,2.0617971
1380469,9.921248,8.156184
1380470,7.7613835,8.566701
1380472,6.625053,2.792209
1380473,7.1534896,9.188147
1380475,5.8085904,10.245114
1380476,7.946862,7.727585
1380478,6.6854944,1.2827584
1380479,7.1905413,7.00571
1380480,8.429125,8.596991
1380481,2.9764585,3.6132603
1380500,2.6503093,7.094493
1380512,3.387716,6.0315995
1380513,3.285713,6.7920337
1380527,3.3403583,6.7063394
1380528,3.188544,6.4602866
1380529,3.284919,6.8429627
1380530,3.3247705,6.7373147
1380531,1.3706962,4.3967314
1380532,3.3150373,6.553736
1380590,2.4502814,5.739539
1380593,2.2259254,5.7971554
1380595,1.7522805,5.593985
1380601,2.053004,5.4043226
1380603,1.3948249,6.025196
1380604,1.6217012,6.7872596
1380605,1.937564,5.8238935
1380606,1.3505452,6.0490446
1380609,1.4795913,4.542639
1380639,2.8911605,3.8803835
1380641,2.962636,3.4559882
1380648,2.9491694,3.3265882
1380649,0.91526365,5.9729624
1380655,3.1355264,4.6613054
1380659,3.5296092,3.1975605
1380663,3.051569,4.303221
1380692,2.4306455,3.5158877
1380695,3.1741543,6.77181
1380696,3.0589323,6.744608
1380706,3.7790015,5.791166
1380709,5.1082273,2.8203251
1380712,4.837671,2.3823843
1380719,8.873743,7.632829
1380722,5.829789,1.7158473
1380726,5.4890924,7.2307167
1380727,5.2613373,4.7078233
1380728,8.708351,7.9301686
1380729,5.7324424,7.694613
1380730,6.2345867,8.818699
1380732,8.427552,6.5677366
1380735,8.201643,9.337052
1380737,10.280477,8.623281
1380738,5.9424434,9.544723
1380739,7.840606,8.781769
1380740,5.554763,7.5982456
1380741,8.1444435,7.138431
1380746,8.285866,6.740638
1380750,2.4564648,6.259306
1380752,9.501373,8.014978
1380769,8.386128,4.814875
1380770,8.356484,4.755994
1380771,8.498356,4.7842774
1380772,8.695418,4.672977
1380774,8.065373,4.9380193
1380776,8.9560585,0.7030701
1380778,8.456846,4.213252
1380779,8.677867,6.346223
1380780,4.2036443,5.056074
1380781,8.062003,5.5331216
1380782,8.577374,6.4514365
1380783,8.135449,6.377265
1380784,9.244601,5.439434
1380785,8.662339,6.437608
1380786,7.4515233,6.875437
1380787,6.7488875,3.5338147
1380789,7.758493,6.670429
1380807,5.370136,2.1450417
1380814,6.262451,1.0595214
1380817,9.306123,1.5887512
1380820,7.3097463,0.48009914
1380828,6.350046,1.5494127
1380829,8.923297,1.5763178
1380830,5.1151905,2.1193852
1380834,7.5344725,1.7051716
1380843,8.664457,3.835585
1380867,4.22077,2.9693768
1380871,4.096153,2.9154232
1380872,3.5849576,2.8240118
1380877,5.98965,1.1438328
1380884,4.0428386,4.750113
1380888,5.239864,6.9232874
1380890,6.7271624,3.598529
1380893,5.03015,0.96609
1380896,3.751845,2.84384
1380931,2.9225743,7.4789495
1380933,3.1357522,4.2373896
1380938,6.1684995,6.420314
1380940,6.3252892,6.5203943
1380941,6.325519,6.3592844
1380945,1.8112803,5.4091887
1380966,8.365889,0.6025938
1380992,3.6903179,5.178491
1380996,2.9927769,7.339395
1380999,5.341202,6.826045
1381007,5.617164,6.657043
1381010,7.5788417,6.4591455
1381033,1.3616314,4.338629
1381035,7.6247206,7.213932
1381036,2.923903,1.988536
1381046,5.6827135,0.8660456
1381055,6.193231,8.445393
1381057,2.9246821,8.49085
1381063,6.192519,6.623737
1381073,4.321191,0.74526435
1381075,8.724477,7.024004
1381077,3.3370967,4.443641
1381078,5.337547,2.1445975
1381082,7.9794436,1.8104345
1381084,6.203152,0.5798113
1381086,5.3792644,3.085937
1381088,4.999744,8.035935
1381089,2.911654,7.6816525
1381096,4.352866,2.4997776
1381100,3.0427706,7.846413
1381102,7.4217515,0.18205003
1381109,8.862962,2.3784559
1381113,4.4581976,6.3032384
1381115,8.710654,8.676259
1381116,7.104893,7.791822
1381118,9.89361,6.788556
1381119,9.433666,8.093818
1381122,5.8468933,9.615372
1381126,9.254208,7.009712
1381128,5.64679,10.033132
1381130,8.994923,8.758589
1381132,9.049985,8.181393
1381133,5.69797,7.5395484
1381135,6.2700477,8.674515
1381136,10.003717,8.508587
1381137,5.1927357,2.4879546
1381139,5.3033767,7.004686
1381140,5.064989,8.11226
1381142,8.045892,9.058951
1381143,9.382014,4.750292
1381144,7.147506,7.8304462
1381146,9.012499,8.504998
1381147,9.167634,8.7755785
1381148,9.550118,8.638081
1381152,6.569407,9.097016
1381156,8.501336,8.069605
1381171,6.849887,8.815924
1381182,10.762696,8.81744
1381194,6.9465394,6.766546
1381195,8.153269,9.06933
1381197,2.4495811,7.888603
1381200,9.93326,8.448046
1381206,5.8853517,8.882745
1381212,6.006153,7.796336
1381214,8.021153,8.868894
1381217,8.910888,6.288658
1381235,2.5994635,8.31928
1381236,6.083845,0.44708818
1381239,7.825562,4.8561163
1381242,6.7847733,0.8191965
1381249,3.1751842,7.881674
1381250,7.1401563,0.5428093
1381251,7.9337745,4.911309
1381253,2.7421753,7.9785
1381254,7.813471,1.9267529
1381257,7.990401,4.916414
1381258,3.122433,7.3213363
1381263,7.8625007,0.9064167
1381266,7.84587,0.7064026
1381267,2.4427435,7.941471
1381268,7.9131007,4.913146
1381272,4.827804,1.2363498
1381274,4.6615524,3.3656216
1381275,5.419966,10.504689
1381277,5.1151214,3.2090545
1381278,4.84924,3.3401115
1381282,3.356423,3.9826121
1381289,4.576068,4.6258564
1381295,7.0555463,0.6732866
1381303,9.291433,4.655948
1381307,3.297671,7.3947525
1381309,7.930664,4.918946
1381312,2.461549,8.092412
1381336,10.734283,7.513871
1381356,5.2646255,7.549262
1381376,2.6109812,5.5421996
1381377,1.9073459,4.9074144
1381382,1.2271298,5.929117
1381389,1.5369096,5.4854956
1381392,9.066146,7.3534923
1381422,2.213611,6.4029603
1381451,2.7727685,6.5624075
1381452,4.4738936,2.7883482
1381456,4.213061,4.9271574
1381464,10.241006,8.194732
1381466,5.770209,1.7095734
1381467,9.63672,7.946732
1381478,8.850387,7.1950164
1381485,1.1546518,6.3639803
1381499,3.094159,5.2259707
1381544,3.5035186,3.3175957
1381547,2.1770902,7.46893
1381548,1.489088,7.4148884
1381549,3.0299447,7.8693504
1381552,1.2792684,7.352441
1381555,2.755288,8.5030365
1381570,10.435936,7.4138327
1381574,2.6673582,8.368533
1381575,7.0499454,7.3064103
1381576,4.0566216,6.9279246
1381598,5.0910845,8.196364
1381599,10.481676,8.473389
1381600,6.0578504,8.9434185
1381602,4.4888926,7.8596163
1381604,8.180076,9.319665
1381606,4.3183894,7.4499736
1381607,9.011001,5.3723063
1381608,6.2241597,8.620877
1381609,8.210832,8.302231
1381617,9.656486,5.5401525
1381618,8.760714,4.6483526
1381619,8.807727,4.694352
1381620,8.508233,8.588309
1381632,8.7576065,5.83181
1381634,8.787187,4.8371444
1381635,8.235382,4.1576905
1381637,8.4105,4.1256614
1381638,8.389583,4.140683
1381640,7.5732255,4.9435906
1381642,7.1197114,5.859314
1381643,7.854135,4.7577066
1381644,7.795891,6.6979513
1381647,9.437276,4.90084
1381651,10.060597,7.179691
1381653,10.864747,7.706871
1381654,9.46963,5.8996425
1381656,10.403014,7.455481
1381662,3.3933752,1.5832689
1381671,7.511341,5.727311
1381673,7.597956,6.6876926
1381674,7.957113,6.0670624
1381676,8.893325,4.218559
1381678,6.6132164,6.0863357
1381679,9.901334,4.744994
1381681,6.4897866,5.1268864
1381685,9.404532,5.8272867
1381686,6.851354,5.8721423
1381687,8.638425,5.236807
1381690,8.841197,5.577222
1381691,9.122828,4.4502616
1381692,7.1012907,5.7638283
1381696,6.9582434,5.427494
1381698,7.1478634,5.732321
1381699,8.236309,4.269491
1381702,7.038879,5.776969
1381703,2.9318924,3.2592916
1381704,9.538384,5.045335
1381705,3.3015103,2.1987472
1381706,3.6427045,6.6798177
1381727,6.2562747,6.683067
1381730,9.263348,5.656644
1381731,5.5223503,7.6993313
1381734,5.5939655,10.39741
1381735,8.256983,6.4568563
1381739,7.7061415,8.623574
1381741,6.30906,8.838806
1381743,8.227449,8.958055
1381745,8.371727,7.051145
1381746,5.925401,8.159821
1381748,6.1229243,8.151567
1381749,8.1419325,7.8005595
1381751,7.157873,8.623293
1381753,8.375692,4.150038
1381755,6.744495,8.936467
1381758,6.997027,7.354175
1381759,6.3824663,8.249077
1381761,7.8094697,6.548603
1381762,8.73171,4.7668333
1381763,8.08079,9.0701065
1381765,8.22654,6.4954276
1381767,10.124207,6.492326
1381768,7.2585745,6.950506
1381771,5.1054068,8.099909
1381772,3.6422684,7.1363583
1381773,2.0197337,5.92083
1381776,8.956841,7.313908
1381777,1.6248178,5.850351
1381778,8.6446,2.1596076
1381779,7.389992,0.9489162
1381781,9.201516,8.261991
1381784,8.003776,7.723444
1381796,9.401602,8.731745
1381800,8.451411,8.118844
1381807,10.955059,7.454561
1381814,9.661293,7.724544
1381817,3.2101405,7.680861
1381819,10.385316,8.104541
1381821,2.968378,3.861678
1381826,3.469882,3.2010727
1381827,4.2313104,3.1649537
1381831,5.2206154,3.5249448
1381835,5.109373,8.086944
1381844,8.846843,8.049094
1381845,9.252739,8.320647
1381846,4.3481035,6.9124346
1381847,8.596756,7.190562
1381848,8.257271,7.038725
1381850,9.085475,8.20987
1381852,5.951728,7.612597
1381853,8.834079,7.36347
1381855,9.109312,8.253198
1381857,8.549482,6.9872885
1381858,8.600164,7.4536295
1381859,4.3189726,6.753004
1381860,4.1166553,6.4354
1381862,8.59044,6.956831
1381863,8.626212,7.698425
1381865,8.493733,7.6460896
1381866,8.799262,7.666192
1381889,7.0148926,6.473633
1381891,1.1940045,6.094347
1381892,2.3330145,6.8678
1381896,2.023824,7.1670136
1381900,1.768636,6.5608106
1381911,3.2894154,6.514728
1381916,1.6083341,6.944581
1381934,4.9278255,2.9916167
1381936,2.9220495,3.9578192
1381939,5.3693547,5.762744
1381962,9.322149,1.495309
1381963,8.9548435,0.7940218
1381965,8.908098,0.55754995
1381966,7.6728296,5.356268
1381970,5.773481,8.760409
1381971,10.178843,7.234063
1381973,6.757467,9.474129
1381976,6.8887053,9.325839
1381977,4.6558523,6.562137
1381981,4.7978477,1.312576
1381982,8.070544,5.68285
1381989,6.4608,0.55401105
1381992,8.626358,2.3957548
1381994,7.1177053,6.683879
1381996,8.476849,8.27942
1381997,9.322494,8.146149
1381999,10.828633,7.8802886
1382000,5.226169,7.369753
1382001,7.011329,0.7945165
1382002,3.4224184,4.553784
1382003,4.462689,5.101794
1382004,8.496886,8.490624
1382005,10.996117,7.586858
1382006,9.206262,8.301508
1382007,6.418139,8.227602
1382010,8.236133,9.027028
1382011,10.241057,7.3718123
1382012,6.6471386,9.071067
1382014,8.711371,8.607585
1382015,2.4649231,7.792313
1382019,5.1367226,3.4084694
1382021,3.2698314,6.5317516
1382028,7.88617,8.536156
1382032,9.231483,7.81402
1382033,3.3175423,6.8161187
1382037,7.891101,9.450122
1382042,7.5426507,2.632675
1382043,7.490861,0.184035
1382044,7.4683013,0.1717206
1382046,6.581621,1.7692466
1382047,4.731928,1.4072305
1382048,7.486717,0.8414335
1382049,7.481568,1.7376395
1382050,7.070004,1.9885817
1382051,7.8849387,1.0776217
1382052,3.6804302,2.885573
1382057,7.140464,3.0761645
1382058,5.370285,1.7423565
1382059,6.8813634,1.5700648
1382061,5.308824,3.178687
1382062,5.057709,3.10689
1382063,7.7890625,1.5698668
1382064,6.1979594,0.661132
1382065,7.1516438,0.95548975
1382066,7.0538125,1.5300144
1382067,7.4361672,1.8046935
1382074,7.660554,0.94270855
1382075,6.356959,1.1845092
1382076,7.076853,1.2652009
1382083,7.585991,1.1594869
1382084,5.199356,2.3034346
1382085,7.6352477,1.9167793
1382090,7.0424933,2.011181
1382093,7.728894,1.5908324
1382096,6.4332676,2.1035004
1382097,8.20943,0.92797196
1382098,8.006555,1.2820302
1382111,8.7231045,2.2951477
1382112,7.964452,1.2983781
1382113,8.348744,1.8241992
1382114,4.632101,4.933834
1382115,7.0218434,1.8654196
1382116,5.4292374,2.967415
1382117,4.874228,1.3522196
1382118,6.7664104,3.43331
1382128,2.9746084,3.933724
1382130,3.2108169,4.8485684
1382137,4.0774183,4.5713143
1382165,9.8076515,5.705416
1382166,4.3496885,4.867472
1382167,9.545253,4.1576033
1382170,8.391694,6.8996577
1382171,5.8699503,7.683982
1382174,11.015381,7.302304
1382175,10.532642,7.941134
1382181,6.898179,1.4137938
1382182,4.393639,2.5122693
1382189,8.945072,0.9412988
1382190,9.156645,2.3570259
1382191,8.401621,0.94240916
1382193,7.949021,1.2066627
1382194,7.7491546,2.1962407
1382196,8.378053,1.0092164
1382201,4.872081,2.8631952
1382209,4.94487,2.8628712
1382210,6.8314586,3.4714735
1382233,7.464674,1.1564175
1382246,6.0543284,0.75604445
1382248,8.06226,2.090247
1382257,8.138795,1.4459968
1382258,6.317354,0.5389246
1382262,5.9653378,3.2522373
1382266,7.072107,2.4119875
1382268,8.124952,1.2477598
1382273,7.2541914,0.14764494
1382274,4.240099,2.263749
1382281,6.405834,1.9914875
1382287,4.8289104,1.8386922
1382288,6.763093,1.9418185
1382296,8.9616165,0.5110919
1382299,4.9200473,2.9044986
1382301,7.279982,0.9554632
1382302,2.4101272,3.4682558
1382303,5.582738,2.3338802
1382306,9.007358,2.4753356
1382309,8.713622,0.7456713
1382313,7.2687488,1.4103721
1382316,8.333999,0.7134823
1382317,8.455291,0.28854293
1382321,6.648932,1.6090683
1382322,6.5844297,1.1231924
1382326,9.380201,7.837063
1382558,8.541301,8.377913
1382559,3.0239372,4.757135
1382560,5.6059194,8.35999
1382562,5.817523,7.7647457
1382564,7.5143585,5.570479
1382565,8.4669695,8.232296
1382566,5.8152113,8.578864
1382567,5.429358,7.6727166
1382568,7.505,7.0264673
1382570,5.6284766,6.6949697
1382571,5.809682,8.540422
1382572,6.375457,8.786453
1382573,4.4644437,7.8735676
1382574,5.816963,7.7700977
1382575,11.013726,7.5580583
1382577,2.9883509,8.327899
1382578,9.646005,4.7881217
1382580,8.462949,8.131706
1382581,9.9726515,4.7231164
1382582,9.85644,7.51654
1382583,8.811461,9.0625725
1382585,5.7626696,10.282069
1382587,5.886359,8.372073
1382589,8.322985,5.4172745
1382592,8.489433,8.130075
1382594,5.7831883,10.070382
1382597,9.239057,8.714132
1382599,5.679235,8.26685
1382601,5.029398,7.4125175
1382602,7.023932,7.0757933
1382604,6.103651,8.550247
1382605,4.293969,7.702471
1382608,8.599664,4.9540167
1382609,8.962954,6.4871926
1382659,3.0716674,5.4000597
1382661,8.177792,4.9823136
1382664,8.36094,5.0839014
1382666,9.647585,5.5591435
1382668,8.649836,6.134642
1382669,7.4379897,6.6201587
1382671,9.452665,5.82423
1382673,9.953104,5.3215322
1382675,7.905854,6.4612164
1382681,9.018745,1.0758214
1382682,9.628998,5.8551664
1382685,7.437654,6.822322
1382691,8.277924,5.881565
1382697,8.272938,6.3518624
1382707,7.9042945,5.7937975
1382714,8.21335,6.4319777
1382718,7.42751,8.8227415
1382719,9.218942,0.8963212
1382738,5.9275455,7.6355085
1382739,5.925879,7.565452
1382740,8.569641,10.701818
1382741,5.8969426,7.752332
1382742,5.85239,7.8423185
1382743,5.9485583,7.6690183
1382744,5.7621226,7.5773907
1382745,5.8923783,7.733767
1382746,7.0429544,6.64445
1382748,5.7857027,8.007483
1382749,10.100478,8.270614
1382750,7.6280212,8.611336
1382751,6.9828176,8.925031
1382754,5.9140477,9.358098
1382759,3.050164,5.3401027
1382764,3.266272,4.541267
1382770,2.8051667,4.0747685
1382772,5.033353,7.189254
1382774,5.667573,6.927913
1382775,5.4899836,7.9600506
1382796,4.6356797,9.410363
1382797,8.153215,5.834842
1382799,4.3653717,9.401511
1382802,4.3402,9.437657
1382807,4.1823487,9.39812
1382815,5.8457394,8.065719
1382944,2.980419,6.500799
1382968,3.8134995,4.8692493
1382969,4.94707,3.4494958
1382970,1.3727112,4.3433957
1382971,7.5523047,2.4728885
1382972,5.0451016,3.410155
1382973,7.198868,3.3270066
1382974,5.150835,3.4944572
1382982,4.4975104,4.043173
1382983,8.826505,2.0299816
1382985,6.4985514,0.8121533
1382986,7.573653,1.8496945
1382996,4.4274087,4.990776
1382997,4.22538,6.6413136
1382998,5.378906,6.098389
1383001,1.58928,4.076244
1383003,0.68491906,6.0484347
1383004,2.2797747,7.1321726
1383005,1.2473865,7.4398556
1383006,1.2423692,6.550274
1383007,3.2399852,6.8239956
1383009,3.2355468,6.5659976
1383010,2.7775595,3.0189168
1383011,3.1718721,6.812326
1383016,5.8489146,7.9795036
1383020,3.6617925,5.097669
1383021,8.969266,0.4125353
1383022,10.026639,9.079288
1383023,10.161879,8.711564
1383025,10.307312,8.467673
1383033,4.8889427,5.700598
1383034,6.4256234,5.1126614
1383045,2.1704981,6.1638613
1383048,4.895342,5.5575066
1383052,6.177313,6.927468
1383056,0.6852923,7.3599596
1383057,0.672052,6.4363832
1383059,0.51404345,6.9304805
1383061,4.2416863,4.582767
1383062,0.433844,6.9867334
1383063,3.8290455,5.5549192
1383065,1.7974793,7.561479
1383104,8.574353,10.723026
1383105,8.570982,10.754893
1383106,4.779994,8.491499
1383127,3.3698878,6.613282
1383129,3.727834,6.0092463
1383131,3.1545367,6.563877
1383133,4.073145,6.919486
1383154,7.8227906,2.6309931
1383155,7.681816,2.6603892
1383157,7.8013873,2.707079
1383158,7.8484344,2.648722
1383159,5.6166606,5.694955
1383163,3.4686322,4.576822
1383170,5.89502,7.7402196
1383188,4.327557,7.6601515
1383189,10.00409,8.906195
1383191,4.6220355,8.047068
1383192,8.053103,8.694938
1383203,2.2691293,4.4790096
1383205,7.5183053,6.7343125
1383207,3.0664413,2.9932609
1383208,2.28574,6.867145
1383211,3.897746,6.2587814
1383224,2.8102846,8.432057
1383228,8.58309,2.2697542
1383229,9.082699,1.8144578
1383235,7.5429454,0.30566576
1383238,7.140309,0.82685566
1383239,8.318278,1.724644
1383240,6.0941854,2.421978
1383242,6.372454,1.2009923
1383244,8.14204,1.6317002
1383247,6.7197967,1.1284246
1383248,8.439127,0.89761204
1383249,8.92094,2.540665
1383250,7.172793,1.645121
1383257,1.2930819,7.069268
1383265,1.7733864,5.65106
1383267,3.2042725,6.5021515
1383277,4.757389,3.542944
1383279,1.5521533,4.189095
1383281,1.6997077,5.5165777
1383282,2.8317318,8.07613
1383283,2.8083158,6.2903676
1383287,6.407529,5.0968637
1383289,9.688915,4.967648
1383293,10.661869,7.211476
1383295,9.038865,2.9364426
1383296,9.788546,4.8178725
1383298,10.629413,6.727006
1383299,9.687819,4.585733
1383301,9.203086,3.7957098
1383303,10.673487,6.8256993
1383304,5.163876,3.3307698
1383305,9.586058,5.239868
1383307,8.965026,2.203056
1383308,9.770194,5.106112
1383310,6.7211275,3.5387883
1383311,8.853933,4.6770906
1383312,9.666168,4.628765
1383314,7.441992,3.273671
1383315,9.691955,4.471348
1383317,8.109398,2.1280556
1383318,8.727418,5.000348
1383319,7.5749526,1.5235064
1383320,4.3871994,0.7667388
1383346,2.7152665,8.493853
1383347,2.3748732,7.9798126
1383348,2.73211,8.482461
1383349,2.7569215,8.394038
1383350,2.5292325,8.186713
1383352,2.6701646,8.417837
1383357,2.635128,8.297577
1383358,8.062357,8.634647
1383363,9.115944,7.3997374
1383365,2.4713118,8.202275
1383366,7.2773905,5.6776166
1383367,8.268614,3.77464
1383368,8.943473,2.2558625
1383370,4.496717,4.006157
1383371,8.020168,2.707953
1383372,8.071133,2.6899736
1383373,7.355543,5.131393
1383374,4.9004216,4.7758417
1383381,9.197208,3.389025
1383383,7.5673113,2.0085511
1383384,7.503645,2.047004
1383385,7.0590353,1.8259189
1383387,6.1659408,1.3726745
1383388,7.5274563,1.8409727
1383389,7.9893875,0.9243737
1383394,2.9445455,6.6493254
1383396,4.9737034,4.799029
1383412,6.781781,1.9077333
1383413,7.3648243,8.885579
1383414,6.9791417,1.6729944
1383415,7.125897,1.8042288
1383416,9.0014305,2.3798292
1383417,6.388823,7.87737
1383418,4.749784,3.8633838
1383419,7.6275663,0.9152914
1383420,7.7858605,1.3530275
1383421,6.7756824,1.758577
1383422,4.8824053,2.682085
1383423,4.8498936,7.5168552
1383428,7.007073,1.4733187
1383429,7.1380367,2.2619355
1383431,6.87622,1.3070679
1383432,4.9678626,2.7989695
1383433,6.9618645,9.364075
1383435,6.262489,0.9274924
1383436,4.869551,3.1016872
1383438,5.942061,3.2741075
1383439,4.52801,3.949909
1383441,6.631815,1.6452198
1383443,6.836637,1.6310914
1383444,6.9306417,1.93531
1383445,4.853801,3.0313995
1383453,8.804347,6.9055433
1383469,7.6126695,8.238317
1383479,9.336254,3.9532661
1383481,9.471502,5.1467113
1383482,7.6380024,6.7423906
1383483,9.5196,4.235563
1383486,7.1415305,6.061383
1383487,10.001425,5.557033
1383490,4.776237,9.483587
1383491,6.6120076,7.428694
1383520,4.9745197,9.747194
1383522,4.6151447,9.425085
1383525,9.275225,7.1192513
1383536,4.512598,9.598511
1383553,8.248271,6.47665
1383560,6.283935,0.9157855
1383561,9.94527,7.693246
1383563,3.535657,4.942375
1383564,3.2066884,5.529063
1383568,2.4494286,8.064291
1383569,1.3191359,5.8258924
1383574,3.1037412,6.5141234
1383576,1.8164865,6.0466075
1383580,3.1209598,8.200782
1383582,2.2280443,4.421118
1383584,3.1521282,5.5860457
1383585,2.8811762,8.52856
1383587,2.6769247,6.8657126
1383590,4.3517957,2.9292407
1383594,6.7601295,1.7200228
1383595,5.087736,1.7368969
1383599,4.705134,2.0526168
1383601,7.3534007,0.8521436
1383602,7.617829,3.286018
1383608,3.518705,3.2929358
1383615,3.1041324,4.101244
1383616,6.70686,1.3898649
1383617,7.1708302,2.224144
1383624,5.963708,0.28129587
1383627,6.919532,3.4845102
1383628,6.434852,0.9653488
1383659,6.57627,0.5977288
1383660,7.802698,0.8454373
1383661,7.2929134,1.349989
1383665,6.845488,0.73980564
1383666,6.3199563,1.5539755
1383667,6.4616046,0.8409064
1383676,9.907595,8.160664
1383679,4.849331,2.8449366
1383681,7.2567883,1.199227
1383685,5.185016,1.5091339
1383686,4.391724,2.373442
1383688,8.509468,1.2711651
1383689,5.0501485,4.1252193
1383691,4.636397,4.9361234
1383692,5.159005,2.6074607
1383694,4.7848682,2.8645775
1383696,9.136173,3.679931
1383698,5.3909507,1.6353505
1383700,9.152196,0.81484926
1383704,5.437995,3.194252
1383736,7.545822,1.8549584
1383738,5.400152,1.6465993
1383790,7.956068,3.5151794
1383791,8.92376,3.517638
1383792,8.941289,3.5825605
1383793,8.964052,4.656664
1383794,5.9496117,6.0680904
1383798,8.99273,2.62922
1383803,7.225428,5.359447
1383804,8.61713,5.086194
1383806,9.874248,5.4687796
1383808,7.1210012,6.008425
1383809,8.99959,1.0306501
1383810,7.307491,6.013644
1383814,5.9244237,7.881097
1383815,7.533614,1.4140844
1383816,7.777242,2.692814
1383817,9.501301,5.9131703
1383822,7.6460476,0.92194736
1383823,8.154591,2.7458282
1383824,7.7137685,6.785214
1383825,7.7073255,0.91181266
1383830,7.825589,1.0353911
1383832,7.74751,1.2642944
1383834,8.678341,4.2256036
1383836,3.40061,6.2397017
1383837,1.635319,6.0852795
1383838,1.7988491,6.46811
1383841,3.169596,6.483876
1383847,9.443438,5.736751
1383848,8.795555,4.2483177
1383849,9.319654,5.14525
1383850,9.593589,4.5856657
1383852,7.711693,5.5419335
1383855,9.804139,5.1905675
1383857,9.06991,5.346663
1383859,8.683394,4.2806253
1383930,2.8032093,5.234204
1383931,7.038477,5.945703
1383934,1.940119,7.2763944
1383953,3.2416515,5.5259547
1383954,2.3983538,5.901416
1383956,3.2537894,6.5478716
1383972,1.4442469,7.0003004
1383974,2.5897987,8.208472
1383977,2.4533684,8.352671
1383988,4.8616476,2.1869645
1384009,4.9200597,4.6811924
1384010,3.047603,3.1057177
1384022,4.790392,5.623076
1384025,2.436189,4.150025
1384026,10.405857,6.674312
1384030,6.8822336,3.3804593
1384032,6.685329,1.577471
1384033,6.577516,1.2709222
1384034,7.2009053,2.920644
1384037,7.25859,1.2085073
1384038,6.598011,0.614326
1384039,7.692535,0.74746096
1384041,6.829987,2.1118326
1384044,5.16876,3.3143356
1384045,4.5353,3.871973
1384048,4.9725785,3.4794462
1384050,2.0434542,7.0792694
1384054,2.5127864,8.232887
1384059,8.338635,4.936332
1384061,9.048442,6.307202
1384064,7.460858,8.0484085
1384068,6.616545,3.5606842
1384071,0.6885636,7.3659034
1384072,9.146667,8.339817
1384073,1.8189847,6.290126
1384074,0.676518,7.547835
1384076,1.3874111,6.8966966
1384077,2.3738863,7.4365077
1384082,0.57101005,7.3355627
1384094,6.456889,0.7470115
1384095,7.6179624,1.3350278
1384096,7.3781652,1.5149814
1384097,6.9077015,1.6003126
1384099,7.5539765,2.011247
1384104,3.4057543,4.562325
1384106,6.81473,0.7297766
1384107,6.4881973,1.3541903
1384108,7.05371,3.4586573
1384114,4.847916,1.210641
1384116,6.564562,0.75789696
1384123,4.0808806,3.2144349
1384124,3.1302395,3.8272586
1384129,8.358879,0.80134195
1384131,5.3342204,2.0601053
1384138,9.57894,4.2874207
1384139,6.4363194,1.0131402
1384140,4.2212257,2.7349567
1384143,6.924967,1.3951253
1384146,5.561494,0.7985397
1384164,0.69929296,6.514306
1384172,2.531905,7.34245
1384174,2.2007854,7.7994485
1384175,1.2194705,4.74148
1384176,2.772332,8.395618
1384177,1.8540694,7.104317
1384187,1.768847,7.0074
1384188,1.0815053,5.921847
1384190,4.04774,4.152327
1384194,0.6183887,6.071793
1384206,2.4637337,8.1447935
1384207,1.8640305,7.1926327
1384208,5.586593,10.385489
1384211,3.308426,7.116064
1384212,0.98452944,6.6816554
1384215,3.9414291,5.4530854
1384219,1.5210675,6.6359997
1384225,1.5806876,6.878633
1384229,5.009073,8.188246
1384242,7.316392,3.516243
1384245,4.8888288,4.170303
1384253,3.6520953,6.5541077
1384255,2.0823941,4.070268
1384256,3.5837936,5.42301
1384257,3.926811,5.271023
1384262,3.674677,6.5675874
1384263,9.149173,0.8412268
1384268,0.78791094,6.054503
1384269,3.8171725,4.1046844
1384270,1.3226589,6.295636
1384271,4.681721,3.459109
1384272,3.5925558,3.986347
1384273,6.488063,1.1746119
1384274,1.4070112,5.979299
1384275,4.676001,2.559015
1384276,6.8694706,3.430243
1384286,8.747743,0.5910624
1384304,7.0474763,3.4056358
1384308,9.244105,8.293308
1384313,5.5781817,7.710415
1384314,9.111181,8.745202
1384318,9.427096,8.701874
1384319,9.559718,9.186983
1384323,8.917454,7.887534
1384325,5.8303013,10.081052
1384327,9.214956,0.9048779
1384328,9.178331,8.974613
1384329,9.505577,8.725143
1384330,8.948118,8.692744
1384331,6.5539603,9.087173
1384332,2.8203192,7.525698
1384338,8.252477,7.978188
1384340,10.248641,8.275269
1384345,9.449733,8.607158
1384347,8.536596,8.676247
1384349,8.996374,8.222544
1384351,1.0057184,7.4439187
1384352,2.8956127,3.4190924
1384353,4.2854342,3.706409
1384354,3.2578764,5.536973
1384355,3.274945,3.788347
1384356,3.2963202,3.7825437
1384357,5.083885,1.9895482
1384358,3.5514607,4.149494
1384359,3.3043597,4.245881
1384360,2.908332,3.4638684
1384361,2.4784393,3.0708692
1384362,3.2158837,3.7901926
1384363,3.3365579,3.8320572
1384364,3.392162,3.8500426
1384365,3.3213258,3.8424628
1384366,3.3032424,4.0174694
1384367,2.400682,3.397014
1384368,2.4414725,3.505362
1384369,2.411095,3.3923762
1384371,4.021886,2.3173776
1384372,4.2008047,2.9387727
1384373,5.208819,2.0207047
1384374,3.4949298,4.846279
1384375,4.638967,3.2031262
1384376,4.430596,6.1870494
1384377,6.5744596,1.2008764
1384378,7.7241087,8.226516
1384383,5.395951,2.163403
1384385,4.139612,1.6505119
1384387,3.4535608,2.6496584
1384388,8.200097,1.029298
1384389,10.141004,6.371935
1384391,9.524653,3.7362006
1384393,9.63349,4.2317505
1384403,8.90892,3.8392377
1384404,9.031942,4.7954288
1384409,7.9515405,4.88872
1384412,7.3607945,6.162106
1384413,8.17474,4.354164
1384414,8.253552,4.2463794
1384417,8.062145,6.699854
1384439,8.822292,3.485844
1384440,9.152494,2.2871423
1384441,8.17725,5.1967096
1384456,9.222918,8.240416
1384457,7.7557,6.656741
1384463,4.9041758,1.702969
1384466,4.5494347,2.0537233
1384472,2.9855258,3.4676142
1384473,4.9488087,1.7748063
1384515,6.2492657,7.540232
1384522,1.0736536,6.8689637
1384523,0.96792597,6.2135906
1384524,1.1890767,6.5110164
1384525,0.8077082,6.111056
1384526,2.8751905,8.417725
1384528,0.6791525,7.242958
1384530,2.5869002,7.049647
1384536,0.9927597,7.4006467
1384538,8.6937065,1.4453342
1384639,3.4177763,5.922765
1384645,5.7849865,6.168926
1384652,4.009246,4.126239
1384654,4.8329353,7.173088
1384673,3.358134,6.786656
1384678,1.8198185,6.5339932
1384679,2.0737853,5.646788
1384680,2.5507264,5.761175
1384681,4.5129867,9.46362
1384682,2.0470343,6.2466817
1384684,2.4254298,5.7229576
1384685,2.1530206,5.7882824
1384686,9.072118,8.714748
1384688,2.1684523,5.786048
1384689,1.6608219,5.8091536
1384690,0.90710866,7.1159883
1384691,1.1694169,6.9766946
1384692,1.4751241,5.9463353
1384693,6.794407,3.5755541
1384694,1.6615891,5.6197796
1384695,2.221747,5.71587
1384696,1.5321699,5.463449
1384697,1.7893364,5.7057176
1384698,1.0307169,7.4127865
1384704,7.9837537,1.0692817
1384716,1.8469597,6.649919
1384717,1.0655342,5.1618514
1384719,1.0744796,5.130652
1384720,1.1026431,6.225547
1384721,1.1879841,6.1657934
1384723,1.2024463,5.8828673
1384727,1.3304538,5.751334
1384729,1.5098877,5.8887815
1384730,1.4980582,6.031582
1384732,1.2358085,5.3606234
1384739,1.2259837,6.1059813
1384755,6.668597,3.5656676
1384760,3.7749965,2.9773834
1384761,5.088257,3.141824
1384764,6.9515595,2.412268
1384766,4.7902102,2.8769045
1384770,4.352322,3.6971273
1384772,7.9594655,1.832703
1384774,4.715079,3.0107703
1384783,6.749037,1.3662609
1384790,9.570853,3.4867182
1384791,5.991089,2.0258968
1384792,5.759422,1.1626402
1384805,4.477386,7.390311
1384806,2.796331,6.7524085
1384821,4.8263235,7.033754
1384824,4.551248,6.178133
1384825,3.4372735,5.239569
1384826,5.1016793,5.6204095
1384827,4.1812243,6.720747
1384828,9.182557,2.708536
1384871,6.422164,5.096018
1384874,1.5708607,6.747622
1384879,2.5533085,5.847941
1384884,2.8778164,5.937247
1384887,4.5730853,2.8349144
1384888,2.991742,4.1053934
1384897,7.063382,5.7220244
1384903,8.9789715,8.379614
1384904,6.471626,8.804907
1384906,4.195267,6.0351496
1384907,9.640965,7.3017
1384908,6.4017673,6.3781037
1384909,9.9012,7.052583
1384911,4.669191,6.9104156
1384916,4.0045753,5.2697787
1384917,9.20737,7.5898795
1384918,9.429152,8.02466
1384919,9.965511,6.9045277
1384920,8.042343,5.6766114
1384921,6.4427114,10.108755
1384941,5.583359,10.357265
1384943,6.021877,9.548624
1384944,4.977203,9.500704
1384945,7.133417,6.9173875
1384946,6.2961245,6.4671345
1384948,5.740149,9.729654
1384953,7.1824465,7.1263947
1384958,6.0017157,9.541156
1384960,5.874692,9.802713
1384962,7.2332325,6.973827
1384965,6.1448174,6.474104
1384987,8.1584425,5.165038
1385003,0.65275186,6.7757735
1385025,0.9801432,6.145096
1385032,5.8388543,8.78713
1385034,5.8215957,9.8025055
1385038,6.896991,7.1923213
1385042,2.726339,7.706583
1385044,3.4319024,6.5260777
1385045,9.1830225,3.2306485
1385046,5.9530325,9.2004385
1385047,9.361907,5.454322
1385049,5.9769597,8.882019
1385052,4.3213086,8.941784
1385053,9.97016,5.4885817
1385055,9.908288,4.922334
1385063,3.4076958,5.3588514
1385064,2.843899,5.486934
1385067,2.2477455,5.8989143
1385070,3.0492995,3.9250047
1385072,3.1122901,3.5881286
1385074,2.7738667,5.797317
1385081,2.8461926,5.437047
1385083,3.2078252,3.816984
1385096,7.934563,5.223214
1385097,9.203229,2.5997877
1385098,8.369741,1.7408032
1385099,10.918249,7.537104
1385100,8.872162,0.7301833
1385101,9.350429,4.0016084
1385103,9.197993,7.0352936
1385104,9.855401,4.376677
1385105,3.0682223,6.8057537
1385106,5.486095,5.7448673
1385107,3.1578894,6.828876
1385109,2.324153,3.6864703
1385110,2.598225,7.037663
1385111,3.327242,4.9025598
1385113,2.8647048,6.7285876
1385116,5.8349876,9.424923
1385117,5.9319882,9.703049
1385119,2.8452935,6.9904404
1385120,6.600457,6.7258716
1385121,9.747198,5.1370654
1385126,3.1540604,4.37001
1385134,8.0459585,5.0613246
1385137,8.136331,5.078929
1385138,3.2053225,5.441243
1385139,3.6269233,4.4017625
1385141,3.3893626,4.168526
1385143,3.454488,5.9336505
1385149,2.359062,5.5028243
1385150,1.7903749,5.5047145
1385151,1.6701596,7.248904
1385152,3.8579326,5.7696967
1385160,3.4215872,4.8819075
1385173,7.2858953,6.83708
1385177,9.479738,5.5835123
1385179,9.292088,5.6132455
1385180,7.1867127,5.9203486
1385181,7.6585135,6.569097
1385182,7.0569916,5.892451
1385183,7.699727,6.059663
1385184,9.63932,5.5865326
1385185,9.164395,5.3346486
1385187,8.827323,5.5216503
1385188,9.212586,4.6511064
1385190,7.9147906,6.652116
1385191,8.021638,5.4628263
1385193,9.013014,4.687289
1385194,7.9229927,5.459259
1385199,5.8763514,7.7667027
1385200,6.3695874,9.41999
1385201,9.262928,9.331061
1385202,6.651114,8.726429
1385203,5.373549,4.787345
1385204,7.149637,6.8984556
1385205,9.105584,8.524337
1385206,6.669586,8.470076
1385209,8.6249485,8.710061
1385210,5.967906,10.176144
1385211,9.18826,0.87959915
1385213,8.898229,7.5608163
1385214,9.467737,6.5173283
1385216,3.982662,4.449367
1385217,6.1687136,8.217391
1385219,5.8941054,1.7516205
1385220,6.198299,2.0576622
1385222,6.07136,8.484681
1385223,6.809473,1.3211458
1385251,3.3054547,4.5187335
1385284,6.73388,9.061247
1385290,8.77486,0.4218142
1385292,7.21193,8.380809
1385294,7.143201,8.461687
1385295,3.8044372,4.02996
1385296,8.740452,5.2252474
1385297,8.572344,5.331395
1385298,4.782336,8.423923
1385300,9.12628,8.68913
1385302,8.435907,8.483706
1385303,7.5559907,8.270376
1385306,6.624043,9.103855
1385307,8.178714,9.175631
1385309,10.009619,8.220455
1385311,5.765618,10.203288
1385315,2.7976644,7.7202053
1385316,2.9407618,7.999542
1385317,7.3048153,7.522579
1385321,7.089841,7.825925
1385322,7.6673756,7.352232
1385349,1.6830019,4.0878024
1385352,3.011532,4.6775823
1385353,2.9534128,4.8729033
1385361,5.525428,2.732385
1385371,6.2708144,9.844328
1385373,9.206415,0.82298553
1385374,9.81706,4.3213954
1385375,9.228101,3.0077856
1385378,10.680401,6.7313347
1385379,8.807623,2.3725748
1385383,7.2852545,3.4616559
1385384,4.932914,3.0452867
1385385,5.874555,10.136666
1385390,1.4486356,6.412104
1385391,1.0349895,6.998007
1385394,0.93099576,6.0165663
1385395,1.3324538,6.2533717
1385398,1.8251115,6.0628777
1385400,10.19783,6.471291
1385403,2.6035633,8.316414
1385404,0.9951074,6.051136
1385405,2.6122377,4.169077
1385410,1.1252915,6.210162
1385411,1.6192336,6.443501
1385412,1.627405,6.1216288
1385415,4.7249837,3.5562277
1385416,4.2389355,6.4145293
1385417,4.8331604,4.4139457
1385418,7.652294,6.73401
1385419,4.508182,6.1114335
1385420,4.506754,4.279942
1385421,5.6386585,7.3363533
1385422,5.533364,7.2821875
1385427,5.9940014,6.7970405
1385428,5.218439,7.263586
1385429,5.538272,6.4300065
1385432,5.748737,7.6365814
1385433,4.4969773,5.1574616
1385435,4.2486243,6.3080006
1385436,4.194833,6.5187516
1385437,5.7267766,7.3794155
1385440,8.546089,7.7686167
1385442,2.9165878,8.422742
1385454,5.025356,3.296737
1385465,2.2478495,7.3118143
1385470,0.73594266,6.944351
1385474,0.53684515,7.254735
1385475,0.5210711,7.18759
1385476,0.38527927,7.0556693
1385479,0.43988875,7.051497
1385480,0.42508712,7.0654078
1385481,0.8028332,7.2943788
1385482,1.3839979,6.2211266
1385488,4.985413,2.4664845
1385491,5.406959,10.37661
1385494,3.1003518,3.0482893
1385530,4.050739,5.2952094
1385545,0.9000988,7.383855
1385547,0.98618567,7.371604
1385556,2.9030795,6.8478093
1385574,3.0834467,4.803872
1385595,1.665186,6.4351087
1385607,9.153479,2.4615726
1385614,6.6799,0.8076537
1385619,5.478449,2.7156236
1385620,7.236357,1.9528922
1385621,6.209755,1.4725267
1385627,7.693672,9.390078
1385628,7.69107,8.720729
1385629,8.8751135,8.45121
1385630,6.6812415,8.002324
1385631,5.8166785,7.634659
1385632,6.964092,7.8225574
1385634,5.8211102,0.76776916
1385638,8.671093,7.33712
1385639,8.010707,8.430841
1385640,5.694663,7.701334
1385641,9.785625,8.369761
1385643,8.437743,8.347556
1385644,5.955199,10.225543
1385645,9.136581,7.870499
1385646,9.776032,5.5320973
1385663,6.2828593,8.681281
1385692,5.6510553,6.479441
1385699,4.1627197,3.8356123
1385700,4.8656135,7.229681
1385702,7.900334,7.430213
1385716,4.5953903,6.7589874
1385720,4.9762354,6.7606335
1385728,4.549348,4.8824143
1385729,4.833258,2.840603
1385732,2.0563638,4.4936886
1385736,4.2524242,3.3672369
1385737,2.4537144,7.0252523
1385740,2.900843,4.9734306
1385741,3.4807432,5.468606
1385742,1.718963,5.4732714
1385744,3.705568,4.376003
1385745,4.268048,5.600037
1385749,6.189104,4.7987084
1385751,0.5805095,6.7109427
1385755,1.8630239,6.811388
1385760,0.41585785,7.049306
1385762,2.5470548,7.3529096
1385765,2.673017,8.43942
1385766,2.823559,8.52287
1385767,2.3337598,7.6463923
1385768,0.94477063,7.0952034
1385769,9.375909,7.574268
1385770,8.923667,7.8014984
1385773,1.638007,6.483907
1385774,4.084926,9.286304
1385776,2.5956938,8.3019705
1385778,9.07807,7.6382427
1385779,2.4413095,8.311899
1385782,9.868856,6.9477644
1385784,10.237644,8.324107
1385785,5.9744134,8.216338
1385786,9.965898,7.3146286
1385787,2.7454052,8.461561
1385791,1.1299683,6.9194117
1385794,1.0472469,7.3511987
1385795,1.2356094,7.0222206
1385797,2.3909373,8.001135
1385799,4.373651,9.574208
1385809,1.4832277,6.50173
1385810,2.5785406,8.3157215
1385811,2.428304,8.220552
1385815,3.3271823,3.858065
1385825,3.3237915,2.2201006
1385827,2.450834,5.0445604
1385836,2.6222274,7.8687124
1385837,2.1276152,7.8365006
1385838,1.7534407,7.814355
1385839,2.862285,7.379808
1385840,0.9437367,7.2186413
1385841,0.9612171,6.0994797
1385843,2.7403748,8.458064
1385849,2.8100274,3.6960254
1385858,2.5967467,4.7412286
1385860,3.0205474,4.1152205
1385861,2.9412115,4.29447
1385862,2.8238003,3.9988933
1385863,2.8739803,3.8578837
1385890,8.05068,5.8402762
1385891,7.5193567,6.731567
1385893,7.5440383,6.5208616
1385894,4.450766,9.168731
1385898,8.338761,2.1683896
1385901,9.333572,3.379094
1385902,9.793467,4.294539
1385903,10.136001,6.5113297
1385904,8.510285,2.7645068
1385905,9.991417,7.1340623
1385906,8.59079,3.132845
1385912,10.060292,7.8055167
1385931,9.553424,7.996063
1385935,7.7924557,6.402113
1385940,7.0720363,8.782747
1385955,6.826837,2.0010798
1385992,9.126548,9.086935
1385993,8.867286,4.9352813
1385996,7.821318,5.373495
1386000,4.70018,2.2656064
1386004,2.9988437,6.4081264
1386007,1.665601,6.1562643
1386011,5.3971124,10.394095
1386012,2.7905319,5.5205503
1386014,5.315589,2.789131
1386015,3.9645085,6.375709
1386024,2.0117059,6.990084
1386025,1.1994301,6.6744113
1386026,1.2624211,6.439277
1386028,1.2505165,6.030604
1386029,2.3564649,6.9311204
1386030,2.189515,6.958177
1386031,1.074993,7.2402496
1386032,1.6451027,6.8269763
1386065,7.383072,3.5005176
1386080,9.435456,5.050942
1386089,6.037144,1.2334892
1386090,5.8850894,1.3961035
1386108,6.237754,1.1812066
1386109,5.569148,1.2707921
1386111,5.8863735,1.3816292
1386115,4.7150846,2.2272248
1386128,4.5427446,3.6393633
1386130,4.419319,3.6474144
1386138,4.6614594,2.072175
1386139,9.837213,7.3067255
1386140,6.629914,1.0242386
1386141,9.42889,6.9769373
1386143,5.4989944,7.564726
1386144,6.759716,0.8956584
1386145,8.187936,4.987313
1386146,7.376263,1.6815734
1386147,6.8038716,1.2954574
1386150,6.228933,1.1179646
1386151,5.2806234,3.0297852
1386160,1.6170359,5.422502
1386162,2.5106084,6.227729
1386164,1.2114707,4.545693
1386167,3.0696585,6.609652
1386170,6.0058684,6.5986433
1386173,1.3238643,6.766251
1386178,2.3148856,6.0156226
1386188,1.5525355,4.067413
1386196,2.3559422,7.056827
1386197,6.499456,1.0343554
1386204,5.8182964,2.1559076
1386205,6.551226,0.55007267
1386206,6.332467,0.68176806
1386208,6.8736777,0.8457097
1386210,7.221638,1.6798148
1386212,6.9212155,0.3945503
1386236,7.6796627,1.9124157
1386281,3.433882,3.0255384
1386283,2.9121346,3.1837976
1386285,2.968475,4.166787
1386286,2.7909544,4.1832976
1386291,2.463228,4.9418325
1386294,3.1889687,4.549214
1386305,8.358751,4.2485185
1386315,10.805058,7.5598803
1386316,9.451564,9.470546
1386317,9.583919,4.0508947
1386318,10.431817,8.271648
1386321,4.4990306,7.9353113
1386322,3.5181134,6.5472503
1386323,7.30239,8.872101
1386324,9.766899,5.990078
1386325,9.4652815,4.944319
1386326,5.6853304,9.732553
1386327,9.6388035,8.111483
1386328,2.755804,8.418933
1386329,9.40793,8.709176
1386330,6.1337357,2.3733242
1386331,9.085653,8.454854
1386332,10.0404005,8.470741
1386333,7.42966,8.872346
1386334,7.1969247,7.950044
1386335,5.8791566,1.4815055
1386338,8.972521,0.9565276
1386341,8.734038,3.3452857
1386343,4.81529,1.2073009
1386344,6.693472,0.5725489
1386345,5.3361697,1.8188305
1386351,7.635928,1.2313447
1386352,5.287643,1.9236096
1386354,8.363895,0.9873373
1386356,7.2799883,1.9327232
1386358,7.046313,0.6784023
1386359,7.966729,0.59990335
1386362,2.583988,8.363261
1386363,1.0355805,6.660475
1386364,6.578385,6.1586375
1386365,2.6120563,6.9827967
1386366,2.7793174,6.3130016
1386367,2.3604567,8.01803
1386397,3.9511843,5.7786903
1386407,0.7182889,7.125853
1386408,0.68183696,6.694849
1386438,9.703712,8.070068
1386440,9.205322,1.445151
1386441,8.655908,10.652325
1386442,8.919133,7.3381968
1386443,8.7008,10.840159
1386444,8.187517,8.603028
1386445,10.570605,7.654826
1386446,9.296194,7.9310756
1386448,2.705117,4.9963555
1386449,6.7215395,9.113146
1386463,3.8954701,6.5131507
1386464,5.9480867,6.6872306
1386465,6.430516,7.272041
1386466,3.5030525,5.6005235
1386471,5.199298,3.5308456
1386474,5.064685,6.834802
1386481,3.0871978,5.179178
1386485,3.336609,5.8089895
1386578,7.8784304,5.3367476
1386591,4.5850496,1.0622529
1386592,4.9055924,1.2264017
1386593,4.601979,1.572748
1386594,3.4186616,3.9136093
1386596,8.354965,8.625718
1386597,3.4050283,3.8684177
1386599,6.813234,3.4755356
1386603,5.425676,1.8478653
1386605,5.69015,0.66493565
1386607,4.3539557,3.0894544
1386608,6.173797,4.652369
1386609,7.187611,2.9620812
1386611,9.10031,1.3106314
1386612,5.564983,3.0526638
1386617,4.150736,2.7348077
1386618,6.1776824,4.6336675
1386619,6.197194,4.696051
1386621,6.6715646,3.5347068
1386622,7.641339,6.727007
1386623,3.343049,3.9372597
1386625,8.868336,0.3707907
1386627,4.173294,2.8980336
1386628,4.6305227,3.476246
1386630,8.964827,1.0420663
1386631,5.233806,0.82728356
1386633,6.153979,0.5425639
1386635,5.3279147,0.74317116
1386637,5.1542125,2.6810064
1386640,6.983425,1.5682452
1386658,3.1068022,6.7620783
1386669,0.67701995,5.999468
1386679,7.535681,1.8838469
1386681,2.8339171,3.0301495
1386682,8.784169,0.42311233
1386683,6.7952795,3.5426755
1386685,1.8517168,3.8987186
1386687,6.738421,3.5374696
1386689,5.26159,2.053915
1386691,5.21335,3.337073
1386692,4.811467,4.0984917
1386699,5.0157056,3.4153745
1386700,2.040242,7.291031
1386701,5.169674,3.637626
1386702,2.8293378,7.9283624
1386703,1.1564044,6.258232
1386704,9.403286,4.657815
1386707,6.9200764,2.2943428
1386711,5.3661594,3.8391275
1386712,5.1513124,3.5368323
1386714,5.085049,3.7295778
1386715,1.6163864,7.282072
1386717,5.1514645,3.5880537
1386718,5.0720835,3.6529925
1386720,0.81505877,6.500704
1386722,9.375679,4.877416
1386723,5.192021,3.7245188
1386724,5.1523147,3.990289
1386726,0.986242,6.1378193
1386728,9.113622,4.228945
1386729,4.5952854,2.5639732
1386731,4.7855997,4.608389
1386733,5.9182262,3.3138585
1386735,6.455707,1.2335099
1386799,5.589309,7.2724137
1386803,5.0407176,3.3792806
1386805,6.719037,5.557323
1386811,6.1469913,6.796578
1386817,5.239135,6.707807
1386821,4.079426,4.7975473
1386823,5.240989,6.9399323
1386826,3.052288,4.238408
1386829,5.164339,6.7414536
1386832,4.994673,3.5250847
1386837,6.3343215,9.041991
1386839,3.2527418,4.4901752
1386842,7.03329,8.671031
1386843,6.7644687,8.983153
1386844,6.8251996,8.864655
1386845,6.999128,8.273221
1386847,7.6178293,3.911539
1386848,7.0310383,8.339205
1386849,6.094377,9.369403
1386850,4.7360487,8.04421
1386851,3.9468486,4.4082704
1386852,6.294638,8.436055
1386871,6.8747735,3.4792273
1386879,4.825205,3.1373863
1386889,9.102377,2.4844894
1386890,6.595075,1.0307962
1386896,6.6929398,2.3943665
1386897,9.035054,5.454091
1386898,7.089416,5.680882
1386902,8.551268,6.417449
1386905,9.761416,5.5365167
1386909,8.23977,4.9126735
1386911,9.466752,5.6846514
1386912,7.820933,5.6833954
1386913,6.616876,6.17409
1386915,7.60335,6.6897993
1386916,5.2741833,1.8747023
1386936,9.324137,5.946356
1386937,8.852501,6.9130545
1386941,8.686721,7.7175217
1386965,6.1140985,2.376987
1386968,6.039184,2.269533
1386970,7.2163534,0.915357
1386978,10.027151,8.222991
1386979,10.193033,7.594596
1386981,9.5044155,8.644531
1386991,7.8588853,6.125462
1387005,8.682108,10.026514
1387011,9.802144,9.462731
1387017,9.132306,8.941844
1387148,9.9240465,7.981078
1387150,7.7225804,9.381899
1387151,7.205559,8.599746
1387152,9.648901,4.4396815
1387153,9.212973,5.2104993
1387155,9.071803,8.926936
1387158,3.328841,7.759821
1387159,9.813586,6.6363215
1387161,7.5919228,5.323414
1387165,7.4813313,7.3418875
1387166,10.053191,8.711279
1387167,10.700988,8.085869
1387168,9.507666,7.538717
1387169,7.5368266,8.49837
1387170,7.6304626,8.22218
1387172,7.6627884,8.188254
1387173,9.307268,3.131013
1387174,8.4763775,2.3159058
1387175,3.548273,6.044377
1387176,9.759231,9.542899
1387177,5.700533,7.6631746
1387178,5.22217,8.428651
1387179,8.8406925,10.700121
1387182,10.323703,6.090825
1387183,10.74977,6.755151
1387184,7.4936967,8.4142275
1387185,10.713745,8.758025
1387187,10.325447,6.087722
1387189,10.636157,7.814739
1387191,9.0285425,8.878829
1387192,8.997237,9.595262
1387193,8.843371,10.221142
1387194,9.2866335,2.1840038
1387196,9.2636385,10.637178
1387197,10.063917,4.639828
1387198,9.703227,4.286604
1387206,9.666485,9.611252
1387207,9.065015,9.636242
1387210,7.193408,0.809872
1387211,8.841363,10.232518
1387216,10.771247,8.818226
1387217,8.77458,10.261409
1387218,7.0873966,7.5668726
1387219,10.768416,8.808336
1387223,10.72794,8.795229
1387225,10.704954,8.807758
1387228,8.834356,10.248581
1387230,9.896069,8.8906765
1387234,9.242809,10.622619
1387240,9.242142,9.443286
1387248,9.433182,10.270274
1387250,9.058013,9.573076
1387251,10.767792,8.807847
1387254,8.891613,10.133446
1387257,9.254546,10.304956
1387263,7.148777,8.707117
1387264,7.9156804,7.4461665
1387267,8.925734,10.284738
1387271,7.2049317,6.9654875
1387273,10.338086,8.212524
1387278,9.527671,4.986866
1387287,8.66802,5.0409355
1387309,9.894257,9.381415
1387319,7.662983,6.703965
1387320,8.22401,8.766846
1387321,9.343891,8.119014
1387322,9.271753,8.872504
1387323,9.697191,9.5198555
1387324,8.841555,10.238793
1387332,8.927304,10.248619
1387335,9.281274,8.716444
1387336,8.778038,10.147095
1387340,10.735438,8.802992
1387352,9.062313,10.177672
1387354,8.813325,10.206297
1387355,6.0532584,1.074642
1387356,7.707871,1.0451164
1387357,6.6745143,0.793136
1387359,4.4680085,4.0176563
1387377,9.41831,8.33918
1387384,7.1118326,0.8775595
1387386,6.2688403,0.5465197
1387387,6.267323,0.44140652
1387389,6.38956,0.43423873
1387390,6.3572497,0.48332277
1387391,4.720903,3.886389
1387392,8.127638,4.100309
1387393,8.156471,3.6219618
1387457,5.8468966,2.0850384
1387462,2.0118008,7.3258724
1387465,5.8984137,2.0708177
1387476,2.3386965,5.811071
1387481,1.4414799,6.8003216
1387484,2.6596303,8.3739805
1387485,2.9407048,3.159869
1387488,4.3949175,5.091364
1387491,1.6999505,5.6996293
1387500,4.2328496,5.2581773
1387501,5.918286,9.718093
1387502,7.546401,1.8644493
1387504,6.107975,8.532635
1387505,6.2719207,9.059204
1387506,6.5586653,1.3299655
1387507,7.4772635,0.26447117
1387508,7.274012,0.13906325
1387509,7.3243937,0.09890597
1387510,5.109316,1.7038188
1387511,7.2709184,0.10669817
1387512,7.3539414,0.14639674
1387513,7.2866416,0.082408
1387514,7.5286236,0.9876626
1387515,3.0326293,1.8329571
1387517,4.2013702,4.806906
1387521,2.9772696,3.103319
1387529,5.615458,3.615245
1387530,5.674777,0.7499405
1387531,7.008219,1.0999327
1387532,5.0768204,3.1957586
1387533,5.9082394,2.8179514
1387534,7.020714,1.8464004
1387535,8.741897,0.65604264
1387536,6.4696164,1.6281574
1387538,4.820578,1.2916825
1387539,4.8221684,1.8238894
1387541,5.217646,2.0881233
1387544,4.128561,2.779747
1387546,4.467626,4.049446
1387549,7.464558,0.4712806
1387550,4.9509573,2.909736
1387552,6.969211,2.241552
1387553,7.136398,1.2445519
1387554,6.4826026,1.4456503
1387556,7.9907627,0.8053042
1387557,3.7089612,3.315155
1387560,9.22716,1.9273015
1387561,9.894108,7.7518005
1387562,7.982364,8.796694
1387563,5.589084,10.368789
1387565,9.540637,4.620942
1387566,8.5553665,4.21902
1387567,8.41708,3.7407985
1387575,3.3607037,2.850033
1387576,2.3252673,3.335515
1387580,0.80318046,5.757786
1387581,8.585444,3.1401029
1387584,9.906815,8.061129
1387585,7.470303,7.781219
1387591,5.505465,7.4124484
1387592,5.4896626,7.3993406
1387594,7.962574,8.657897
1387596,8.881165,6.598862
1387599,2.8765464,8.003806
1387600,10.738059,8.806864
1387603,4.4518957,3.167868
1387604,9.968316,6.8912044
1387607,5.470379,4.82821
1387610,2.60772,6.1729093
1387616,1.7038056,6.1298556
1387619,1.6498889,5.6097465
1387622,9.359784,8.862879
1387624,6.152116,9.899251
1387640,9.147568,8.490306
1387643,9.7566595,6.76196
1387644,9.251485,3.855115
1387654,5.915488,10.153263
1387658,6.1252546,0.32039058
1387661,5.7313027,10.080684
1387663,9.944038,5.55912
1387667,6.2124133,6.2724977
1387668,4.668938,9.717102
1387671,7.60644,7.607737
1387674,9.967472,8.625434
1387684,5.7778935,10.188623
1387687,9.305028,1.520766
1387696,5.7190714,10.310643
1387702,8.563334,9.456053
1387703,7.034369,9.018525
1387706,4.130564,2.8960676
1387707,4.4667106,2.6781826
1387709,10.300929,7.378993
1387710,6.3862,9.0352545
1387715,7.3962846,0.089925446
1387718,4.5742493,8.368499
1387725,7.842579,8.679163
1387728,5.6590886,7.6173987
1387731,5.5737176,10.387212
1387733,5.8568096,8.444292
1387734,5.738886,8.541864
1387735,5.421581,4.823598
1387737,10.335187,8.182709
1387740,8.8154335,10.223588
1387743,9.213487,1.4747843
1387744,6.29618,8.84043
1387745,9.643244,8.060621
1387746,7.953291,7.130262
1387747,7.9289155,7.526622
1387748,9.851225,8.638088
1387749,4.964807,9.135314
1387752,9.260092,8.748448
1387753,8.885313,3.191566
1387755,10.323128,7.794922
1387756,7.614633,8.230249
1387757,9.554249,4.9134903
1387758,9.677636,7.4294906
1387759,8.976111,8.252189
1387762,10.17983,7.868433
1387764,9.121254,8.333258
1387765,9.567977,8.721967
1387766,9.593546,9.212041
1387767,7.559705,8.53479
1387769,10.032639,9.010423
1387771,2.9199984,4.3490186
1387772,3.2747612,4.877101
1387773,5.539532,7.375082
1387784,2.852054,4.4386444
1387785,9.402529,8.755247
1387788,8.848544,8.1435995
1387790,9.912486,9.193836
1387793,9.779305,8.089147
1387796,9.194105,8.4735365
1387797,9.345841,7.10593
1387798,8.421388,6.5243196
1387799,8.730278,7.0233
1387800,7.6203012,6.3439517
1387801,9.612431,5.808917
1387802,6.3834505,6.800326
1387803,5.626989,6.4416065
1387804,8.0187435,6.526642
1387805,5.366359,6.725712
1387806,6.0798507,6.8862
1387807,9.065226,7.0390487
1387808,9.257913,3.9217486
1387809,9.683656,5.619857
1387810,6.8749804,7.9974527
1387811,5.430014,7.636363
1387812,5.574823,1.554219
1387813,7.640329,6.6807485
1387814,6.8058543,6.5914826
1387821,6.466786,6.155038
1387824,7.2612233,9.554124
1387826,7.6074777,7.033363
1387828,9.928166,7.123598
1387829,5.7034307,10.275262
1387830,7.7983665,8.653987
1387831,9.885411,6.94504
1387833,7.797483,7.9572234
1387840,7.8210244,6.161959
1387844,3.4204843,6.494266
1387846,9.610604,3.5175693
1387853,6.9463873,1.5029134
1387856,7.7470865,3.486084
1387859,7.6247725,1.3610342
1387862,5.2789607,6.7809887
1387864,4.697871,0.55248654
1387865,8.126881,7.8711815
1387867,5.475713,1.4577988
1387870,8.923956,8.062688
1387873,7.607581,2.8895404
1387874,8.238674,7.998203
1387875,6.4857802,0.144438
1387877,8.246435,0.29988214
1387879,10.576075,7.9711156
1387882,9.82132,5.110938
1387887,9.641238,5.94288
1387899,9.18873,4.7844496
1387901,9.004209,8.842376
1387903,2.0474272,5.920566
1387904,1.6862835,6.713042
1387905,2.8446465,7.940353
1387906,2.0897543,5.8189235
1387907,2.170339,3.773359
1387908,3.3308911,5.708863
1387909,2.435675,5.7105813
1387910,2.1609077,3.8812459
1387911,1.8788527,5.526286
1387912,4.116375,1.594462
1387914,6.890856,2.2597282
1387915,8.662768,1.8192397
1387919,8.210743,4.9488673
1387921,7.7844725,0.96695656
1387923,4.1772733,2.4871435
1387924,8.745285,0.4730201
1387929,8.454033,0.6243161
1387934,6.985108,2.0167706
1387935,8.737743,0.7011143
1387936,4.9115686,4.436201
1387939,7.2547984,2.8987074
1387940,7.265892,1.4291295
1387941,3.6220102,5.9978538
1387945,7.9125204,5.727673
1387947,4.302757,3.8924224
1387948,7.091722,0.2317086
1387949,7.337551,0.15592152
1387950,7.482004,0.70928365
1387951,7.401363,1.4097214
1387952,7.370791,0.13444914
1387954,5.7210755,6.1593213
1387955,7.415564,0.28682432
1387956,7.0724487,0.6145969
1387957,7.2976046,0.122029945
1387958,7.400737,0.16297673
1387962,10.817746,7.4530506
1387967,5.14096,6.137264
1387968,4.145772,1.6286922
1387970,4.4042726,3.3895
1387978,4.074891,4.429349
1387979,9.101388,5.465163
1387980,7.636846,6.2748556
1387981,5.323854,6.754833
1387983,5.258422,6.9094667
1387985,1.8077375,7.383148
1387986,4.996417,3.7695968
1387996,8.669153,1.5401031
1388002,3.2111392,6.648838
1388006,3.4325967,6.6748347
1388007,7.1842246,1.0022109
1388014,4.5128245,7.4349995
1388040,2.7619305,6.2145
1388060,6.8588815,3.4616625
1388068,5.257029,1.3853065
1388070,4.410554,1.0720319
1388076,4.580384,1.1746342
1388080,8.37358,0.7378797
1388083,8.131743,4.259677
1388085,8.803544,1.645779
1388090,7.069073,1.0853873
1388091,8.85225,3.3762782
1388096,6.320836,1.9047891
1388100,8.432206,1.9580858
1388113,6.7436757,1.1802639
1388116,7.3282332,2.0784922
1388122,8.922367,2.8225768
1388125,9.14047,2.6951227
1388130,4.704411,2.0212085
1388137,8.447394,3.6963174
1388139,8.750832,2.1868153
1388143,5.5276027,0.6789915
1388145,5.1154757,2.8416092
1388147,3.538827,4.2072573
1388151,7.2436595,0.114850864
1388153,9.19988,1.8879496
1388155,7.234846,0.121595375
1388160,2.1413686,3.4627252
1388162,4.4483075,1.1312232
1388173,6.466151,1.3030355
1388181,5.1813316,1.3023716
1388183,5.05586,2.7930453
1388189,5.0685964,2.7931619
1388194,4.868282,3.795201
1388201,4.86446,2.8608835
1388209,9.088702,3.6150455
1388212,3.6981716,2.5923023
1388251,4.582968,3.2750032
1388260,6.168685,0.9310243
1388262,4.729291,1.9395984
1388263,8.335968,1.173767
1388264,5.950407,1.0609626
1388290,4.671873,2.4782987
1388292,5.64296,0.7038122
1388293,9.063433,2.1988285
1388295,4.51754,3.2380996
1388300,6.3140664,1.608909
1388303,8.626102,3.82649
1388310,8.109273,4.2657
1388313,8.417312,3.9895556
1388316,8.492817,1.1249905
1388318,8.165085,1.4331439
1388319,7.872864,1.1416408
1388321,8.914192,1.2146034
1388322,8.199303,1.1817323
1388323,8.060211,1.1036384
1388325,6.8155684,1.6123767
1388326,5.053827,8.000448
1388329,7.8697915,0.9569878
1388330,7.961168,1.0013391
1388396,4.140399,2.467158
1388400,2.818161,3.7429185
1388404,6.1302524,0.7060336
1388405,4.8741,0.94782174
1388416,8.341713,1.3300021
1388419,8.056716,1.0718777
1388421,7.668259,1.240041
1388422,7.7133284,0.92162603
1388423,7.504618,1.1889449
1388424,7.845944,0.9751541
1388426,7.7290864,3.137479
1388434,3.8202503,6.869286
1388435,5.4617724,7.517845
1388449,6.4282827,0.6293329
1388450,9.43598,6.4532766
1388452,10.915088,7.459887
1388453,9.325088,6.978409
1388455,9.374194,5.230787
1388457,8.851214,4.632978
1388458,10.152103,6.50688
1388460,7.975441,7.429865
1388462,9.891399,4.5871925
1388464,10.284285,7.8272476
1388465,9.839228,4.7072973
1388467,9.817086,8.173287
1388469,10.701275,6.7915688
1388473,10.335225,7.6762967
1388474,8.065488,9.150243
1388475,1.714701,7.467802
1388476,7.812434,5.4358053
1388477,4.158422,9.374722
1388478,8.2939825,6.502822
1388479,4.9215903,9.582082
1388480,4.0907497,9.330916
1388481,8.762158,6.5200286
1388482,7.0405006,2.6468642
1388484,6.2467084,6.466063
1388485,7.9707866,5.204327
1388486,9.149172,0.90852666
1388487,8.834638,6.3058705
1388489,8.597389,7.359169
1388501,7.0475855,6.3949194
1388514,4.0173116,6.3087754
1388518,4.379221,6.5334253
1388521,1.2316766,4.7066817
1388530,1.5317305,4.068808
1388533,1.1683918,4.861603
1388535,1.5882685,4.4276323
1388536,1.1401085,4.946352
1388540,6.4229856,7.3046527
1388541,3.8879855,6.7586055
1388545,5.965137,6.593996
1388552,8.206674,1.157398
1388553,8.590346,0.63762116
1388554,5.043591,3.6687968
1388556,7.026559,2.2099507
1388557,7.676214,2.5733895
1388558,7.837916,0.7737206
1388559,8.564463,0.6484049
1388560,8.190859,0.7444609
1388561,8.81539,6.151249
1388565,9.707412,4.2726364
1388566,9.500792,4.1661873
1388567,7.8960223,5.092953
1388568,8.082404,4.921871
1388569,8.173477,4.981675
1388570,7.9402504,5.2054405
1388571,8.342325,6.0156336
1388592,5.4835076,10.519559
1388593,7.423807,1.7013429
1388596,8.36182,0.17818886
1388597,4.9885716,3.127463
1388599,5.55177,10.359099
1388600,7.5202813,2.9205418
1388604,6.1927137,1.9321983
1388607,7.999648,0.7824069
1388610,6.7165284,1.3556801
1388616,9.208327,5.897502
1388635,5.428617,1.5049057
1388636,1.5491477,4.237145
1388637,7.746471,3.4328783
1388638,5.5719895,0.94306386
1388640,3.8084562,3.6390915
1388641,7.126268,0.6738193
1388642,5.4682627,8.701425
1388662,7.871195,5.375049
1388702,9.69611,4.5563607
1388704,9.68896,4.7849545
1388705,8.96836,5.218822
1388706,7.5264482,3.2295313
1388707,9.4942875,4.2216687
1388709,9.021518,7.3560686
1388710,8.944938,2.4799924
1388711,8.597288,5.2692027
1388713,9.352348,8.95436
1388719,7.339647,0.37757882
1388730,3.5516067,2.8151796
1388732,4.8895864,0.9288587
1388733,6.286872,1.2951705
1388757,3.673702,3.8024924
1388854,4.9958506,1.7137156
1388856,4.7735925,2.4892724
1388959,4.0868273,2.8376799
1388978,3.8698642,5.386338
1388995,0.70919937,5.988999
1389004,1.5932438,5.215293
1389007,5.805644,1.7901568
1389008,4.2003508,5.173863
1389013,0.8672007,6.0353446
1389014,1.5991248,6.0443826
1389015,0.36233783,6.814856
1389016,3.961316,5.225267
1389017,4.0092764,5.145218
1389054,7.005056,6.538424
1389056,4.6511374,1.9440349
1389061,6.2768865,6.57843
1389062,5.621392,10.392475
1389063,4.0399623,6.9551454
1389064,1.7709519,6.2019615
1389067,1.886293,6.019673
1389076,4.464269,7.70011
1389077,1.9778029,6.3168197
1389104,8.052119,4.6973567
1389105,8.818601,5.607345
1389106,9.404082,5.0460234
1389107,8.939728,4.6788044
1389108,7.863175,6.661195
1389120,9.660204,5.475902
1389124,3.5755239,2.8967931
1389125,3.653232,3.595537
1389126,3.5537302,2.8434532
1389129,3.7489653,5.824071
1389130,2.4501212,4.534139
1389138,3.7040403,2.7670884
1389146,9.2702675,4.54664
1389148,8.917852,5.5414805
1389151,7.1881475,2.902627
1389154,8.505562,5.7682853
1389159,8.36741,5.6639266
1389170,5.295806,2.1527836
1389173,5.43339,4.77781
1389174,1.7367573,6.2166233
1389175,5.4386597,3.1763477
1389177,6.378349,7.3161297
1389180,2.3794727,4.0258827
1389183,2.731535,4.5325723
1389186,3.002821,5.5762653
1389202,4.6286645,7.289491
1389206,4.6593323,5.001234
1389210,5.2802753,3.6407616
1389221,7.1763244,6.100329
1389226,3.0565617,6.4743624
1389227,4.0868893,6.4368725
1389230,7.722122,6.128052
1389238,3.5774896,5.7898593
1389239,7.3364162,3.0905964
1389247,5.04286,2.8587377
1389250,5.1390805,4.4737124
1389251,5.290533,3.4235919
1389252,4.7193756,3.3016796
1389272,2.22739,4.328916
1389273,6.33541,1.4483728
1389276,8.862223,2.0647514
1389279,5.182951,1.3880343
1389280,5.4589043,2.0053406
1389281,5.498045,0.44706145
1389282,5.8139167,2.1395845
1389284,7.5041904,0.90031826
1389286,5.7215166,0.75216913
1389288,6.7611003,1.6262046
1389292,7.035201,1.2789322
1389293,2.4336793,3.9138613
1389297,8.594825,3.0859246
1389298,3.862474,7.0419235
1389302,3.6011667,2.397676
1389305,8.337721,5.0334563
1389321,3.2863188,2.1731887
1389330,6.903165,3.5194423
1389340,7.7538424,2.0559092
1389352,6.1991253,7.714193
1389366,9.595786,5.4087353
1389373,9.665351,5.2766175
1389378,5.100049,1.2385495
1389381,6.5184293,0.8560387
1389395,3.6046011,1.7176657
1389406,10.30505,7.253517
1389415,8.710827,1.9191774
1389418,7.2510133,2.8981411
1389421,7.3842134,3.510657
1389423,8.164362,2.84701
1389425,8.167688,1.9792919
1389426,9.643041,7.0333014
1389427,9.461237,5.0291204
1389437,5.6949797,1.4750723
1389438,5.870557,3.2917414
1389439,4.4852037,3.9877949
1389440,6.6709733,0.79593843
1389442,6.7483644,0.8914148
1389447,5.63569,10.256489
1389449,3.9322793,7.0089374
1389451,4.380046,6.581983
1389453,3.9388373,5.5052567
1389461,3.8891263,5.44007
1389462,4.2177033,6.5108914
1389465,4.169994,5.310361
1389466,4.109074,5.984891
1389481,6.159061,6.3018107
1389483,6.074148,3.526797
1389484,8.936943,5.600534
1389487,6.1577783,5.9846478
1389488,1.6518883,6.115127
1389490,7.7093425,6.258761
1389493,1.2757667,4.533663
1389495,1.7606435,5.9882073
1389496,8.798959,1.4779083
1389497,7.6213245,1.717928
1389498,4.5036836,4.0018315
1389502,7.7143803,8.556465
1389503,6.77547,1.2675866
1389506,8.963816,0.76240337
1389508,10.505937,7.211537
1389509,8.860036,3.4060097
1389510,10.660744,7.5624347
1389513,3.2038155,4.8683705
1389531,3.3970497,2.8899174
1389536,5.527117,7.355963
1389549,2.943595,4.3720016
1389550,2.9381962,3.296223
1389551,3.3226945,4.776925
1389552,2.0947838,3.9273655
1389555,3.0151534,3.4783263
1389563,3.4110923,4.8559756
1389564,4.354582,1.1425819
1389565,3.0578601,4.1887302
1389566,2.9606605,3.9112935
1389570,7.1334634,1.32609
1389571,6.1850686,0.6160768
1389572,7.1120744,1.6528776
1389573,6.57167,0.73371565
1389574,6.6370726,1.5208386
1389575,4.1622376,2.2199771
1389576,3.812828,3.0078182
1389587,7.6711836,1.869994
1389588,5.3842163,1.4914659
1389593,8.132553,1.9514666
1389602,3.6938992,2.7914405
1389604,4.8098354,2.9435136
1389610,4.417932,5.1898503
1389619,3.3514957,4.2724414
1389620,4.8408775,2.9222577
1389622,4.802926,3.0629926
1389625,4.947781,3.0683658
1389631,4.6461134,7.892891
1389632,4.602407,7.9645433
1389633,6.156134,8.572531
1389634,5.9406257,8.181372
1389636,8.866497,0.41841507
1389640,4.116759,3.1585667
1389642,3.0922837,3.7211494
1389644,4.7914658,1.5192101
1389645,5.940805,1.157076
1389647,5.3592453,2.861913
1389648,9.970342,6.516655
1389650,7.299467,0.8741594
1389653,6.138645,1.4219509
1389657,4.748441,0.9278003
1389659,4.3210907,3.2812362
1389660,8.828615,3.4576445
1389662,7.5700517,1.5585353
1389663,8.577653,8.270827
1389664,10.662386,6.7424936
1389665,5.8060155,10.270823
1389669,2.7024026,8.09671
1389671,1.7053096,7.186273
1389674,1.184212,4.7285256
1389677,0.45234242,7.088616
1389690,5.58612,7.732508
1389692,5.866048,9.716621
1389695,7.267203,9.204187
1389696,2.103267,5.8518267
1389697,2.6524363,5.4570165
1389698,2.0467668,5.7469654
1389699,1.95996,5.922551
1389700,3.1775632,5.528879
1389701,1.5743698,5.444332
1389703,2.1447747,6.1040006
1389706,8.643695,8.600053
1389717,7.6799517,7.6500154
1389719,5.394892,8.08128
1389721,6.989012,7.769645
1389722,9.258223,4.267553
1389723,4.601624,7.9656825
1389729,7.132791,4.025134
1389732,9.73951,4.9794793
1389733,6.349327,8.723873
1389738,6.84476,8.146737
1389740,9.412638,5.677403
1389741,4.513771,7.791243
1389742,9.3441,5.4516096
1389743,6.938807,6.7232666
1389749,7.824655,1.3937869
1389754,7.230367,7.014246
1389756,6.4992814,10.114502
1389759,6.4339833,10.1248455
1389760,6.8085985,0.80813193
1389761,5.248121,7.2196302
1389762,6.7815533,1.3057063
1389763,6.040485,7.6499605
1389764,6.3627295,10.058426
1389765,7.0311737,0.92041594
1389766,6.9367123,0.69622093
1389768,7.0605865,1.4788922
1389769,8.19718,3.491801
1389781,7.9537253,9.319576
1389784,8.859627,10.913593
1389787,3.4287164,3.4991987
1389795,8.83003,11.077642
1389798,6.0246115,9.533905
1389800,8.66515,1.4187685
1389801,7.259366,0.9927294
1389808,7.676101,5.5788975
1389812,5.578167,6.3646283
1389813,3.0627713,5.686579
1389815,3.2151728,6.697463
1389840,8.913358,0.39723146
1389842,8.485546,1.9837663
1389843,7.246995,1.6733224
1389845,7.3819237,1.2472038
1389846,7.0537376,1.6541901
1389847,7.00472,1.759109
1389848,5.103432,3.8130987
1389849,2.5043795,3.1343064
1389850,7.586591,1.0437618
1389851,6.848235,1.1564854
1389852,3.5457575,2.8692682
1389870,8.185344,9.213035
1389885,10.048974,5.546821
1389886,9.65012,4.2418523
1389889,4.1250305,1.6516973
1389893,9.804027,5.1160197
1389895,7.7810483,1.8294963
1389903,5.924414,6.717644
1389906,6.1113105,6.4260716
1389907,4.209329,6.548879
1389912,4.1674933,7.5966616
1389913,3.9004672,3.5075107
1389937,5.527065,9.584581
1389938,4.3568726,9.177868
1389939,5.8638787,9.5223255
1389940,7.2019396,6.941076
1389941,4.2331023,5.137378
1390021,6.0434976,0.38864657
1390026,7.8023486,1.741926
1390046,7.209409,1.0571433
1390048,8.379516,0.13844027
1390052,6.9103594,1.6833233
1390056,7.096178,0.62925106
1390057,7.0220256,0.67213416
1390073,6.675172,6.162733
1390076,8.89627,0.42791963
1390078,6.428173,1.3985395
1390084,6.0498395,0.96731645
1390086,7.0512323,1.5075332
1390088,4.73403,2.000501
1390089,2.7959037,3.1894631
1390092,7.621874,1.6073831
1390094,8.071127,1.3820089
1390095,7.3725204,1.5740888
1390098,6.9847126,1.0232903
1390099,5.6675982,2.3743017
1390105,6.566109,1.2172089
1390106,7.439631,1.1690586
1390107,4.556214,3.6399863
1390109,5.471894,2.6780975
1390113,6.999312,3.4875653
1390116,4.435465,4.0801144
1390119,7.404476,1.2295504
1390122,8.8505,2.2330825
1390124,7.652862,0.9570996
1390126,6.095437,1.5180455
1390129,8.01994,5.2990046
1390130,6.56316,6.291305
1390132,2.3649316,3.3685806
1390133,2.232493,4.1406536
1390134,7.8533306,6.467677
1390135,4.556928,3.6239429
1390136,1.7169555,5.5586624
1390137,2.0210378,5.8756166
1390138,2.594256,5.2675204
1390139,3.6084754,4.4259024
1390140,8.030447,5.9913507
1390141,2.0568137,5.9977956
1390142,4.0613966,5.423208
1390143,2.5809164,3.8218956
1390146,8.525259,4.9870358
1390147,8.060723,6.397072
1390160,2.054836,6.544992
1390164,1.1164225,5.8966126
1390165,1.1322752,6.1197147
1390166,9.450035,5.848712
1390167,8.358265,4.9047427
1390176,2.900985,4.6935225
1390180,3.1733527,3.3722334
1390191,2.8745751,4.7270865
1390192,2.970269,4.2664213
1390193,4.553646,5.0359387
1390194,2.8699372,3.9007614
1390195,3.3232112,2.2083921
1390196,3.0262883,3.429541
1390204,8.760406,0.61990815
1390213,8.448337,0.6741252
1390214,4.941226,2.2013671
1390215,5.34698,2.2569053
1390216,5.8857484,0.22395521
1390217,6.9013643,1.5656201
1390218,5.788303,0.8848938
1390219,7.645658,1.6622751
1390220,5.2791524,2.1848538
1390221,7.95979,2.8275027
1390222,9.253199,1.3571085
1390223,3.7997386,6.5755234
1390225,9.316647,3.9090214
1390227,10.07856,5.468736
1390228,2.257206,4.1884665
1390230,2.9323392,4.5203333
1390232,3.0090804,1.8536053
1390233,5.4964976,5.5629444
1390235,8.910192,0.6303834
1390236,9.1471615,5.6127763
1390238,10.714875,7.3135457
1390239,8.984484,4.632752
1390240,10.282907,7.2151246
1390241,9.119982,5.560777
1390242,8.651359,1.4812938
1390245,9.690807,5.4360294
1390281,9.596783,5.7635365
1390282,5.3526435,2.8723254
1390291,8.794068,0.8181666
1390292,5.2350616,3.799511
1390293,6.1851244,0.5440059
1390295,5.163387,2.6605606
1390297,6.927312,3.4037411
1390299,6.200157,0.84155643
1390301,4.8818045,2.8286693
1390303,5.490666,1.3604217
1390305,6.924477,3.389426
1390306,9.336532,3.8645096
1390307,10.0139475,5.5481057
1390308,9.396,3.8787832
1390309,8.212861,1.0575867
1390310,6.0198092,1.3071221
1390315,8.13629,1.4273547
1390335,9.119285,2.6613443
1390348,10.021772,5.484126
1390352,4.1531544,6.5354624
1390354,4.167144,6.496707
1390357,3.9857514,5.75014
1390362,7.1873336,7.427552
1390366,3.926867,5.161327
1390368,4.354336,5.576371
1390374,3.5212924,6.1555405
1390375,4.126702,6.4385753
1390376,7.7302356,1.5720825
1390377,9.416316,5.395481
1390378,8.12946,4.958285
1390383,7.444709,6.6783385
1390385,9.855363,4.6736913
1390387,9.821426,4.611881
1390390,9.56433,4.396078
1390391,9.930493,4.740998
1390394,9.476896,5.818971
1390395,5.995525,5.2125435
1390396,9.560743,5.47503
1390398,9.676798,4.533825
1390408,7.5967884,1.8239388
1390409,9.161841,2.5031064
1390410,6.816463,1.6031905
1390412,7.1416273,1.3514512
1390413,6.3144054,0.42763245
1390420,3.1852603,6.9276724
1390421,2.82625,3.092073
1390422,3.9584363,5.890053
1390427,4.430009,6.550722
1390430,6.179687,10.149384
1390432,5.745748,7.6990976
1390433,7.951747,9.414798
1390435,7.215004,6.962826
1390436,4.3106604,9.4603615
1390438,5.1110754,3.445961
1390439,5.770091,10.223766
1390440,8.335507,8.662113
1390442,10.416041,8.747764
1390443,7.48051,6.794883
1390445,9.98999,8.377575
1390446,10.012656,8.097826
1390447,9.497981,8.703279
1390448,9.850521,7.643385
1390449,8.417014,8.237566
1390450,8.703336,8.133901
1390453,3.7561567,5.097994
1390454,9.26031,8.658191
1390455,6.5645933,8.724669
1390456,8.428998,8.319405
1390457,7.510913,5.119933
1390458,9.362657,7.174236
1390459,8.3736,8.560495
1390461,5.441101,4.832598
1390463,8.524828,8.623867
1390465,8.44158,8.390835
1390466,9.582137,8.753517
1390467,6.0462747,9.585342
1390468,8.20579,7.232776
1390470,5.7864237,6.781225
1390471,5.9970627,9.575495
1390474,4.2205224,7.149577
1390475,4.2402945,4.143994
1390477,5.9293494,6.7621818
1390478,8.413477,8.207709
1390480,5.646156,7.73705
1390481,9.551295,8.123981
1390482,1.2227011,4.59481
1390483,0.3510389,6.8031826
1390486,0.54432684,7.1818166
1390487,1.9254818,6.9922185
1390488,4.25484,7.6488333
1390489,0.94574547,6.954127
1390495,1.8473123,7.4739585
1390496,1.1003922,7.3120003
1390498,1.0081284,6.765756
1390499,5.2662606,5.293158
1390503,0.91817987,6.9958205
1390504,4.6830235,4.1304574
1390505,9.968702,8.185704
1390507,2.773795,7.696261
1390513,4.179202,7.4080973
1390515,7.413775,9.10453
1390516,5.3543243,5.8561788
1390519,3.024959,4.1844854
1390541,2.5429738,7.0164995
1390543,10.144303,7.2424965
1390548,4.7800245,6.411404
1390549,8.415288,7.172032
1390550,9.301646,6.656985
1390551,9.305937,6.9993167
1390552,8.374403,7.175885
1390553,8.675851,7.070373
1390554,8.472831,8.203609
1390555,8.688297,7.3622494
1390556,8.505738,7.1074123
1390557,8.463961,7.9416504
1390558,2.591733,3.6909537
1390568,5.50312,10.167828
1390569,9.662393,5.683911
1390570,5.8395524,0.32414433
1390571,9.723022,5.51386
1390575,0.59061426,7.2388783
1390586,1.2262914,5.527405
1390590,1.0868281,5.1884146
1390595,1.1756402,6.353976
1390597,1.0988033,6.739754
1390600,2.530473,7.0737824
1390601,0.6695135,6.712504
1390602,2.9841936,6.729994
1390603,1.904792,7.1022615
1390604,4.840182,3.4644651
1390606,1.2379637,7.2860155
1390607,1.6711152,7.450321
1390609,2.532142,6.9366484
1390611,1.5250823,5.9407444
1390612,2.3056931,7.1641855
1390614,2.1773822,7.4015226
1390615,1.6730694,7.700132
1390640,9.513303,4.6459184
1390641,5.879968,1.0522345
1390643,9.107909,4.063841
1390644,9.594072,5.744149
1390646,8.828213,5.750441
1390648,7.58022,0.95397776
1390650,9.891767,4.5927105
1390651,10.408841,7.42311
1390652,9.268344,7.2396913
1390653,9.061771,1.0508782
1390655,10.979995,7.4502187
1390656,8.499602,6.790606
1390657,10.352392,8.723421
1390658,10.408699,7.558196
1390659,9.7483,4.462353
1390660,4.567887,8.339478
1390662,9.401258,9.558026
1390664,9.865251,8.68642
1390665,10.105142,8.285781
1390666,5.8250356,7.8164597
1390667,5.840339,7.753584
1390671,6.35878,2.4521103
1390679,10.1504345,6.519361
1390681,7.500025,6.2207346
1390682,6.5414853,8.347787
1390684,7.4014463,5.518599
1390685,7.2638655,5.688927
1390686,7.2683372,5.8246326
1390687,8.655395,5.3604054
1390688,5.234295,5.8853965
1390700,9.60291,5.654238
1390704,9.281924,5.0724745
1390705,9.262956,5.255694
1390706,8.025461,5.040057
1390709,7.9119725,5.9835925
1390710,9.750824,5.8615294
1390711,7.7743363,5.436187
1390713,9.553962,3.7844534
1390714,10.863239,7.4604254
1390715,9.637217,7.276567
1390716,9.906347,4.7186427
1390717,10.676898,6.898502
1390718,10.3022785,8.070468
1390719,9.512775,8.2696085
1390742,3.2141042,4.376029
1390743,4.0341845,5.1999626
1390750,7.514367,6.7644
1390753,5.845315,9.669864
1390764,5.0138016,6.37163
1390781,5.553876,6.680303
1390798,5.596885,7.418471
1390801,5.2764826,3.4361207
1390802,7.019113,5.74475
1390809,4.8026733,3.92134
1390810,4.3728514,5.4667764
1390813,4.5572963,5.8363333
1390814,4.232061,3.077733
1390837,5.1768513,0.8094011
1390838,4.626279,0.599903
1390840,5.9746184,0.43121344
1390841,5.5772343,0.81310284
1390843,6.117875,8.160648
1390844,5.0967875,2.2672327
1390846,4.835063,0.8151217
1390849,7.0396447,6.2088757
1390856,7.965836,1.0995425
1390857,8.756096,1.3260236
1390859,9.135876,4.8756623
1390861,6.501214,1.0967512
1390863,11.018006,7.4211287
1390864,6.7265,1.6882108
1390867,8.890079,3.479607
1390868,6.6867037,1.420243
1390870,7.2131877,0.90963143
1390871,4.879307,1.8462317
1390872,6.843672,1.4699095
1390873,7.1835885,0.9746184
1390874,7.1188235,0.21037936
1390877,6.727024,1.8093518
1390879,7.6336913,0.9176777
1390880,6.7367887,0.25956517
1390882,7.317818,1.1954881
1390885,9.234632,4.556048
1390886,9.211056,5.9828043
1390887,8.139553,4.9504976
1390892,7.14912,6.0740676
1390893,9.884418,5.007983
1390894,9.297675,5.7143955
1390895,9.264483,5.603604
1390896,7.9914327,6.128133
1390897,8.2476425,0.6915446
1390900,8.824671,1.4473491
1390907,8.838632,2.2016172
1390908,7.128847,5.699075
1390909,8.707461,3.4104877
1390911,8.760741,6.5952535
1390912,8.137166,3.5792177
1390913,9.30294,1.9757473
1390914,4.5813804,5.6406755
1390916,5.2524414,5.7977977
1390919,5.286001,4.761819
1390922,6.914673,7.2230964
1390923,5.1879435,7.1441956
1390925,1.9468446,5.884149
1390935,5.7486825,6.8520036
1390940,4.7961583,5.8536906
1390943,1.9575261,5.6682224
1390953,9.234956,7.058793
1390954,7.160699,6.231706
1390957,9.514549,5.3697567
1390958,6.851486,1.0203036
1390959,8.83868,7.0338445
1390963,9.117012,1.852659
1390964,5.7166157,3.4846334
1390965,8.514425,0.76336277
1390966,8.397729,5.755417
1390967,9.522709,3.9502
1390968,6.972555,5.5622873
1390970,9.09756,1.8128059
1390972,6.8040094,1.0349009
1390973,6.3088493,0.8370814
1390974,7.7623515,0.60570997
1390976,7.1699796,0.8036316
1390977,8.59381,0.65679216
1390978,7.707779,0.84685355
1390980,4.6000104,4.0429726
1390985,7.9588923,4.9334517
1390986,7.97056,4.8801975
1390989,8.098216,5.1069765
1390990,10.0241375,5.500662
1390992,8.919044,6.1588106
1390994,9.0536375,2.0279665
1390995,7.724318,5.9553733
1390996,8.134888,5.0389943
1390998,9.118372,2.7024777
1390999,9.4861765,5.4908633
1391004,6.339816,4.89983
1391008,7.712277,5.6469784
1391039,9.9303055,5.416227
1391040,9.897815,5.440396
1391043,9.65209,5.4521675
1391044,8.185604,5.0858088
1391048,9.500673,5.442539
1391049,8.097252,4.027099
1391060,4.147443,1.5966166
1391061,7.771306,1.0431799
1391063,9.478416,5.324955
1391212,4.5995007,7.4020443
1391222,3.2780857,6.6264453
1391272,7.522726,1.8423557
1391273,7.680184,0.9658865
1391281,9.881985,5.1580877
1391282,9.367051,1.0965708
1391283,8.562004,2.3778384
1391284,5.029831,6.372921
1391286,1.0377408,6.7475185
1391287,1.1085486,7.1707067
1391288,3.008657,6.039675
1391290,1.6761591,6.7446733
1391291,0.6646601,7.326909
1391294,1.4213042,4.2354903
1391295,1.0281307,6.860312
1391296,2.0996375,4.2611265
1391299,1.8547717,5.830978
1391300,1.4790618,6.968324
1391301,1.9182644,6.5930867
1391307,3.8563547,6.8879323
1391314,4.313007,2.989506
1391316,3.0201766,3.2179255
1391320,4.084833,5.244605
1391322,3.204813,5.1554604
1391323,5.5304675,5.8728986
1391326,3.5485916,5.0205383
1391327,5.126141,3.5323138
1391330,5.104268,3.4464211
1391333,5.1000853,3.2379305
1391335,5.404864,6.730511
1391336,8.456773,5.499102
1391337,5.6993895,8.665131
1391338,8.430071,5.57682
1391339,5.1173406,8.247017
1391340,8.129044,5.6607046
1391342,8.5755005,4.749205
1391343,5.248681,3.5021362
1391344,9.139453,3.7673147
1391345,8.379763,4.884239
1391346,5.7907777,7.3955874
1391348,7.2841187,7.9061904
1391349,9.922334,9.047214
1391351,9.849363,5.327305
1391353,8.464987,8.739782
1391354,8.268937,8.828003
1391356,8.8236885,6.293944
1391357,10.97857,7.65637
1391358,9.29797,2.9924152
1391359,10.689421,7.7629285
1391360,6.041235,0.47191173
1391362,8.121231,9.02043
1391364,8.828278,10.928135
1391365,8.847465,10.886944
1391367,9.504815,7.9478784
1391368,8.711146,0.6289307
1391369,9.242947,4.9280157
1391371,10.002376,5.468749
1391374,8.934961,6.047099
1391375,8.907032,6.8662295
1391376,5.9183044,5.9059715
1391377,2.3905437,7.897167
1391380,1.981993,7.2191024
1391381,2.025648,7.2322373
1391384,9.001631,4.828124
1391427,3.0749278,6.6196494
1391428,1.4626112,6.8800926
1391433,1.9062853,6.604492
1391435,2.6290023,5.1810293
1391439,1.775809,5.538647
1391469,9.1344,8.473344
1391470,8.421118,8.27667
1391472,10.004702,6.519277
1391473,5.626764,9.957843
1391474,6.8263974,8.989246
1391475,7.900558,8.314839
1391476,9.3271,7.999859
1391477,9.213799,9.66112
1391478,7.2234426,9.207295
1391479,4.5416274,7.712236
1391480,8.9077015,7.9584446
1391481,6.919294,8.859297
1391482,6.0943866,8.399901
1391483,9.130204,8.787783
1391484,7.769582,9.042668
1391485,9.136682,8.67684
1391487,3.7520354,4.6028657
1391488,9.140158,8.804412
1391491,5.4681783,10.469774
1391492,4.5238576,2.9842484
1391499,3.448589,5.353119
1391500,7.8244944,8.7795725
1391503,7.9261513,8.790883
1391506,6.541471,1.2662466
1391508,6.5816107,2.3554556
1391510,6.652832,0.9180618
1391511,8.467312,3.1347485
1391512,2.1102095,4.1948805
1391513,5.8557878,0.5119405
1391514,9.731019,4.647938
1391515,6.922753,0.8230168
1391516,6.45434,1.4567364
1391517,6.7558475,6.7323284
1391518,9.003492,1.8310761
1391521,6.8734555,3.518809
1391522,6.9828496,1.9058167
1391524,5.8890495,2.4893677
1391526,7.5110335,0.42134392
1391528,7.5803833,1.340762
1391530,5.5421147,2.5983582
1391531,6.1478825,2.3768387
1391532,5.5126734,0.55761546
1391533,7.1513596,1.0935526
1391534,4.662641,2.4733453
1391535,5.5442815,2.7251534
1391536,8.863775,0.7230386
1391537,6.5959496,1.7552891
1391538,6.8952527,0.8411144
1391539,6.7821054,1.1784041
1391541,4.837759,1.0640517
1391542,6.1353207,0.5018575
1391545,4.5356317,2.528893
1391547,4.327706,2.2412012
1391548,4.739523,3.4035068
1391549,5.2247653,3.1861289
1391550,9.128787,2.028337
1391551,8.095077,0.6443313
1391552,4.34658,2.5422187
1391554,7.1816263,1.4483658
1391555,5.20381,1.8520502
1391556,7.25569,1.3424023
1391557,6.4002204,1.3289679
1391558,5.523303,2.712396
1391559,7.5220947,1.8755219
1391560,6.8490057,0.73021257
1391561,6.351897,1.6185851
1391562,4.7287726,1.8859392
1391563,7.3438125,1.9192492
1391564,7.2262855,1.5858356
1391565,7.142396,1.3968117
1391566,6.9631977,1.0352917
1391568,7.072243,1.715911
1391569,6.9117894,2.1357737
1391570,7.05437,1.4525627
1391571,6.755321,3.3899426
1391572,6.9489584,2.0922186
1391573,7.145235,2.0477538
1391574,6.8854804,3.49109
1391576,8.036191,1.9630177
1391578,5.5399466,1.7971522
1391579,8.046361,1.7412674
1391580,9.142591,2.3494544
1391581,6.353208,2.5112188
1391582,7.60652,1.6022186
1391584,7.865408,0.7642623
1391615,9.970265,4.781976
1391617,9.8621025,5.166842
1391620,9.792947,5.2037706
1391621,9.208783,1.0533684
1391635,10.04469,6.363626
1391636,4.9454145,6.7629724
1391639,8.119397,6.017326
1391641,8.049472,5.997242
1391643,7.9711423,6.00896
1391644,9.930936,5.496898
1391645,9.644384,5.324616
1391646,8.509896,5.4856973
1391647,9.617,5.4843144
1391649,6.699756,3.5547805
1391650,7.548739,1.7061261
1391653,6.389462,6.2194405
1391655,3.1011426,5.0713587
1391660,9.148167,3.7545328
1391662,7.528101,1.7923335
1391665,8.461279,0.5834744
1391668,5.9104137,7.892861
1391669,5.1756506,1.6953207
1391672,8.070882,1.6209646
1391673,6.046393,0.25808403
1391674,7.1809278,1.8703144
1391675,7.835216,1.7770828
1391676,7.078997,1.6680651
1391678,6.5353303,1.2839416
1391681,6.9338255,0.89118594
1391683,4.0853868,3.0634928
1391684,4.4598575,3.134628
1391686,7.858988,1.379587
1391687,5.041527,1.71772
1391688,10.275787,8.358448
1391689,8.5764475,1.0888125
1391690,2.734412,7.4273877
1391693,2.2460723,5.7812095
1391694,7.049098,7.90655
1391696,2.1964216,4.248483
1391697,6.825592,3.5553937
1391700,3.2872348,5.5274587
1391701,1.6242102,5.7341585
1391702,2.3961415,8.275547
1391705,2.611729,7.7367306
1391706,7.5607667,6.6439557
1391707,2.6488972,7.747992
1391708,2.035274,7.42544
1391710,7.2786283,6.879519
1391711,5.083526,3.6231735
1391712,1.5579365,4.155561
1391714,1.7579504,6.8596344
1391715,1.7094871,6.909646
1391716,10.708782,8.687465
1391717,8.335571,5.0581045
1391718,7.558596,1.8657951
1391724,10.07814,9.016678
1391725,9.941169,4.6466417
1391726,9.557637,7.9203506
1391728,10.35756,7.6758213
1391729,9.291225,7.3435707
1391730,9.925152,5.680739
1391731,9.891926,7.0364337
1391739,3.882388,7.402624
1391742,4.7784686,7.4511504
1391748,4.803002,5.6457887
1391768,5.274128,0.7844756
1391770,6.669671,0.78254133
1391771,5.808332,8.381207
1391772,9.54784,8.610007
1391773,8.1817255,5.105391
1391774,5.7462797,1.8741896
1391775,10.041818,6.9491615
1391777,4.8942285,8.1717205
1391778,4.559284,7.984129
1391779,8.408833,8.5057955
1391780,5.652269,10.299658
1391781,5.7863,10.277459
1391783,8.8839445,7.8089743
1391784,5.6576805,10.245237
1391786,6.018076,0.7395247
1391835,8.166451,3.3193467
1391837,9.654824,7.626926
1391838,6.5179353,6.149787
1391839,8.960698,1.1811705
1391840,2.7815537,8.465637
1391841,5.417571,10.581595
1391842,8.022868,8.114191
1391848,10.926459,7.6460485
1391850,10.661652,8.718993
1391852,7.496156,8.50064
1391853,7.050041,7.94314
1391855,8.964844,7.680199
1391856,8.086834,8.252369
1391857,9.51861,8.782483
1391858,5.963524,2.1337664
1391859,6.592321,7.5754566
1391861,6.104314,9.422433
1391862,4.589103,6.338568
1391863,5.6758914,10.262896
1391867,5.7945757,10.269749
1391868,9.016774,7.457743
1391869,7.698016,9.443966
1391871,9.534948,8.805098
1391872,10.804261,7.9010034
1391873,7.8204784,8.4974375
1391876,6.7597213,8.093175
1391877,7.3686094,8.105879
1391878,10.018332,7.6297197
1391881,8.490029,9.740702
1391883,6.27632,2.206181
1391884,8.817385,8.111011
1391886,8.7792015,0.66833866
1391888,9.096456,7.2721415
1391889,10.710112,7.369922
1391890,10.289285,7.93084
1391893,4.682609,4.984278
1391896,8.29332,9.12128
1391897,8.450129,8.2255
1391900,6.2865543,10.075724
1391903,6.508639,6.276786
1391906,4.4275055,7.7096996
1391907,5.2566104,8.204879
1391909,4.897468,2.8611815
1391914,9.740547,7.7386355
1391918,10.280649,8.061202
1391919,10.453837,7.963088
1391925,7.3638687,6.1430593
1391926,9.694984,5.6060386
1391927,8.036316,2.17814
1391928,6.8995147,1.5632915
1391929,8.965634,2.3586776
1391930,6.8924665,1.567515
1391932,4.8721457,1.2270465
1391935,6.7921653,1.953001
1391936,5.037048,1.365037
1391938,4.843923,1.2087313
1391939,4.7678742,1.2545792
1391940,4.8354096,1.1923498
1391942,4.836293,1.2683791
1391965,9.923772,4.4047637
1391966,6.4589167,0.53922766
1391979,3.4997532,3.2012665
1391981,4.623648,1.2523185
1391983,2.3246045,5.400139
1391986,4.4294896,5.009825
1391998,6.9652257,8.944558
1391999,7.4950094,9.053932
1392000,7.7040644,8.17627
1392001,6.114931,8.579082
1392003,5.3281646,7.7979975
1392010,5.3215413,7.4438004
1392012,4.2734346,5.8013253
1392013,4.663051,6.303294
1392014,7.0424757,6.3871813
1392016,4.9670835,7.160759
1392017,5.161111,7.374787
1392018,5.385932,7.0675306
1392020,4.1760235,5.7102976
1392022,5.3413243,7.8040214
1392024,5.200676,7.454558
1392025,5.33663,7.70045
1392029,5.5460424,6.918221
1392037,9.819602,7.6838193
1392054,9.307895,8.224493
1392055,4.547078,9.451012
1392059,5.0699887,9.886783
1392061,10.51306,7.8342605
1392063,10.146105,6.530145
1392064,10.92387,7.6917577
1392065,4.2703223,9.513307
1392066,10.780486,8.8188095
1392067,10.13283,6.5218096
1392068,9.250119,0.8630009
1392069,8.397467,1.8022552
1392070,4.21372,9.438364
1392071,3.0431013,3.112745
1392072,10.325119,8.008927
1392073,4.7404222,9.626002
1392074,9.352201,1.1129509
1392075,10.2112255,7.7465954
1392076,2.9264648,2.0328848
1392077,10.131829,7.1971917
1392078,10.2019205,7.799037
1392079,4.7860546,9.794006
1392081,5.525517,10.317816
1392085,5.6826386,10.377144
1392086,4.5772033,9.402777
1392087,4.222047,4.724017
1392088,7.967643,5.0624166
1392089,7.8877125,1.6011056
1392090,2.7535708,8.473451
1392092,8.881582,4.8950176
1392096,4.2286525,2.5383575
1392097,6.2761135,0.47702616
1392098,10.647817,7.070194
1392099,10.996721,7.4175487
1392100,10.243147,7.553479
1392101,2.9575093,4.2993946
1392102,10.9229555,7.82579
1392103,11.007204,7.5321474
1392104,4.186961,9.44063
1392105,10.064358,6.4635005
1392106,4.51665,9.534825
1392107,4.260963,9.489212
1392108,10.913379,7.249984
1392109,7.732893,6.1775317
1392110,8.678371,2.1579945
1392111,9.935467,7.6372743
1392112,5.459855,4.8930154
1392113,10.336726,7.962284
1392114,3.2302375,7.320824
1392116,2.3681724,4.5313144
1392118,5.0951476,3.4422114
1392124,1.8716556,6.5764074
1392126,1.7444454,6.9716196
1392128,5.5342016,9.574507
1392129,10.902625,7.600356
1392130,6.386632,8.456479
1392131,4.559759,7.876068
1392132,5.732542,8.2997875
1392137,7.723222,1.7420245
1392138,6.41177,8.253142
1392141,8.242862,2.0047207
1392146,4.887325,7.743457
1392148,3.4375215,6.8786325
1392153,5.7125406,10.082501
1392162,4.159361,6.537915
1392170,7.967312,0.741922
1392171,7.612826,0.9970424
1392172,7.114117,0.7913989
1392173,8.434647,1.9783856
1392174,6.993506,1.1040127
1392175,7.061401,1.1250483
1392176,6.9756074,1.0654904
1392177,7.0195417,1.1360409
1392178,6.877782,1.0401866
1392179,7.032837,1.7554302
1392180,7.2072525,1.5175947
1392181,8.874897,2.1636405
1392183,6.601136,8.613865
1392184,5.85929,10.159154
1392185,6.2815475,8.614008
1392186,5.704851,7.122009
1392187,3.0509202,6.5627227
1392188,5.882919,10.187792
1392189,6.7551045,7.43924
1392192,8.499801,5.4781814
1392193,6.112442,8.9665575
1392196,5.686859,7.966597
1392197,5.9603553,8.342091
1392199,4.433255,7.5238585
1392203,7.0436563,8.749852
1392206,8.916349,5.0630913
1392208,7.509946,3.1165094
1392211,6.6623755,9.078049
1392220,6.039242,0.9157164
1392225,8.961645,2.80783
1392229,7.761208,2.1292524
1392231,5.786046,8.12546
1392232,7.9666233,4.894057
1392233,7.2442865,2.3642595
1392240,7.829841,2.5859463
1392244,5.2570124,3.5515664
1392246,8.667558,0.64749265
1392252,6.277346,1.5525576
1392255,5.0519366,2.250572
1392275,6.5020046,2.144706
1392293,5.2332587,6.9008064
1392308,5.9190483,5.9785185
1392310,5.1109076,3.0151432
1392311,4.444222,4.0998945
1392312,4.5083942,2.8448064
1392313,1.6725147,3.9445717
1392314,9.011557,4.3928485
1392315,5.1208105,3.0953496
1392317,5.076509,3.2645586
1392319,4.7361627,1.8857595
1392320,4.6706038,4.5396223
1392322,4.5128007,2.580541
1392323,4.7778287,1.3369167
1392324,6.5676694,1.4493715
1392331,4.8997045,7.241266
1392332,2.4729338,6.9006147
1392333,6.333911,6.5024467
1392334,2.1192322,7.3184695
1392336,2.7973855,3.023493
1392337,2.7333903,5.6117945
1392338,3.9955764,6.556519
1392339,5.3195176,6.23646
1392340,3.255029,7.325716
1392341,3.19846,7.004703
1392343,5.759544,6.571463
1392344,3.9285984,6.074288
1392345,6.349354,5.047279
1392346,2.708773,8.05366
1392347,3.7458856,7.060869
1392348,2.2203727,7.9474354
1392349,4.867248,2.9223883
1392350,6.511381,7.747577
1392351,2.5301526,7.9687543
1392353,2.8332288,7.970772
1392354,2.131843,5.645342
1392355,5.3337593,5.7453537
1392358,5.315171,6.887268
1392360,6.7349844,6.5445056
1392361,6.196278,1.7084585
1392363,6.7122602,2.393765
1392366,7.2845483,2.1128397
1392372,7.8865614,2.537539
1392378,4.8446636,1.2212025
1392383,6.881225,3.494788
1392384,7.779649,1.8380218
1392386,6.4710093,0.09463483
1392388,7.3202677,1.7863187
1392389,6.822466,1.0109084
1392391,7.360564,1.8206041
1392392,8.981413,0.5534685
1392395,8.051628,1.6316317
1392396,9.066509,1.0977015
1392397,6.208607,0.46412787
1392401,3.169786,4.574299
1392404,6.7966223,2.0625837
1392406,6.572999,1.3858252
1392408,7.1207356,0.20398404
1392409,7.674989,1.6777885
1392411,7.2975183,0.738133
1392412,8.078575,0.8450811
1392413,10.252365,7.602212
1392414,8.209387,1.1815163
1392417,6.762801,1.5316355
1392418,6.6711097,0.82765377
1392419,7.8676624,1.7523323
1392420,8.812831,11.009969
1392421,8.805289,2.302857
1392422,8.714222,0.6633902
1392424,7.3632894,3.4937553
1392425,6.1651883,1.0115994
1392426,8.785145,11.022339
1392427,10.045253,7.5158076
1392428,8.878684,11.062731
1392430,6.446188,2.1014032
1392433,7.1643662,0.7835578
1392434,8.327248,0.9067823
1392435,8.472523,3.0632803
1392436,8.831975,10.97677
1392437,7.8184557,2.6276996
1392438,6.710349,0.7012536
1392439,6.879924,2.425023
1392440,8.839745,11.04761
1392441,7.6622987,1.4490292
1392445,0.98373926,6.754257
1392453,3.3623247,5.3477445
1392459,2.3252285,7.326308
1392461,2.962605,1.9541677
1392469,2.5558238,6.4543123
1392473,1.4840974,6.089585
1392474,1.675682,5.7771845
1392476,4.4367776,3.1640341
1392482,2.2924135,8.041601
1392483,6.979843,6.3989444
1392486,5.5202026,2.0854807
1392488,8.164465,1.3419873
1392489,8.835274,0.7603311
1392490,9.0165415,0.958732
1392491,7.5953574,1.8371245
1392492,8.844057,0.37818733
1392493,7.17707,1.78855
1392494,6.594355,1.5487856
1392497,4.2785697,3.0039685
1392498,7.3100224,2.0861056
1392499,7.4875507,2.2460918
1392500,8.0941515,1.5270836
1392501,2.7411234,8.468727
1392502,2.6534693,8.236914
1392503,2.82108,8.48014
1392504,2.7926118,8.522902
1392505,2.5365348,8.224031
1392506,2.7871737,8.5132675
1392508,0.85639423,7.204387
1392509,2.184365,7.436159
1392510,2.63456,8.406289
1392511,2.719474,8.517313
1392526,6.0879946,0.31325138
1392527,6.3362064,1.4892033
1392528,6.569791,8.773592
1392617,8.802033,11.06027
1392618,6.1966834,0.5481647
1392619,8.748891,10.798895
1392622,8.795074,10.918531
1392625,8.530453,10.73709
1392626,6.6366615,0.69731367
1392627,8.720286,10.813747
1392628,7.2539163,1.1238011
1392629,8.803031,10.683646
1392630,8.630141,3.1790636
1392632,9.016361,3.7399492
1392633,5.536014,0.80441916
1392636,8.846616,3.405656
1392637,8.732712,3.3575811
1392641,6.7804995,2.2331798
1392643,8.259351,0.6789968
1392648,5.871612,2.6751637
1392650,9.59056,3.5569513
1392652,6.8310785,2.2287307
1392654,8.780831,3.375719
1392655,8.940148,3.5970836
1392656,6.404214,1.2058493
1392657,5.106284,2.9069843
1392659,6.521843,0.6492711
1392662,7.0261965,0.8687007
1392664,8.521041,0.66787016
1392666,6.857029,2.588211
1392668,6.2416368,1.5176761
1392670,7.4034,2.279955
1392671,7.4694963,1.9023018
1392673,7.836948,1.3815875
1392675,5.603262,0.8393733
1392677,6.7394614,3.5759282
1392681,7.7410684,1.1948566
1392685,3.01217,6.4532356
1392688,1.5856112,6.3527184
1392690,6.9967957,5.950243
1392692,4.823606,6.141243
1392694,5.8798738,5.3124213
1392702,2.161602,7.340631
1392704,7.2436996,2.8964458
1392705,9.940417,4.4568534
1392706,6.828786,2.9310827
1392707,8.894805,0.74831086
1392708,8.820712,2.1710882
1392709,9.10435,5.1755457
1392710,3.323224,6.457943
1392712,1.2035918,5.969904
1392714,0.4166248,6.6421366
1392719,7.390058,2.6327584
1392721,8.678466,0.6332754
1392724,6.851867,1.4054632
1392726,6.9949565,1.3600502
1392729,5.5856476,2.5325036
1392731,8.84191,3.458863
1392732,7.3725424,3.1051824
1392736,5.8329735,1.5449386
1392738,8.0329485,1.6303
1392740,4.2197127,2.9936342
1392742,7.606791,2.8997586
1392744,3.2972646,2.1678908
1392746,7.4840384,3.0738466
1392747,7.1716413,1.9724171
1392748,8.647188,3.239174
1392749,6.381682,0.96008813
1392750,7.7493787,0.840153
1392751,6.1299024,2.4121616
1392752,7.008003,1.0177184
1392754,8.286233,1.6687014
1392756,7.528945,1.0102065
1392758,8.037194,2.0509224
1392760,7.910468,1.6282525
1392763,7.103966,1.1512907
1392765,5.042424,3.315399
1392767,5.055856,2.5590193
1392768,7.206464,1.3482641
1392769,7.0144024,0.643668
1392770,3.9702995,2.5072513
1392772,4.1778674,1.5437256
1392773,7.6935277,2.3172607
1392776,9.394814,2.024624
1392779,6.633184,0.87886477
1392780,7.415646,6.1746755
1392782,9.3874,8.008774
1392783,6.9226217,1.4854825
1392784,6.912189,1.2042842
1392786,5.8350396,0.6197042
1392788,8.612108,3.1652365
1392796,8.858637,0.37643248
1392797,8.071615,1.6090176
1392798,6.5578933,1.9478437
1392800,5.723061,0.6457308
1392801,6.478177,0.08453808
1392802,7.5159545,0.9475071
1392804,4.144106,2.7845576
1392805,7.7986364,0.6854023
1392806,5.951641,0.28474882
1392816,8.002181,2.0080292
1392818,8.903388,2.523146
1392819,4.542974,4.024404
1392821,6.988601,1.6531131
1392824,8.9622,3.0824084
1392827,7.533086,1.8246713
1392829,5.439477,1.5029676
1392830,8.946567,2.579375
1392831,5.349817,1.4052783
1392833,7.852319,1.599514
1392835,8.8285,0.6935465
1392836,7.1180367,2.0674639
1392837,8.543585,1.5901122
1392838,5.341983,1.526646
1392840,5.518441,1.504874
1392844,7.5324826,0.3317709
1392845,7.7419763,0.9267479
1392846,8.4976,0.58227444
1392850,6.425898,0.39094377
1392851,6.7966604,1.588769
1392857,7.513426,8.754672
1392858,7.1161923,8.793372
1392859,9.237204,8.718414
1392860,7.1074843,8.869963
1392863,8.784101,11.068636
1392864,8.818167,11.075914
1392865,8.82011,11.086628
1392866,8.794101,11.078633
1392867,8.916839,10.9791155
1392871,5.030824,2.6763098
1392878,4.969758,2.8981383
1392879,5.183841,3.580569
1392881,5.2035513,3.8464763
1392889,7.012112,0.33777758
1392893,9.158251,2.9488075
1392895,9.665862,4.9447336
1392897,5.3697777,2.9110987
1392900,6.8162303,0.6950638
1392902,4.900602,2.872484
1392903,5.724265,2.2920256
1392906,5.8959866,0.81151825
1392907,3.0284557,3.0424001
1392909,8.73509,5.201593
1392910,9.601431,5.1383643
1392911,6.8581147,5.619578
1392912,8.555682,5.714904
1392913,9.923411,4.5691886
1392916,7.5287585,6.7748623
1392917,9.704017,5.2277164
1392918,8.40758,5.6801157
1392920,9.32993,3.4128902
1392924,8.712692,5.5427923
1392926,6.8074903,6.0193677
1392928,8.284638,5.8116155
1392930,9.756854,4.5173874
1392932,6.7096124,5.957669
1392935,5.778447,10.010706
1392936,8.412107,8.396394
1392938,7.531015,6.743931
1392939,6.731163,3.5569167
1392941,3.7457633,3.9402676
1392942,7.025525,6.4500766
1392943,7.0519385,8.644342
1392944,6.189522,8.585746
1392946,6.8075533,8.813442
1392947,7.144905,8.6444
1392948,4.2994246,2.6196787
1392950,9.54433,8.687485
1392951,8.3955965,7.862901
1392953,8.407822,7.8492727
1392955,5.568329,10.281587
1392956,8.853079,6.1932263
1392958,7.2059937,8.857756
1392959,5.930608,7.43289
1392960,5.3575706,6.8607635
1392961,10.405239,7.3970437
1392962,9.008193,8.17122
1392963,5.5950646,4.043863
1392965,7.2159266,7.898089
1392967,6.080211,10.012995
1392968,5.749176,10.261686
1392969,8.464989,7.8901577
1392970,7.60873,8.89149
1392971,9.21362,8.685392
1392972,8.529821,8.350964
1392973,8.592636,10.685701
1392974,5.1848183,3.66508
1392975,9.123829,8.595276
1392976,9.792512,7.330788
1392977,10.951545,7.5119033
1392978,5.4026003,7.5712323
1392979,8.992195,8.354807
1392980,9.6316805,8.729435
1392981,6.5801554,9.054236
1392982,7.00192,6.9598966
1392983,4.9333153,4.5124645
1392984,8.82668,8.739981
1392985,8.321195,8.218916
1392986,9.994396,7.5238233
1392987,10.047751,8.353314
1392988,3.4035285,2.9627597
1392989,9.035579,0.5900235
1392990,3.590391,2.7659452
1392991,7.11669,7.8037825
1392992,9.129965,9.353356
1392993,9.536103,8.151981
1392994,10.859822,7.7158003
1392995,5.4517646,6.9346404
1392996,8.539204,5.3792343
1392997,7.953633,8.746232
1392998,6.3857574,2.7507057
1392999,4.5497904,9.416331
1393000,5.790083,7.712947
1393001,6.7250533,7.234562
1393002,7.0094757,8.073627
1393004,5.907626,9.705443
1393005,6.5620713,8.869886
1393006,6.858873,8.675404
1393007,8.707095,10.773246
1393008,8.784639,6.2669992
1393009,6.28065,8.201514
1393010,4.8846245,7.3078113
1393011,3.9674914,6.575687
1393012,6.854221,9.09167
1393013,10.263736,6.0888753
1393014,8.525338,10.562673
1393015,7.6285653,7.754964
1393017,5.7702513,2.771296
1393018,5.2518706,4.346302
1393019,6.4262776,0.17301513
1393020,7.5063376,1.4496454
1393021,7.04872,0.34771845
1393022,9.317349,8.12355
1393023,5.471116,2.7957053
1393024,4.700919,4.83482
1393025,5.6184893,3.337651
1393026,8.964125,2.3887432
1393027,6.402805,2.376894
1393028,6.6577783,1.4339987
1393029,10.084773,8.088493
1393030,6.644379,1.7020701
1393031,5.9449534,0.46670854
1393032,8.468332,1.1146686
1393033,6.558971,1.172727
1393034,7.6841087,0.89909655
1393035,8.497303,2.1383848
1393036,7.050385,1.0721385
1393037,5.7510934,2.311389
1393038,8.605424,2.313605
1393040,7.2937384,0.89271563
1393041,6.8540807,3.477509
1393042,9.735396,4.422111
1393043,7.773598,6.0462036
1393044,9.700797,4.5350976
1393045,8.934551,5.551115
1393046,9.136725,3.7230172
1393047,8.516499,8.24081
1393048,8.456987,8.312868
1393049,8.418696,8.230119
1393050,8.425281,8.062559
1393051,8.47873,8.275419
1393052,8.279627,8.084939
1393053,8.840099,6.0198865
1393054,7.817316,5.279609
1393055,9.463419,4.7223344
1393057,9.090201,2.5531988
1393058,10.973742,7.5393653
1393059,8.802716,2.5152798
1393060,6.576217,0.5601179
1393061,6.701115,1.6634874
1393063,4.6615534,2.028324
1393064,6.8601823,1.1725808
1393065,8.488437,1.2611909
1393066,8.493413,1.04623
1393067,8.13909,0.728034
1393068,4.380331,2.6897304
1393069,8.361187,0.66285384
1393070,6.798499,0.66538346
1393071,4.5301037,3.9429843
1393072,6.875146,1.3527286
1393073,9.074067,0.4716618
1393074,6.931358,0.881444
1393075,7.6440477,0.76823676
1393076,10.9074,7.5749817
1393077,10.840917,7.7984023
1393080,9.198666,8.764706
1393081,9.994174,9.11804
1393083,9.264605,5.1620407
1393084,7.3901944,1.2487742
1393085,6.149642,0.9223482
1393086,7.530819,1.5358728
1393087,9.054856,0.8722315
1393090,8.785286,6.5488896
1393096,6.3106127,1.8020561
1393097,9.680993,9.684675
1393098,6.9428086,1.6690414
1393099,5.7656727,0.9330221
1393102,7.343803,1.711315
1393103,3.1194427,6.411128
1393104,7.795217,1.6292096
1393105,3.2914422,2.1676123
1393109,7.831179,2.561727
1393110,7.4988823,0.9403381
1393111,4.898644,3.232163
1393114,7.1592607,8.5349245
1393115,9.427743,5.5601454
1393116,10.078453,7.240893
1393118,5.5658092,7.369127
1393119,9.586183,3.9476628
1393120,6.8621817,8.13544
1393122,5.691871,7.4992156
1393123,7.750668,6.4219112
1393124,4.361155,9.470167
1393125,10.463375,8.69426
1393126,8.561811,10.816015
1393127,5.5498805,10.275542
1393128,5.735194,8.460325
1393130,9.718181,4.4504585
1393131,9.012733,2.5256617
1393132,9.050001,8.168827
1393133,7.9472537,9.366671
1393135,5.134653,8.334587
1393136,7.9587092,5.993351
1393137,4.811452,4.6108603
1393139,8.795375,8.46611
1393140,5.8525004,8.427208
1393141,10.40471,7.9335756
1393142,9.825416,4.703995
1393143,6.163335,6.5500965
1393145,8.041656,9.634892
1393146,8.94205,0.78109276
1393148,6.971094,8.516469
1393150,7.081637,2.3389726
1393151,6.5533257,1.5626756
1393152,4.4904165,4.0012536
1393156,6.680529,0.8547143
1393157,5.3884172,1.4427543
1393158,7.546484,1.8567184
1393159,3.6447842,2.8961644
1393160,5.7008467,0.59293187
1393161,8.043419,1.2085056
1393162,8.977438,1.1030405
1393164,5.6658354,1.889746
1393165,7.456435,1.3258669
1393166,6.2769313,1.4097617
1393167,8.5860615,0.5851488
1393169,5.5695996,1.818434
1393171,7.7065406,1.0805129
1393172,7.7339845,1.8914131
1393173,7.673917,1.0357994
1393174,7.5390844,0.7764076
1393175,7.893664,0.8617966
1393176,9.593314,3.4960208
1393177,7.7502656,0.9396229
1393179,3.3240178,2.203441
1393181,7.066897,0.84502816
1393183,5.1921115,1.994251
1393184,7.312659,0.15677571
1393186,5.1920433,2.4599802
1393187,7.277557,0.11473578
1393188,3.4513645,3.0786893
1393189,3.1307142,2.8968894
1393190,4.626193,1.5916591
1393191,6.1991982,0.6940315
1393192,9.060803,2.298713
1393193,3.3492901,2.2546115
1393195,3.3937345,6.8372955
1393201,3.2744143,6.7206106
1393203,5.5024533,4.8968735
1393213,6.786903,1.7393527
1393214,7.5187926,0.91754705
1393216,8.915182,0.8132256
1393217,8.446745,1.0818813
1393219,4.244554,2.6239016
1393220,4.5073104,3.9572163
1393221,5.7482586,0.6890413
1393222,7.2579203,2.1089904
1393224,7.6811347,0.78535944
1393226,7.1870074,1.4319022
1393228,7.6845922,0.97514516
1393229,7.983391,1.9695667
1393230,5.167343,3.2566943
1393233,7.5909343,0.6861756
1393234,7.017491,0.938703
1393237,5.6363864,7.3620157
1393238,7.128332,1.0204835
1393239,7.4767184,1.2550884
1393274,9.088694,10.61661
1393276,9.152133,10.368253
1393277,8.833194,10.707391
1393278,8.913857,10.208074
1393279,6.9183583,6.58903
1393280,5.856866,10.172162
1393281,5.873806,0.5045075
1393282,9.233524,9.925778
1393283,9.355969,9.637474
1393284,8.972158,10.464053
1393285,9.631506,9.518636
1393286,9.850011,8.42724
1393287,8.929868,10.53222
1393288,6.5054474,1.4077295
1393289,6.3342624,1.3427689
1393290,10.7400055,8.069609
1393292,8.737979,8.884312
1393293,6.576427,1.4512166
1393295,10.341075,8.708431
1393296,8.621077,10.68951
1393297,9.2372875,10.294736
1393298,6.040034,8.064227
1393299,9.192329,8.660354
1393300,8.692581,10.130298
1393301,8.777292,9.24155
1393303,7.5784397,8.41681
1393304,4.3748355,2.8079531
1393306,8.379684,0.1559313
1393307,5.139621,3.1035442
1393308,1.2656413,4.695657
1393309,2.2087002,4.1884103
1393311,2.0341954,4.5328526
1393312,2.0348482,4.4408064
1393314,1.0676386,6.819825
1393315,2.1361475,4.399868
1393316,2.5392525,3.8585138
1393317,5.3658376,9.770065
1393319,1.8807746,5.0030165
1393321,1.3034872,5.4138956
1393323,3.454249,3.6279833
1393324,4.6264014,1.9470954
1393325,2.7454584,3.1167483
1393326,2.3238256,4.1687274
1393327,2.2683334,4.3134565
1393329,1.8480608,4.157234
1393331,3.2027354,5.2053175
1393337,2.1881878,4.230514
1393351,2.5179799,3.7801914
1393352,1.9996285,4.55178
1393354,2.362771,4.2860146
1393355,2.0117028,4.5386868
1393356,8.259018,3.8465452
1393357,2.0482101,4.4428487
1393358,2.2513576,4.297498
1393359,2.246929,4.452953
1393360,2.1840386,4.4483624
1393361,3.342032,4.435214
1393363,2.1920936,4.472667
1393364,2.0088115,4.5634375
1393366,2.4757001,3.9385476
1393367,8.739561,3.4902883
1393368,8.1269,4.1876473
1393373,8.226508,1.0063285
1393374,8.285138,4.3041635
1393375,4.5216026,2.943398
1393376,8.199833,4.077854
1393379,8.161748,1.9307779
1393381,7.0136414,1.2556689
1393382,7.957223,5.119087
1393384,4.813384,1.2442954
1393385,7.898429,4.4369173
1393388,8.913783,1.9656264
1393389,8.526246,2.136652
1393391,9.166015,2.6662571
1393393,6.0863833,1.0206902
1393394,7.6678147,5.303483
1393395,8.853153,6.0254054
1393396,8.062413,6.1887174
1393397,9.820584,5.782481
1393398,6.3752,0.90837276
1393399,9.288243,4.2173295
1393400,9.128716,6.562685
1393401,8.4088955,5.782876
1393418,3.2047818,4.24306
1393419,8.077371,5.4535403
1393420,8.061836,5.491046
1393421,7.896477,5.128636
1393422,7.7135143,5.5793624
1393423,8.724223,6.5194764
1393424,8.229245,5.452448
1393425,8.098033,5.647241
1393426,7.368317,0.1609825
1393427,7.7597184,6.756951
1393429,8.017713,5.1067467
1393430,8.27844,3.9746065
1393431,7.852456,5.545032
1393433,7.745262,6.69226
1393434,9.328316,4.8305326
1393437,8.586427,3.953963
1393441,5.4998145,1.4547137
1393443,8.2227545,3.9887729
1393448,5.5602036,7.94748
1393449,5.447382,1.4376595
1393451,7.960666,3.596838
1393452,8.566181,1.4314772
1393455,6.231198,2.700268
1393456,5.2824674,3.4663925
1393457,8.461537,3.9803452
1393459,7.8402824,0.58451825
1393460,6.426842,0.49553204
1393473,4.9824114,3.6719933
1393475,5.6613407,6.4154086
1393476,4.336657,5.1121287
1393477,3.8728843,6.584471
1393487,4.2475414,6.261327
1393490,6.906119,5.80577
1393497,7.8595185,1.2174145
1393498,8.570311,0.67970985
1393499,6.5827475,1.8856057
1393500,8.106063,1.9937204
1393501,8.561927,0.8184375
1393502,4.610518,6.357323
1393504,2.5512226,4.6675735
1393511,7.2046466,2.1331735
1393513,6.0367045,0.97914827
1393515,6.6938157,0.67395705
1393517,6.0723124,1.0176011
1393519,8.064753,1.5765483
1393520,6.564821,1.452119
1393522,4.467503,2.258737
1393524,5.245036,2.9232495
1393526,4.4721174,9.494146
1393530,9.269128,1.6167624
1393531,7.4748473,0.37341946
1393532,6.0804496,1.0305007
1393535,8.617453,4.231174
1393541,8.770553,2.4192333
1393548,6.8596134,2.0247045
1393549,9.394212,5.124269
1393552,6.2422886,0.8970861
1393555,8.968113,0.44538647
1393556,7.488189,1.4555513
1393557,7.304074,0.08176765
1393559,6.2542896,0.4316644
1393560,6.806025,1.2115027
1393561,5.9010763,9.030277
1393562,7.5330167,1.5306704
1393565,7.6873326,0.97508836
1393571,8.123514,3.5556316
1393582,1.8089659,5.630941
1393584,5.6216054,7.23562
1393585,5.3542314,7.129227
1393586,3.7280269,7.2656746
1393591,6.3165655,6.4696255
1393592,3.218286,6.937585
1393593,3.159854,7.258916
1393594,3.2568617,5.0134883
1393600,8.821741,11.095761
1393601,8.814126,11.147936
1393602,8.803794,11.072215
1393603,8.815961,11.041686
1393604,8.843379,10.99629
1393605,8.755928,10.781009
1393606,8.862411,10.930118
1393607,8.936128,10.775422
1393608,8.833672,11.077525
1393609,8.801659,11.051187
1393610,8.791712,10.948103
1393611,8.790103,10.928892
1393612,8.789133,11.030732
1393613,8.758582,11.011605
1393614,8.740647,10.985197
1393615,5.9929657,7.864312
1393616,5.9511046,7.6854267
1393617,5.763053,8.035582
1393618,8.957117,10.722503
1393619,5.9351497,7.742718
1393620,4.402332,5.633321
1393621,6.0463405,7.8709435
1393622,5.4839926,7.5774684
1393623,5.765817,7.6499124
1393624,5.0723233,7.501073
1393625,7.4381046,0.16439357
1393626,7.258797,0.08868524
1393627,7.3892927,0.18183759
1393628,7.5054283,0.13030797
1393629,7.461147,0.24090865
1393630,7.361613,0.1250126
1393631,6.771993,3.4070497
1393632,7.373129,0.12874395
1393633,7.3088217,0.09574955
1393634,7.4407587,0.13794747
1393635,7.3236046,0.17784202
1393636,7.504391,0.13871907
1393637,7.1857233,1.7433016
1393638,8.624734,0.6572663
1393644,6.6048923,0.6453451
1393646,6.8331895,0.58318543
1393647,5.9631343,0.6042565
1393649,6.7226744,0.70396656
1393650,6.0471115,0.5818591
1393651,8.114716,2.7966902
1393653,7.7367826,0.7774125
1393655,6.83889,3.518628
1393656,6.7851324,1.6807538
1393657,4.559611,7.9677687
1393659,8.607655,1.9725379
1393661,5.210891,7.3526416
1393662,6.985315,3.315751
1393663,5.6989913,8.633855
1393664,6.8679214,0.5558019
1393665,7.4062567,6.8828545
1393668,4.3964887,9.336412
1393671,6.2644043,8.9745245
1393673,4.092405,2.4725704
1393677,6.0281053,9.986426
1393678,4.5963087,4.0167136
1393679,7.3610616,0.8930724
1393680,6.645728,8.482275
1393681,9.113532,2.8788767
1393683,5.886511,0.2591587
1393685,4.811236,1.2395462
1393687,9.72291,8.922366
1393688,7.94444,8.463398
1393689,10.131238,7.4887557
1393690,7.0349426,7.037082
1393691,8.82233,0.35570636
1393692,8.9726305,2.4793978
1393693,8.86785,2.1861835
1393695,8.255763,0.6086321
1393696,8.805696,0.7052117
1393697,8.668576,0.7116627
1393706,8.877525,2.3585453
1393707,9.331573,2.0289538
1393708,8.090065,3.152167
1393709,6.7742863,0.48112577
1393710,5.9442267,0.23864678
1393711,8.127082,3.7376275
1393712,9.140307,2.1414413
1393713,7.8337917,1.2761276
1393714,8.36715,3.7190807
1393715,8.027471,3.1835501
1393716,6.719527,0.92804825
1393717,9.078578,2.5715325
1393718,9.558198,5.6024203
1393719,9.207819,2.1161652
1393720,9.002052,2.6910613
1393721,8.797464,2.4971473
1393722,6.321342,0.56064546
1393723,8.814673,1.5993912
1393725,7.52037,2.4663446
1393726,3.2296526,2.913767
1393728,6.671141,1.6920793
1393730,6.7179756,1.392259
1393732,4.6591306,3.9470587
1393734,6.904277,1.561738
1393735,5.641482,0.6590857
1393737,7.9220405,1.3471968
1393739,6.3884964,0.16377161
1393741,4.2662125,1.5522393
1393742,7.2486115,1.4516183
1393744,8.544003,1.0803154
1393745,2.3908098,7.5677657
1393747,9.773374,7.205367
1393748,5.27705,2.501345
1393749,7.418401,1.3564441
1393750,5.2514076,1.8596047
1393751,7.795668,1.8750933
1393752,6.760161,2.2258573
1393753,5.937077,0.8283567
1393755,7.8142023,1.5944941
1393756,6.8497925,3.4885833
1393758,5.0536227,3.2360964
1393759,3.3850226,2.2214031
1393768,7.935974,1.8535994
1393769,10.108423,5.948899
1393770,7.7279644,6.1163383
1393780,1.1205893,7.176787
1393781,1.5196105,6.9997206
1393783,1.067104,7.4067683
1393784,1.1849539,6.8879395
1393785,1.7673117,6.610735
1393786,0.88753825,7.0922894
1393788,1.6907562,6.6497583
1393789,0.93788654,6.392246
1393790,2.1404405,7.251449
1393791,1.1175263,7.320741
1393792,3.2645907,6.07372
1393794,1.9090912,6.9951496
1393795,0.6037379,7.1371713
1393799,0.6661793,7.150979
1393804,1.9557163,7.9578342
1393809,1.4591968,6.819566
1393818,1.5233171,7.0680785
1393825,1.5435035,6.9060082
1393827,1.0971409,6.931154
1393828,1.6957043,6.94752
1393829,1.0025463,7.21911
1393830,2.326301,6.721823
1393831,1.5385526,7.4140015
1393832,1.0773065,6.267605
1393837,8.632174,4.9280286
1393838,7.8027854,6.3816977
1393839,9.403717,5.9825454
1393840,8.337583,4.3192143
1393841,9.45528,4.0887685
1393842,8.991376,4.9416018
1393844,9.642448,5.700203
1393846,5.495192,9.39139
1393847,6.798082,5.8712406
1393848,8.228725,5.079589
1393849,8.249465,5.0946693
1393851,9.636406,5.939028
1393852,9.790121,4.9986405
1393853,7.627447,6.721983
1393854,7.182864,6.024795
1393856,8.157497,5.2290835
1393857,9.2523365,3.8623528
1393859,8.942989,6.8967524
1393860,8.334759,4.178979
1393861,9.153213,5.170446
1393862,3.3354757,3.2147574
1393864,8.228002,3.9245863
1393871,9.49566,5.3286505
1393872,9.332801,5.3190203
1393874,9.477048,5.229793
1393876,3.9818354,6.2358413
1393877,8.45624,8.518613
1393878,6.146343,9.53144
1393880,8.447146,8.112066
1393881,4.6265273,3.960924
1393882,5.8229303,1.5259112
1393883,9.2308445,0.89169496
1393885,5.6027102,10.424242
1393886,1.7463783,4.1052356
1393887,8.540692,0.49932152
1393888,6.5783505,8.206885
1393889,8.288829,4.2236943
1393890,10.972565,7.564725
1393894,6.3275366,5.812847
1393897,10.024668,8.330449
1393905,7.9026084,6.15251
1393911,5.5288124,9.853504
1393917,8.673818,4.741493
1393920,5.8105774,10.261954
1393921,8.673217,3.3493693
1393924,4.66271,9.442167
1393928,9.265768,5.9766192
1393931,7.2515783,8.986223
1393932,7.803258,6.92215
1393933,8.508468,7.8874025
1393934,7.915506,8.914924
1393935,8.75161,5.361612
1393938,7.266747,6.9034076
1393943,9.635439,5.2719254
1393949,5.5424714,6.9993844
1393950,7.5056767,6.2067056
1393951,5.86947,1.7176205
1393952,9.196895,5.3319464
1393953,9.164691,9.245096
1393954,9.179765,3.7895036
1393956,9.849989,5.1695304
1393958,9.164527,8.50621
1393960,9.311666,8.070839
1393961,4.123028,5.1543307
1393965,8.417671,10.662052
1393966,5.6284904,7.417761
1393971,8.3238735,8.057109
1393973,7.3458385,9.09157
1393974,9.485879,8.192857
1393975,9.060941,8.800025
1393984,6.361354,5.0822887
1393985,2.7286525,8.47922
1393986,3.0034683,5.6462464
1393987,2.76324,4.0052767
1393988,2.7249956,3.0923502
1393989,1.2495519,6.017604
1393994,4.3443003,4.389924
1393995,3.0220249,3.3023329
1393997,4.476704,2.6573203
1393998,1.0366031,6.826632
1394000,6.456581,5.1124473
1394006,1.9496663,6.8501596
1394007,6.524028,0.48507345
1394008,7.452513,2.7827773
1394009,4.932625,1.7403582
1394010,7.283724,1.8571271
1394011,7.5974326,1.732935
1394013,7.2496495,0.12477139
1394014,7.3621607,0.7709168
1394016,7.7997804,1.334872
1394017,8.239952,0.7252309
1394018,7.773333,0.75626814
1394019,7.9350843,0.9863728
1394020,5.936903,9.668962
1394055,2.1693888,7.9647055
1394056,2.5361142,6.9222417
1394061,0.8792656,7.2118955
1394063,2.4625037,7.8365555
1394065,1.2561734,4.629333
1394066,1.2333462,7.258472
1394067,2.3469644,7.135892
1394068,2.281951,7.1284413
1394100,4.572155,5.0322204
1394133,0.37227756,6.8400083
1394134,2.0210109,7.751501
1394140,4.685063,5.316496
1394145,8.529239,3.1627753
1394146,8.133269,3.1042674
1394148,0.82384264,5.9987755
1394149,6.422043,5.0951886
1394150,4.129129,4.7414427
1394154,0.7581038,6.858123
1394155,1.0187927,6.8798237
1394157,6.382468,5.0740256
1394163,6.7463326,3.573418
1394165,2.225773,4.0262256
1394167,1.5367373,6.9488273
1394170,9.072781,7.4110913
1394171,2.6712701,3.6747904
1394172,3.6041682,3.233671
1394184,1.0621965,6.161311
1394190,2.8232796,6.9359603
1394195,7.207128,2.5391421
1394196,4.952189,3.5097592
1394197,4.976935,4.0955777
1394198,7.5252104,4.962668
1394199,4.668928,6.3271623
1394200,4.805031,3.9156182
1394201,4.2193418,3.0271676
1394202,5.109052,3.3298495
1394203,5.0280695,3.2728631
1394204,4.18445,3.0319333
1394205,4.8985176,3.3136473
1394206,5.0523896,3.2647266
1394207,4.304176,4.6176257
1394208,5.4279428,2.8971856
1394209,4.5898433,3.4957607
1394210,3.6768956,6.3604245
1394211,7.2643924,1.802525
1394212,8.460027,7.9233856
1394213,9.8430605,8.511421
1394214,10.184421,8.791312
1394215,9.376613,8.798656
1394216,7.023018,8.02799
1394217,9.400466,3.5431259
1394218,7.039577,2.3021064
1394220,5.363919,1.469604
1394221,7.26269,1.5437763
1394222,6.759208,0.5293129
1394223,4.7956305,1.3190333
1394224,6.827165,1.6392196
1394225,8.148374,2.136202
1394226,8.170994,0.6743172
1394228,4.433781,2.1829188
1394230,4.962106,3.000266
1394231,7.4359775,1.9242933
1394234,7.0079513,2.9997852
1394235,9.082195,0.9401615
1394236,5.7275577,10.170237
1394238,6.6075487,1.4871385
1394243,7.4809384,1.9701047
1394245,7.1590176,2.45421
1394247,7.9186864,1.4085411
1394249,7.0760226,2.1785238
1394250,8.049876,2.940292
1394251,7.5787554,2.5665846
1394252,5.71293,1.5131768
1394253,6.971688,1.6832166
1394254,6.9912815,2.4076817
1394255,4.8376284,1.2412349
1394257,6.2622747,1.9768467
1394258,7.0426064,1.4005146
1394259,5.497102,1.634633
1394260,7.16729,1.8783274
1394262,7.6899705,1.1333869
1394267,7.728505,1.1884688
1394269,8.463364,3.7681384
1394270,9.317069,8.091233
1394271,10.159921,8.645832
1394273,5.9735875,8.174746
1394274,6.5220776,2.8678923
1394276,4.423612,5.3726673
1394277,4.330455,7.1641135
1394278,6.1419983,8.623536
1394279,5.6364746,10.378568
1394281,8.205909,8.358234
1394283,8.243626,8.54171
1394284,7.67082,8.859557
1394285,8.589119,5.981278
1394287,8.777168,8.162318
1394289,4.3234687,9.403904
1394290,6.0558667,9.350678
1394292,9.80079,7.469608
1394299,5.181951,1.6780878
1394303,8.214618,1.5858456
1394305,7.909666,2.929655
1394308,6.5609846,0.5915455
1394318,10.284486,8.7014885
1394319,10.386915,6.6528616
1394322,9.804361,7.159682
1394324,9.998312,7.0945864
1394325,9.110635,4.847552
1394326,10.959986,7.5255327
1394329,10.868811,7.737783
1394370,1.9751023,7.184184
1394375,2.8173962,5.8090205
1394379,0.8667504,6.5894213
1394380,1.4946686,7.579862
1394381,1.0617142,7.029338
1394383,2.145339,6.853059
1394385,1.2038325,6.8584647
1394386,1.6407834,6.841806
1394390,1.4151174,4.5498033
1394394,7.1149683,7.3898115
1394410,1.8438746,7.0231557
1394419,2.4623337,5.728074
1394420,0.47981936,7.2277846
1394421,1.7377928,6.836418
1394422,1.8046874,6.9272914
1394423,1.1473832,4.9118824
1394424,2.3018734,7.866476
1394425,1.2728201,6.352593
1394426,0.99715453,6.852308
1394427,1.2424445,4.6639714
1394428,1.3836412,6.8538704
1394429,2.4250605,4.3894153
1394431,1.0806754,7.110678
1394432,3.3658812,4.972926
1394433,6.3835435,5.0555005
1394435,2.4665413,8.159229
1394441,2.2532692,7.925203
1394449,1.9972255,6.968206
1394451,1.9178123,7.057166
1394452,1.0043448,7.33061
1394454,1.6773344,6.715306
1394455,4.518534,9.494328
1394456,1.9432148,6.966279
1394457,1.9709686,7.123788
1394467,9.561789,5.159821
1394468,9.617497,5.5471826
1394470,9.285943,4.774563
1394471,9.04341,5.2722187
1394474,8.309799,4.684266
1394476,9.6593275,5.5397573
1394477,9.495629,5.4408817
1394478,6.840142,5.596526
1394479,7.0242662,5.7633805
1394480,9.783854,4.639432
1394483,9.525629,5.5871587
1394484,8.308484,4.3539333
1394487,8.677389,4.371725
1394488,8.575351,4.189612
1394489,10.051963,5.536873
1394490,9.5478,5.5109053
1394491,8.634384,5.431192
1394492,9.530908,5.531819
1394493,9.478685,4.943444
1394494,9.3837185,4.991746
1394495,8.999755,4.893651
1394496,7.674128,5.4766626
1394497,9.410123,5.811621
1394498,9.056617,4.876583
1394499,6.9805856,5.697115
1394501,9.549043,5.3425665
1394502,6.568067,5.840071
1394503,7.1572595,5.648501
1394505,4.5022244,6.3148293
1394506,9.4814625,5.234195
1394507,9.511624,5.582889
1394508,9.430226,5.5037813
1394509,9.470513,5.503591
1394510,8.848353,6.459655
1394515,9.73321,5.1464715
1394518,6.8118405,5.860315
1394522,9.013018,5.371384
1394523,9.598773,5.6923327
1394524,8.112936,6.375811
1394525,7.004079,5.7653837
1394526,8.801343,4.532941
1394527,8.805824,4.4783607
1394529,8.581973,4.034398
1394530,9.939861,5.5429974
1394532,8.147146,4.8245234
1394533,7.0822554,5.7893243
1394534,9.332295,5.038314
1394535,6.3760195,4.8320675
1394536,9.476348,5.581987
1394537,8.251493,3.9431453
1394539,7.709415,5.441656
1394540,7.0475626,5.9382615
1394541,9.377111,5.797788
1394542,8.78088,5.255258
1394555,1.2273153,6.2755857
1394556,7.4708104,1.6843705
1394557,6.205384,1.2141005
1394559,6.41904,0.5525321
1394560,6.201272,1.4753221
1394561,7.6168895,2.0236583
1394563,6.664796,3.5822525
1394564,7.2089024,2.6072648
1394565,5.0391173,2.755222
1394566,8.621955,0.5453145
1394567,4.931779,1.8480408
1394568,8.7845335,0.44256207
1394569,7.6320453,1.0815897
1394570,7.4698415,1.8741425
1394571,5.4571037,10.444489
1394572,7.288869,1.1192274
1394574,7.9222345,0.81438196
1394575,6.8439684,2.426307
1394577,1.715679,7.0185857
1394578,6.0648646,6.5717125
1394580,8.108797,1.6445979
1394586,8.816814,1.1668776
1394587,6.8173714,0.94846356
1394588,7.8287354,0.71377516
1394589,8.600914,0.6017244
1394590,8.087415,1.6482339
1394591,8.88697,2.2029593
1394592,5.905832,0.26962507
1394593,5.8019285,1.4819121
1394594,6.9498334,2.3171873
1394595,7.290705,2.1049364
1394630,2.8445034,7.5428834
1394632,1.3918406,4.5849776
1394633,5.5204544,6.6036735
1394634,3.775112,6.182251
1394635,6.5129223,7.326504
1394636,2.1619728,4.623415
1394646,8.8312,0.42779016
1394647,8.158128,0.63274455
1394648,8.8329525,0.45755517
1394649,8.85239,0.31238112
1394663,8.997114,0.48798394
1394664,8.728348,0.4323895
1394665,8.837982,0.40364122
1394666,8.879393,0.3132713
1394667,8.726427,0.43409136
1394668,8.292124,0.6540644
1394669,8.645773,0.44515178
1394670,8.840935,0.364921
1394671,7.8603106,0.7191817
1394672,7.611674,2.4850314
1394673,8.446909,0.44621265
1394675,5.8161163,1.3641813
1394676,6.401241,0.45138535
1394677,5.8636837,0.27049148
1394678,5.7967963,0.35141227
1394679,5.8306904,0.25572604
1394681,5.876845,0.21923144
1394683,3.3506334,1.6850177
1394684,5.7719927,0.27595115
1394685,6.137246,6.344108
1394686,6.147218,0.5944417
1394687,6.3258266,0.50831723
1394691,7.2288857,0.7184397
1394693,6.153724,0.44452342
1394695,5.940716,6.1909094
1394696,4.5753593,4.1401815
1394697,6.327336,6.948762
1394698,6.133461,6.3669305
1394699,8.284052,4.1923113
1394700,9.094124,4.2751513
1394701,9.554702,7.8075824
1394702,9.318631,5.5927696
1394703,9.024157,2.3269844
1394705,9.094988,2.5764337
1394707,9.246858,2.0268369
1394708,8.173292,3.6408262
1394709,3.987887,5.2058716
1394710,6.6402726,0.8997612
1394711,8.585357,1.5631464
1394712,1.5888371,6.1028924
1394713,8.032097,1.5267226
1394716,3.7595212,5.264801
1394749,4.6512733,4.143012
1394752,5.4237785,10.46614
1394754,6.8733063,5.7186017
1394764,1.1473252,7.511402
1394766,1.1871287,5.886039
1394769,2.4663274,7.960521
1394772,2.4027612,8.28562
1394773,4.6154623,5.1522746
1394776,2.7190197,7.80669
1394779,2.3720076,8.270789
1394781,8.165378,1.5983425
1394782,7.959101,1.7946275
1394784,3.3860397,6.8163676
1394785,3.5723825,6.9686527
1394786,3.3026078,6.7069116
1394800,2.2757497,3.36965
1394824,4.3154125,7.5933566
1394825,3.7786524,5.4602866
1394831,1.5662466,5.885888
1394832,2.9194863,5.427161
1394833,1.3459164,5.4634
1394835,2.1976175,5.890215
1394836,1.1864043,4.964224
1394837,4.4463706,4.612021
1394838,2.1742103,3.8557162
1394839,2.1908987,5.758319
1394841,4.6432977,4.5780993
1394842,4.6436367,4.592242
1394843,1.2010102,4.8185177
1394844,2.0574899,5.989539
1394845,0.8524995,7.330665
1394846,3.0206208,5.5992565
1394847,2.1120534,7.7615905
1394848,1.5217278,6.5429635
1394882,5.616725,6.870113
1394883,6.062937,6.3262477
1394959,7.5271034,0.9150759
1394960,4.446221,4.0405855
1394961,9.273114,1.858321
1394962,4.5757504,3.8320296
1394992,6.9278555,5.942757
1395028,8.156227,0.9523105
1395030,6.887861,2.1530383
1395031,9.739729,4.455888
1395033,5.94339,2.1040425
1395034,4.991677,3.1088448
1395039,9.685293,4.6292253
1395040,4.1214075,1.6084795
1395042,2.3810494,3.5178401
1395045,9.020248,1.6072105
1395047,9.380382,4.6910744
1395049,7.481979,1.8628292
1395050,7.275713,1.7128336
1395051,9.285578,3.4039795
1395052,9.920349,4.6241555
1395053,6.893294,3.5228622
1395055,6.6763062,1.9277166
1395059,8.774468,1.9674006
1395066,9.246604,3.0143287
1395068,8.780452,1.9769897
1395074,4.3410544,6.021123
1395075,4.879955,6.689218
1395076,4.595649,5.6949515
1395077,5.178258,6.913803
1395079,4.3065248,5.9463277
1395082,2.3925285,6.863597
1395083,1.852699,6.255163
1395086,5.480244,6.2609377
1395090,6.497166,7.1934795
1395091,4.8667192,6.9169006
1395099,1.4078135,4.3850536
1395102,8.593485,6.571471
1395116,5.387454,9.907688
1395118,5.818365,7.5757093
1395119,9.346039,9.422446
1395120,3.5079374,5.79452
1395121,9.343057,10.243199
1395122,5.6505866,9.881268
1395123,8.087986,5.630757
1395124,8.177534,3.7411556
1395125,8.127068,9.14382
1395127,6.1579447,8.442599
1395128,6.717989,7.850176
1395129,2.5340614,7.584073
1395131,9.9957485,9.083085
1395132,4.279614,5.1387224
1395133,3.681761,7.171334
1395135,9.2361355,2.7794416
1395138,6.4346,2.3670382
1395139,9.23663,2.8029313
1395141,7.647116,7.443242
1395143,8.875388,10.970346
1395144,4.417096,7.8889713
1395145,9.854212,8.2217455
1395147,6.577686,5.2133093
1395148,4.4539595,5.762664
1395149,9.621913,8.132594
1395152,9.804011,8.100625
1395153,5.735345,7.656556
1395154,3.6694252,7.1692457
1395155,9.828659,5.412087
1395157,5.2142878,3.3290577
1395161,9.339852,2.9841423
1395162,9.016192,5.0914907
1395163,6.508045,0.7495591
1395164,6.833636,1.2142177
1395165,7.5473323,2.3995414
1395166,8.817599,7.5060477
1395176,7.224287,1.7926995
1395178,4.8546934,1.2850115
1395179,4.7855926,1.8187888
1395180,4.225461,3.269563
1395181,4.865897,3.290517
1395182,4.7497463,1.2708297
1395183,7.0580506,1.9465749
1395210,9.276789,1.009435
1395211,9.735819,4.840587
1395212,8.511877,5.295308
1395213,9.985647,5.577805
1395215,9.579517,4.9895716
1395216,9.293054,4.551388
1395217,7.873898,5.139821
1395218,8.842861,5.514276
1395221,9.007573,4.9624586
1395222,6.4499226,6.2212915
1395223,6.808298,5.9905076
1395225,1.846026,4.1286106
1395226,6.780945,5.5861845
1395227,9.576825,5.25259
1395229,9.625327,5.245253
1395230,7.1076164,6.9702253
1395231,4.5160837,4.961507
1395232,9.3755455,4.8115983
1395234,5.3053145,3.5820765
1395235,6.777492,1.4244692
1395236,3.807004,2.2394292
1395237,7.8527603,1.5809209
1395242,8.131974,2.809517
1395243,7.5658035,2.5909395
1395246,7.0545135,3.114605
1395249,8.650888,0.6916087
1395251,7.112338,1.9869834
1395252,7.6720243,9.224747
1395253,7.4818172,1.7592999
1395254,3.160944,3.807305
1395255,7.9298396,0.78749335
1395256,7.06639,8.994459
1395257,10.766011,7.3061686
1395258,7.722538,9.283751
1395263,4.0337515,4.5996675
1395265,1.7928675,7.495233
1395267,6.9591823,5.808206
1395268,2.821483,8.043295
1395273,1.4854674,6.091327
1395274,4.049994,5.1188297
1395276,4.555798,5.5956035
1395287,1.2252183,6.934014
1395298,7.4492435,9.3653145
1395301,5.9651556,1.1112562
1395302,10.317424,5.9709244
1395303,2.7940633,3.0898223
1395304,8.95961,2.419348
1395305,5.5100713,1.0920521
1395307,7.2478185,1.706829
1395309,5.44926,0.6388323
1395311,7.402135,0.7975926
1395312,9.990323,8.774395
1395314,8.011329,1.6745065
1395328,5.8986096,1.3352362
1395330,5.072079,7.775247
1395332,4.9496675,7.3147626
1395333,7.3190312,9.321041
1395335,7.484641,8.459412
1395336,4.9506135,7.382959
1395340,9.27837,9.722097
1395343,7.465933,0.9275458
1395344,7.7057414,9.4678755
1395346,7.088883,8.943595
1395347,6.7904286,7.491125
1395348,8.006089,8.9217205
1395350,4.022009,4.916581
1395354,6.8524776,5.9429073
1395355,8.5115385,5.4765334
1395356,9.097748,5.2530212
1395357,9.837591,5.6581197
1395358,9.395692,5.3266015
1395359,9.8099985,4.809475
1395360,7.9099374,3.7599971
1395361,9.312997,4.919309
1395362,6.7960963,6.799772
1395363,7.336258,5.637166
1395364,7.4341836,5.8009624
1395365,8.385584,4.157825
1395366,8.372064,4.1438155
1395368,9.506479,5.139178
1395370,6.410496,5.086597
1395371,9.181309,4.300378
1395372,5.870759,5.2375903
1395373,8.9657755,4.7066417
1395375,9.223567,0.99674463
1395376,8.234548,3.9089696
1395377,9.444096,5.6622286
1395379,9.7341385,5.279502
1395380,9.395771,5.676927
1395381,6.461209,6.1323347
1395382,10.042605,6.5315385
1395383,9.537192,5.5755653
1395384,8.654774,6.5114594
1395385,7.211507,5.7914248
1395386,9.432848,4.814065
1395387,6.914535,5.7019944
1395388,9.987851,4.7402873
1395389,7.07667,5.8597045
1395391,4.8789563,6.840032
1395392,4.2950025,6.6142354
1395393,5.2854404,6.276498
1395394,4.0144453,5.253875
1395395,5.1360974,4.363509
1395397,5.0018797,3.2754946
1395399,4.809365,6.980319
1395400,5.802461,6.622063
1395401,9.80393,4.9868827
1395402,9.410101,5.1770873
1395403,7.7642083,6.470531
1395405,9.351785,5.590191
1395409,7.080955,2.4331684
1395410,5.1080475,3.5226645
1395415,4.975667,3.6714087
1395417,7.291935,1.1897922
1395418,6.205013,6.867409
1395421,4.2170024,6.4671264
1395422,7.391844,2.988
1395423,4.7153907,6.9475746
1395424,7.6259103,2.5257597
1395425,4.9240365,7.203187
1395426,4.5313334,6.8244762
1395427,1.4717857,4.1751604
1395428,4.8492603,6.7839403
1395429,5.1910996,3.3341777
1395430,5.7845325,6.439557
1395433,6.4263844,5.0407057
1395434,4.1019735,4.178386
1395435,5.346115,1.5282955
1395439,1.4351419,4.2036815
1395443,5.121733,3.4234827
1395444,5.0568333,3.6208594
1395446,5.023442,7.0479712
1395447,4.390144,6.5761843
1395449,3.656388,6.158776
1395450,4.5132947,5.83824
1395451,6.8598375,7.9991527
1395455,4.4039106,6.6814947
1395470,4.6146507,3.346459
1395475,6.680829,6.7888203
1395476,3.7166376,5.531133
1395477,6.9793363,6.0886197
1395479,5.069435,6.8320756
1395481,5.42523,10.491239
1395543,5.0473113,6.3467965
1395544,5.3214083,7.370615
1395547,4.5328054,3.3271143
1395548,6.475267,5.055664
1395551,4.0798745,4.7646384
1395552,5.1940365,3.2892742
1395554,5.5087533,6.1452413
1395564,4.208521,5.883262
1395565,4.569063,6.494112
1395566,3.9810054,3.8967624
1395569,6.4319882,5.0850844
1395572,2.6278691,6.964683
1395575,3.977744,7.203717
1395577,4.2095585,5.7185583
1395578,7.5526304,6.7265453
1395579,4.6932945,4.961293
1395580,3.8885,4.95069
1395583,4.7857637,5.6425204
1395584,4.0982094,5.2690706
1395586,4.3054338,5.282312
1395587,5.628781,7.8301964
1395590,4.917995,6.958769
1395593,3.8747554,4.933316
1395596,8.20815,7.2169423
1395603,4.602091,5.287216
1395607,5.652469,6.618428
1395609,5.6011877,6.337214
1395610,5.510056,7.2726474
1395611,4.9771132,3.4707258
1395612,7.2705297,6.9365273
1395613,9.578143,5.6549377
1395615,9.116405,4.768723
1395616,8.892851,4.233114
1395617,9.354958,2.348635
1395619,8.58765,6.1962442
1395620,9.312752,4.914052
1395621,9.662557,5.1061025
1395623,9.307906,4.762947
1395624,9.756468,5.305081
1395625,9.852876,5.818401
1395626,9.799637,4.9690924
1395628,9.5938015,5.5634255
1395629,7.912861,6.249535
1395630,8.565114,6.422097
1395631,9.638536,4.901337
1395633,9.92987,5.652929
1395635,8.212004,3.9255903
1395636,8.05831,5.6909885
1395638,7.3463206,6.624743
1395639,9.468505,5.7956033
1395640,8.418548,4.8029957
1395641,9.961719,4.717389
1395643,9.108352,4.6480913
1395644,8.990585,6.3935184
1395646,9.152966,5.1766963
1395652,9.226167,4.9838943
1395653,8.9738035,4.81814
1395656,8.87511,5.467281
1395657,9.0549965,5.3348722
1395795,4.2144556,0.7193189
1395796,2.9282506,1.8579838
1395801,3.3136165,2.2096257
1395802,0.91718715,6.9219575
1395803,5.1258793,1.1234846
1395806,4.166312,4.9715767
1395808,6.6747613,6.089502
1395810,0.56727755,6.290968
1395816,4.4231005,0.78431314
1395817,2.8054082,6.9075885
1395821,5.602022,10.353606
1395824,1.543936,4.2667623
1395825,1.1880361,5.7631764
1395826,3.0107605,3.9617064
1395827,1.8004458,5.5313816
1395828,3.6133611,3.082704
1395833,6.109873,0.47060886
1395834,6.7960114,1.6134006
1395835,7.926913,1.3662999
1395842,6.499845,5.1888065
1395843,6.850638,5.1270776
1395846,9.054827,2.156634
1395847,6.109109,4.9355555
1395849,9.16591,2.484547
1395850,5.190577,1.9783539
1395851,1.4127136,4.298092
1395852,2.8706896,7.6053333
1395854,6.6780953,5.2111063
1395863,5.905039,0.2011771
1395871,7.268023,0.21321902
1395874,9.013265,0.86947703
1395875,6.544912,5.1253514
1395878,8.888382,0.67091113
1395879,9.208926,1.8847257
1395880,8.989955,2.314894
1395881,8.164128,3.638032
1395882,8.989238,1.658541
1395884,3.5373616,2.5067449
1395885,9.105706,2.4678261
1395886,7.39125,1.6637733
1395887,8.380636,2.4016664
1395889,1.8117318,5.729192
1395891,5.9610476,3.2472653
1395892,9.470261,5.218592
1395893,9.556084,5.2398252
1395894,5.848504,0.65657014
1395896,6.4373875,5.3967705
1395897,7.1199636,3.412285
1395898,6.30488,5.01802
1395899,6.3700275,1.6273515
1395900,6.1497107,4.6601057
1395902,4.4266777,4.3525553
1395903,6.626545,1.6444851
1395904,9.44197,5.193226
1395905,7.7735443,2.4292016
1395906,4.787799,5.37605
1395907,6.376902,5.0909452
1395909,8.812606,2.323077
1395910,4.078876,4.282502
1395911,6.342836,5.0602336
1395912,6.2716265,4.93184
1395913,6.3090277,4.9016542
1395969,9.393631,4.947813
1395970,3.4089167,4.4964113
1395971,6.4589863,5.104285
1395972,8.569754,2.2664056
1395973,6.297929,4.97284
1395975,6.1666937,5.000305
1395976,2.9140117,7.4666104
1395977,6.559785,5.215569
1395978,4.7239633,5.6001573
1395979,10.99614,7.2922807
1395980,6.4202466,5.077221
1395981,8.85628,2.2375867
1395982,4.438525,5.5908823
1395983,9.863456,4.651203
1395984,5.3661847,1.4847766
1395985,6.32919,4.8778734
1395986,7.663855,1.3757229
1395987,6.818682,1.8883512
1395988,8.637578,0.5105799
1395989,8.468039,0.37589455
1395990,8.70589,0.44980037
1395991,5.26388,3.4262767
1395992,10.124827,7.2581534
1395994,9.967932,7.0123987
1395995,6.2136583,8.156716
1395996,7.4480453,1.9325925
1395997,7.7619977,1.7519099
1395999,9.143853,0.6873662
1396001,4.55943,5.632633
1396003,3.3762546,4.5003858
1396004,4.703354,5.527689
1396005,5.783929,6.107234
1396006,9.264419,3.4265487
1396007,6.444895,5.0894904
1396008,6.385057,4.9513993
1396060,5.085983,4.2881656
1396061,2.4269469,4.2141914
1396062,6.282159,5.0222626
1396063,4.93997,5.6415644
1396064,7.8211975,1.999141
1396066,9.700709,4.081189
1396067,10.118299,6.5915594
1396068,10.730184,7.333856
1396069,9.724681,4.404821
1396070,8.1141815,2.1061108
1396071,10.281801,6.627055
1396072,9.730463,4.3998647
1396073,9.201536,0.78444844
1396074,5.579998,6.497131
1396078,9.137613,2.265485
1396080,3.1222692,6.426606
1396083,3.8943868,3.7148478
1396088,3.8708959,3.231539
1396090,8.757238,2.6468644
1396091,4.041422,3.4578938
1396093,5.2459083,8.228501
1396110,8.336806,0.5964433
1396111,4.4159565,3.884222
1396112,5.0742655,3.7156446
1396113,6.6992564,1.0146037
1396114,3.7909863,5.9827347
1396115,7.147956,2.08118
1396119,4.6930118,1.8913677
1396120,6.3500457,2.7910297
1396121,7.2923145,1.1941978
1396122,4.3217206,3.1220849
1396124,4.8672523,1.2833003
1396125,8.493564,1.0983092
1396126,5.015242,3.7242079
1396127,6.377893,0.63182664
1396128,7.7806892,1.1793449
1396129,7.759443,1.7913638
1396131,5.1328177,3.5646696
1396132,8.870687,2.4692676
1396134,6.3496394,1.6042538
1396135,3.3096206,6.8158946
1396136,4.5383368,3.612528
1396137,9.823893,4.533462
1396138,9.84362,4.532156
1396139,6.8192964,0.851134
1396140,7.0487976,1.1627363
1396141,9.683936,4.219993
1396142,9.76481,4.3525047
1396143,7.627119,1.581091
1396145,8.917912,2.498278
1396146,7.621474,1.8091317
1396147,5.6899333,4.9190235
1396148,7.429435,2.2690039
1396149,8.154162,3.5681853
1396150,5.0708504,1.8552848
1396151,7.9075785,1.3604854
1396152,6.756558,3.6152847
1396153,5.374427,0.82444894
1396154,8.347187,4.767526
1396155,5.0808926,1.8719813
1396156,7.778485,6.604499
1396157,7.2334995,1.021287
1396158,5.2400217,3.6691031
1396160,5.88565,5.950374
1396163,6.8853393,1.7657243
1396164,7.0230722,1.5447543
1396165,6.667032,0.8228452
1396166,7.419927,1.1471144
1396167,9.0416,0.9265543
1396168,7.5663724,1.2523886
1396169,6.91465,3.4610329
1396170,8.768045,10.195125
1396172,6.6457157,1.1975616
1396175,3.1945477,5.1890163
1396177,3.4919226,3.1712866
1396179,3.7009459,6.2112923
1396180,3.0196903,3.1030998
1396185,2.6825597,4.991196
1396186,2.944897,1.8833832
1396202,2.8652713,4.6351104
1396204,7.8106875,0.7302941
1396205,8.066204,1.4859277
1396207,7.040043,0.6677503
1396208,7.2487216,2.4544334
1396209,6.888967,0.787887
1396210,5.8811855,0.16802527
1396211,5.9375463,2.1778662
1396212,5.07544,2.405856
1396213,9.63979,3.9734242
1396214,8.01945,1.6022778
1396268,3.4230044,6.361124
1396269,3.1545327,5.6025214
1396270,2.9626472,7.3824134
1396271,2.9267967,7.507139
1396272,2.746361,7.108039
1396273,1.7401805,5.621532
1396276,6.4655986,5.105046
1396277,3.1101089,5.793371
1396279,6.859317,8.174966
1396280,1.3630872,4.324483
1396281,4.620105,5.7830834
1396282,2.575865,8.021361
1396283,4.148776,6.8828197
1396284,3.180004,5.448205
1396285,4.838609,5.2256193
1396287,2.2473123,6.8752017
1396288,2.2132006,7.6603527
1396289,5.0024457,6.9120655
1396290,3.7513113,6.3546696
1396291,2.7693958,7.3153577
1396292,5.964828,6.2041836
1396293,5.170094,6.759073
1396294,1.6913357,7.0719304
1396295,4.5684905,5.092187
1396296,2.512447,8.223938
1396297,2.5664144,7.513991
1396298,4.887984,6.162052
1396299,4.900554,5.611239
1396300,8.333229,2.5672061
1396338,5.42593,1.647986
1396339,7.5320263,1.7168397
1396340,6.76891,1.1481158
1396341,4.439883,3.7922277
1396342,7.255348,0.10854403
1396343,8.4246435,1.5593717
1396344,7.2093325,0.7418374
1396345,6.7879577,1.2960764
1396346,9.167808,9.287797
1396347,6.550975,1.3564711
1396355,1.5433893,7.272006
1396360,7.095559,6.025842
1396366,8.362776,4.163937
1396367,9.391778,5.5173507
1396368,9.3635435,5.1995735
1396369,9.542517,5.4649606
1396370,8.586822,5.1503983
1396371,8.16751,5.055534
1396372,6.650781,5.8694
1396374,6.3251553,4.880773
1396375,8.728873,4.8972616
1396376,9.328394,5.484667
1396377,9.393181,4.895476
1396378,9.741829,5.2641296
1396386,8.402541,4.1551137
1396387,8.364733,4.135084
1396396,8.746467,5.5550957
1396399,3.385146,2.214984
1396403,8.3193,4.163648
1396432,8.809093,5.2651243
1396448,8.074579,4.5733547
1396450,7.088784,1.3997514
1396452,6.6007814,3.4681504
1396454,4.211569,3.3971145
1396455,9.101804,2.2985117
1396456,4.172622,2.2299788
1396459,7.962894,1.8777072
1396460,9.107737,3.135124
1396462,7.7197375,2.5218437
1396463,4.6269617,1.8903651
1396465,5.497962,1.3787415
1396466,7.3016286,6.3016953
1396467,1.5544567,4.180102
1396468,5.5067196,7.9263124
1396469,1.6939048,4.150271
1396471,4.613825,5.0294805
1396472,5.3780513,7.9062386
1396474,5.387098,7.84222
1396476,2.282199,3.336169
1396478,3.9116602,5.0904655
1396481,2.8192866,5.93479
1396485,1.5299906,6.17503
1396490,4.2775702,7.0911517
1396493,3.6929624,5.817211
1396495,2.2587893,7.1410804
1396542,6.752097,7.575654
1396543,7.718198,8.985915
1396544,8.763128,7.1924887
1396545,7.2910247,8.02525
1396546,7.2999306,8.208982
1396550,7.94636,9.316104
1396551,7.6160007,8.695192
1396553,7.1717043,8.766997
1396554,10.088988,8.747336
1396555,7.2843685,8.189165
1396557,7.1791697,7.824605
1396558,8.206269,9.345478
1396559,7.303745,7.968185
1396561,6.735882,6.3992357
1396562,5.545696,8.452137
1396563,7.7709503,8.694269
1396564,6.344828,6.9376187
1396566,7.446303,9.254919
1396567,8.339869,9.040328
1396568,6.6843743,7.573156
1396569,5.522682,6.2563343
1396570,6.4639487,7.248243
1396572,7.1897593,8.836626
1396573,6.952348,8.926526
1396575,7.1798973,9.218384
1396576,9.143256,9.519349
1396577,9.896526,8.9331
1396579,6.7259493,7.563628
1396581,7.321225,7.9890084
1396582,5.0522337,7.2959023
1396583,5.098433,8.290493
1396584,5.500556,8.109549
1396585,5.65156,8.036412
1396587,4.702269,6.4354367
1396588,5.682374,6.514344
1396590,1.19927,6.404918
1396593,2.540374,8.235701
1396597,1.1130323,7.4570365
1396598,2.26818,7.6081796
1396600,2.6102488,8.433173
1396601,3.6378913,4.9493794
1396607,3.433817,3.1697743
1396609,4.890654,5.491043
1396611,5.0758195,5.699031
1396613,1.5918394,4.1433706
1396615,3.8733528,6.1382737
1396621,2.3930752,4.611183
1396629,5.561036,6.6867733
1396639,1.204692,6.258305
1396640,3.3378358,3.9593492
1396644,5.319595,7.5522695
1396647,5.827695,6.309134
1396648,2.8481057,7.1067834
1396659,4.350459,0.98923635
1396670,3.0104866,6.454839
1396676,3.2371893,6.8739605
1396679,3.6090493,5.9746585
1396680,3.669011,6.6460466
1396681,3.5729094,7.4324417
1396683,6.8091006,8.019938
1396684,5.7508926,6.173181
1396686,5.263649,7.5031757
1396687,3.4294872,6.5722632
1396690,3.5625095,5.908456
1396693,4.7198644,3.5066774
1396695,6.2683725,7.1756086
1396703,3.3131995,4.6750484
1396706,2.6900554,7.074366
1396708,1.8049107,4.0804935
1396712,3.1984363,6.8994584
1396713,2.6089857,6.737644
1396714,1.6466899,4.1552014
1396715,1.2491951,4.4790573
1396717,2.9258053,6.184737
1396718,3.6069276,4.9663763
1396719,1.4712266,4.1864104
1396722,6.3431926,6.948541
1396725,5.1788993,3.649555
1396729,7.5814066,6.698267
1396730,2.2353053,4.546967
1396734,4.0580263,6.5588408
1396735,2.6980972,6.861143
1396737,6.262568,7.2257166
1396773,6.7232614,6.7000327
1396774,5.915989,1.7228576
1396775,7.0663,1.4558333
1396776,7.8686876,5.5452514
1396777,5.5760717,10.411776
1396778,4.4659963,9.433147
1396779,7.5117717,7.931241
1396780,5.7585897,1.3543501
1396781,8.181869,1.5205053
1396782,6.86511,7.351214
1396783,6.9454136,7.6474614
1396784,4.485381,9.2706
1396785,7.5250554,6.6069136
1396786,6.5387955,5.9051113
1396787,6.9271793,7.21646
1396788,7.1402264,6.4244227
1396789,7.9151063,6.4384937
1396790,7.036941,6.4622235
1396791,6.1534047,6.5118613
1396793,5.952407,9.665229
1396794,7.5346036,6.5927615
1396795,6.037735,1.9924884
1396796,4.7110577,3.848256
1396805,3.8312232,3.88257
1396806,3.4405766,3.5905395
1396832,5.048928,1.7419713
1396844,4.6384125,1.907354
1396877,5.2604885,0.68847644
1396883,2.5525663,7.9044647
1396884,2.4059968,8.060354
1396885,2.379563,4.133237
1396886,2.3635824,7.737709
1396887,6.019288,5.9971595
1396888,1.192848,5.945826
1396889,6.983122,3.19053
1396890,2.522381,8.30618
1396891,1.1621875,6.2247095
1396893,5.3389735,9.64759
1396895,4.129756,7.2911057
1396896,3.0062625,4.764302
1396898,1.5465952,4.116581
1396902,2.9032347,7.150968
1396909,5.262701,6.164773
1396911,0.98632115,6.127844
1396912,1.7289532,6.5332336
1396916,4.637774,3.6146786
1396917,5.0118284,1.8037659
1396918,2.5216901,3.758441
1396919,9.069016,0.9335318
1396920,7.476749,1.7003024
1396921,5.072615,3.4448438
1396922,8.435128,1.0428799
1396923,4.5536,2.516874
1396924,4.174966,2.7026572
1396925,6.722345,1.578587
1396926,5.7013483,2.1548736
1396927,5.3826375,2.7723556
1396928,7.7876034,0.7124092
1396929,7.1420636,0.6100433
1396930,7.774128,0.7155856
1396931,6.5659595,1.0895495
1396937,5.007077,1.0457822
1396938,5.484366,0.74606705
1396939,3.4426708,3.6353443
1396940,6.7069974,1.1301804
1396942,5.9406333,1.114488
1396952,10.4955015,7.5163536
1396953,5.20551,8.105007
1396954,8.860138,4.427185
1396955,6.771061,9.477482
1396956,9.039891,2.6496022
1396957,7.4167924,9.265383
1396958,5.6817765,2.8651814
1396960,9.077651,2.041223
1396966,9.106621,0.8836699
1396967,9.505649,7.9567037
1396968,8.876325,2.3214002
1396969,9.367137,1.5140426
1396970,8.544166,0.7917722
1396971,5.9682703,0.124445386
1396972,9.851262,6.877088
1396973,2.6961815,7.200402
1396974,3.1136808,7.676717
1396976,1.2014748,7.0489454
1396977,2.6124651,8.486053
1396979,2.7154603,8.479108
1396982,1.3010658,7.0599585
1396983,0.7554087,6.7694454
1396984,5.0067773,9.203216
1396985,2.7207258,7.7693706
1396988,1.0479397,6.9885592
1396997,3.6215022,2.9068136
1396998,6.7052917,1.6401811
1396999,10.2900505,7.893647
1397000,8.905209,2.4395792
1397001,7.9752684,5.2323885
1397003,9.081302,0.9406794
1397005,5.928114,2.1960545
1397007,6.942103,0.88264555
1397008,6.025373,2.010391
1397009,5.9247537,3.2803545
1397010,4.7713056,4.5838976
1397011,5.11406,4.24456
1397012,3.1805844,3.8145456
1397013,8.01943,1.5632218
1397014,5.7307625,1.5233276
1397015,4.778755,1.8355145
1397016,5.453625,2.3752115
1397017,6.8372183,0.70016366
1397044,9.182133,2.4420614
1397064,6.5727015,0.50751346
1397065,6.124328,1.8449218
1397066,6.3301344,1.1116071
1397067,6.1134224,0.802694
1397069,6.079223,1.9645913
1397075,4.046342,5.226303
1397077,4.0674024,2.320717
1397086,9.303725,4.6348834
1397087,8.752108,4.656224
1397088,7.2965493,1.2971413
1397089,7.3636913,1.0524087
1397090,8.797717,4.6613917
1397091,3.1652746,5.667194
1397092,2.459752,5.7626595
1397093,4.280322,7.791576
1397094,2.6711023,7.4634657
1397115,8.698514,4.450474
1397116,6.9485917,1.3524317
1397117,6.9696517,1.4908382
1397118,6.205771,1.0180017
1397121,4.47504,5.001884
1397122,7.2334347,1.6971548
1397123,6.176154,1.8345742
1397124,4.811287,1.2330072
1397125,7.384071,1.8977023
1397126,7.2247105,0.13305673
1397127,8.109545,1.605801
1397128,4.87362,2.489982
1397134,6.8729243,2.1100073
1397135,6.8060894,1.961798
1397136,6.698513,1.6898472
1397137,5.4046016,2.791022
1397138,5.8491464,2.716207
1397139,7.9645824,5.1483865
1397140,7.080125,1.8084354
1397141,7.2176023,2.151632
1397142,7.82714,0.7436611
1397143,3.213469,3.9573302
1397144,6.5384026,1.6906168
1397145,8.705694,4.595041
1397147,6.7807093,2.07098
1397149,6.695347,0.76200986
1397151,6.4877996,1.99565
1397152,8.83668,4.701549
1397153,9.257961,0.86376077
1397155,7.7363553,1.7864597
1397157,8.043288,0.69874537
1397158,6.534879,1.8661355
1397159,5.2777867,1.7504613
1397161,6.0184584,1.3438638
1397163,7.606405,1.8878012
1397164,9.025497,0.91736937
1397165,7.485138,1.8581179
1397166,5.758509,0.44903222
1397168,8.786325,2.0219343
1397169,8.698756,0.6329502
1397171,4.184877,2.9943879
1397173,8.494087,1.095091
1397175,7.3270063,1.269281
1397177,5.7909293,1.1273607
1397179,4.6965313,1.9227853
1397181,7.166978,1.2530789
1397183,5.916886,0.23530836
1397184,7.8911514,1.5841631
1397185,6.732908,2.123403
1397186,6.795963,3.5233817
1397189,5.5306034,0.47332922
1397190,8.710411,0.7465027
1397192,8.686013,0.6437788
1397194,6.1273947,0.8336435
1397195,6.8718147,1.3627613
1397196,7.775992,1.1762302
1397197,9.051732,0.92047024
1397199,8.440532,0.6995395
1397200,7.4789157,2.3888228
1397201,6.8103786,0.7708935
1397204,9.247772,2.4028997
1397206,6.372427,0.11663174
1397212,8.665177,0.6931316
1397213,6.1822605,2.3181343
1397214,9.027239,0.89077175
1397217,6.546052,2.1178699
1397222,8.343948,0.6086115
1397223,6.692106,2.3185968
1397224,6.1438675,2.2806087
1397225,7.355003,1.1068839
1397227,7.665672,0.6817315
1397230,7.566044,0.8831968
1397237,8.78522,8.389813
1397241,3.376541,2.7163992
1397245,9.203197,2.5271814
1397248,5.4789968,1.4865389
1397252,6.989714,1.4357015
1397253,8.642508,0.60479647
1397254,6.409937,0.90898484
1397276,7.7818475,2.663601
1397277,5.1046524,1.7686996
1397280,4.20377,2.2384965
1397286,7.901222,1.6719283
1397289,7.294793,0.6186883
1397293,2.3232348,5.750951
1397294,1.7119286,6.1120744
1397302,0.70109653,6.1524196
1397303,2.2125366,4.3257856
1397304,3.449389,4.870205
1397305,4.350119,3.1252694
1397306,2.7422662,6.508773
1397307,2.1744368,4.419806
1397308,1.169514,6.164237
1397309,1.771442,6.2128034
1397310,2.0068395,7.443258
1397312,0.65273064,5.900759
1397315,2.5379493,3.213592
1397328,7.7354474,1.5115921
1397337,7.327259,1.6918818
1397342,7.4394116,1.0352212
1397343,8.906398,1.1044549
1397347,8.478434,1.1321781
1397350,6.692668,3.5679197
1397354,7.444422,0.6878752
1397356,5.59126,1.3933678
1397359,5.241902,3.0813136
1397361,8.995481,2.3864365
1397367,8.702716,0.6409307
1397368,8.712271,1.5942678
1397371,8.885131,2.4502864
1397373,1.3598764,7.5843143
1397375,8.970649,2.8515537
1397378,6.783089,1.6965305
1397379,7.783746,1.0376937
1397381,5.563739,10.420977
1397383,7.738887,0.96981007
1397384,7.9202223,1.0154543
1397385,7.582634,0.6341953
1397389,6.747851,0.64775425
1397390,1.1341218,6.5994225
1397391,2.8105893,3.0160565
1397392,7.2663717,0.682195
1397393,8.366532,4.068957
1397406,3.9623313,3.3180444
1397412,3.9760947,3.303822
1397418,6.104635,1.0526272
1397431,5.7807517,1.1475263
1397432,4.159905,2.2288005
1397438,4.233069,3.192568
1397442,3.682675,2.9322112
1397443,4.262125,2.888745
1397449,2.4686615,4.9122415
1397451,2.834146,4.47136
1397454,3.1814942,4.4775405
1397461,1.8736106,4.191021
1397473,0.8435801,6.5799575
1397475,4.656857,3.6571195
1397476,10.672214,6.7034464
1397477,7.2186065,9.71657
1397480,7.3567543,3.9459052
1397481,4.3225865,7.1888695
1397483,8.386588,10.578635
1397484,8.736452,4.680178
1397492,9.113002,4.7576895
1397495,8.953364,4.718822
1397500,8.141478,3.6232834
1397501,9.538642,4.1590137
1397504,7.730717,3.3244126
1397505,8.026593,2.7168772
1397506,8.686965,1.0719714
1397507,7.156249,2.955505
1397509,6.2297187,0.43752837
1397510,7.215631,2.061084
1397512,7.3374615,0.935011
1397517,9.111313,2.8140388
1397519,6.9559593,3.298862
1397530,6.3733354,2.2136464
1397556,2.332064,5.873378
1397557,4.590277,5.029938
1397561,1.6044387,5.547852
1397562,1.3568714,4.3973627
1397564,3.5144567,6.0281944
1397567,3.5535495,5.8724213
1397569,1.6064848,5.746321
1397570,6.07468,6.780086
1397572,2.0003202,6.1046214
1397573,4.365704,6.5075145
1397574,8.536626,5.390035
1397575,7.3406696,6.916225
1397576,3.6187606,3.0818138
1397577,3.3505838,2.2074375
1397578,7.0705256,2.0841422
1397579,6.6818767,0.8542912
1397580,6.937284,1.9684168
1397581,6.5713944,0.99463964
1397582,6.8886747,3.477343
1397583,5.8462267,7.6463075
1397584,6.7347393,0.9182
1397585,6.4968076,0.05070981
1397586,6.923584,3.517981
1397588,7.099754,1.1111419
1397589,6.494721,0.92668456
1397590,5.875739,7.5333505
1397591,2.1770835,7.1924357
1397600,5.485475,7.193097
1397603,2.5806963,6.9434934
1397616,6.329451,4.9119954
1397617,3.6962583,5.3347387
1397618,3.525169,5.3582406
1397619,5.019554,5.5872564
1397621,6.43383,5.095157
1397622,6.4935045,5.1441073
1397623,6.426058,5.0891423
1397624,6.451701,5.11736
1397626,4.5996466,5.5949893
1397628,5.215795,5.817166
1397629,4.886984,5.733015
1397630,4.5049458,5.603257
1397632,4.872964,5.5286584
1397633,2.399538,7.180333
1397634,6.267033,5.080467
1397635,5.0469055,4.9089036
1397636,4.9157214,5.699419
1397637,5.2588778,5.702936
1397638,1.7088996,5.4861
1397639,7.5029793,8.310506
1397640,4.6657577,4.8751082
1397642,5.5068264,2.5300832
1397644,6.08079,1.8418804
1397645,5.9471006,0.23895642
1397646,6.363558,0.53926176
1397647,6.875338,0.5282283
1397648,8.295904,8.771997
1397649,7.5131283,8.330109
1397650,8.031546,9.138792
1397651,4.107618,2.3310843
1397652,5.565564,7.9143624
1397653,5.7583456,10.301235
1397654,8.222221,9.8608465
1397655,5.8623424,1.8431767
1397656,5.966878,10.2734585
1397658,7.57271,6.771066
1397659,8.19611,9.335146
1397660,8.036744,7.74222
1397661,6.294705,8.282123
1397662,7.2828364,8.002243
1397663,7.360414,8.199552
1397664,8.062219,9.300966
1397665,5.913842,10.2222395
1397666,8.145697,0.3958387
1397667,9.199419,8.295512
1397668,7.792117,9.448143
1397669,5.879891,7.8256326
1397670,6.4838853,10.102678
1397671,7.4043336,8.135176
1397672,9.42575,8.255074
1397673,5.6744866,10.291384
1397674,8.785539,8.597073
1397675,7.473668,6.41647
1397676,7.5573225,6.703598
1397677,6.1294785,9.806917
1397678,5.576996,10.41676
1397679,7.337285,8.045783
1397680,7.1459136,7.891099
1397681,6.7598753,3.5724652
1397683,1.4566851,4.2884307
1397684,6.856623,0.32651532
1397685,6.6986256,0.7485454
1397686,5.802339,7.7561264
1397687,8.455673,1.6727263
1397688,5.725957,7.5564556
1397691,5.929158,7.6765504
1397694,3.2474163,4.6007023
1397698,5.106144,6.3114038
1397707,6.441001,1.8184098
1397709,7.234243,2.9012303
1397710,5.7642837,7.7300925
1397711,8.962343,3.4873998
1397712,5.1462774,3.2454796
1397713,5.463532,3.1548738
1397714,7.9556417,0.64570236
1397715,7.695679,2.5998023
1397717,4.8254876,1.5546952
1397718,7.795556,1.2796662
1397719,4.577612,5.030874
1397720,8.39403,1.400835
1397721,7.707872,1.705076
1397722,5.425345,6.106459
1397723,7.6360755,0.74564296
1397725,6.629727,1.0911301
1397726,8.03419,0.95378727
1397728,7.689087,1.4374676
1397729,7.5168614,1.3110433
1397731,7.9588094,4.9444056
1397732,8.939587,4.6085305
1397734,9.7040205,5.3700747
1397737,2.1133158,3.36083
1397739,3.5117307,2.764187
1397742,2.2536457,4.1647096
1397745,4.294792,2.8792531
1397747,3.550715,3.171128
1397749,3.318832,3.3607955
1397750,5.0933123,1.8927853
1397751,3.1724262,3.7679067
1397758,8.229414,4.731451
1397759,9.440826,4.9030633
1397760,7.9374614,5.0844264
1397761,5.475121,4.719737
1397762,7.9504423,4.910054
1397763,8.939597,5.7141356
1397764,6.1101136,2.2674332
1397765,9.154068,1.0135443
1397766,9.257178,5.9809437
1397767,7.904807,4.862093
1397768,7.6286626,5.6548305
1397769,9.28953,7.3134003
1397770,7.3436193,3.5082603
1397771,9.780153,7.436123
1397772,5.338463,0.7719858
1397773,6.8448305,8.881179
1397774,9.281371,0.9848421
1397775,9.307294,4.0594316
1397777,9.16929,10.646856
1397778,4.8796425,3.9896042
1397779,8.40274,2.1807232
1397780,5.9728703,8.374094
1397781,4.6505704,5.1693573
1397783,5.339826,0.72148955
1397784,5.1107726,7.9791894
1397785,5.803562,7.6804647
1397786,5.4529324,3.5312324
1397787,10.338745,7.274953
1397823,0.57823735,6.5485535
1397827,1.2928643,6.857545
1397829,1.6967915,7.1209736
1397831,1.8292031,7.1008067
1397833,1.6492484,7.1664143
1397835,2.0930676,4.3215337
1397836,1.4180278,4.8556147
1397838,1.3393253,7.00695
1397843,1.6916071,6.55532
1397844,1.3633152,5.8630304
1397845,2.1762776,6.8592997
1397863,2.552417,6.9187794
1397865,4.037039,5.367086
1397868,2.383098,7.1406193
1397870,6.2589574,6.6345744
1397871,5.3659616,6.9991393
1397873,2.9428284,6.848457
1397875,6.123951,6.534401
1397876,5.2486243,1.203312
1397881,8.5386095,8.188146
1397882,8.2359,8.092207
1397883,8.502697,8.2912855
1397884,8.414025,7.788324
1397885,7.2860374,7.941024
1397886,8.498533,8.145431
1397887,8.471437,7.954589
1397888,8.466827,7.962762
1397889,8.854792,7.908277
1397892,8.099722,4.460797
1397893,7.617074,6.280975
1397895,9.794227,5.5452557
1397896,8.993069,6.62265
1397897,8.967778,5.26819
1397898,9.518502,5.0981297
1397899,9.301039,5.2518754
1397900,8.082914,4.528123
1397906,9.237644,2.1872668
1397907,9.120117,0.95427865
1397908,8.55019,0.8047592
1397909,9.063678,0.8651533
1397910,7.753839,1.6291794
1397943,8.904815,2.346504
1397944,5.7102966,0.80816126
1397945,8.445889,5.513741
1397946,5.884946,3.196859
1397963,6.0577397,2.2484927
1397965,4.436656,1.0022514
1397966,5.545594,6.112523
1397967,4.4082174,0.6456807
1397968,4.3382764,0.75959116
1397969,5.189405,0.61242414
1397970,4.309391,0.82712656
1397971,5.1231666,0.9989356
1397972,3.3199444,3.8396661
1397974,9.013267,0.9458061
1397975,6.146487,4.86716
1397977,8.856886,0.69026583
1397978,6.854801,1.8570334
1397979,5.345635,1.4480371
1397980,5.4092946,1.52369
1397981,4.9561543,1.444326
1397983,5.275746,1.7118402
1397985,6.4872303,0.07268673
1397986,3.5445006,3.1311493
1397988,8.410967,8.329922
1397989,8.755906,2.5259502
1397990,4.0515623,2.2464213
1397991,4.145461,1.6446359
1397992,8.992558,3.6400518
1397994,6.330385,0.7792092
1397995,7.0905137,1.5394721
1397997,3.7042253,3.8224566
1398000,4.7659106,3.0253954
1398004,6.0084505,0.7391079
1398005,4.7042007,1.8714403
1398006,8.890592,2.4862
1398011,4.5022545,2.8952918
1398030,5.1874375,3.334234
1398036,10.281714,8.031387
1398038,5.813639,1.8407904
1398040,5.8023353,1.797742
1398042,6.9128933,7.4090204
1398043,9.65777,8.669184
1398044,10.121841,8.438135
1398045,2.911927,4.7789216
1398047,6.9557943,8.796791
1398048,7.9832287,9.007253
1398050,7.0799723,8.595858
1398051,3.6064591,7.0615187
1398052,10.920952,7.5662785
1398053,5.119504,5.328774
1398055,6.6207194,7.569708
1398056,7.1500716,8.408149
1398057,5.006798,8.480689
1398058,9.963039,7.214693
1398059,6.876845,8.874536
1398060,8.841716,7.9301085
1398061,2.8228364,7.9277606
1398062,7.0184383,8.918588
1398063,6.1137223,9.521888
1398064,7.090686,7.6584773
1398066,4.3283243,6.1463304
1398068,8.947941,8.807763
1398070,4.0072036,5.8465614
1398071,8.906313,8.867388
1398073,3.3292668,5.360842
1398081,7.258645,0.9513128
1398082,6.7139235,0.82544035
1398084,4.648031,3.4815474
1398087,6.4234753,1.3038874
1398088,7.0160446,7.784459
1398089,4.0787406,2.3688047
1398090,5.552758,7.7861733
1398091,6.9306684,2.0546527
1398092,4.990233,7.5336933
1398093,7.019274,1.4133611
1398094,8.470512,7.9674263
1398095,7.139165,1.3149529
1398096,7.417111,1.9252785
1398097,5.106616,7.7729616
1398098,5.943146,0.5679038
1398099,8.264042,7.360486
1398101,4.1416216,5.430703
1398103,8.818352,4.7398577
1398104,8.190753,4.8177147
1398105,8.336504,5.078293
1398106,8.752761,4.7314982
1398107,8.907928,4.5852346
1398108,9.383603,5.286152
1398109,8.698599,4.514858
1398110,7.9779463,4.8366184
1398115,2.031004,3.985238
1398116,9.940121,8.443976
1398177,10.689264,6.752132
1398206,8.674013,10.911451
1398207,8.834898,11.091204
1398208,8.784067,11.057366
1398210,8.51288,10.790483
1398211,8.806494,11.012389
1398220,4.8294897,2.9035268
1398221,8.931943,2.3188348
1398222,8.171083,3.5178452
1398223,9.472788,5.4824324
1398225,8.956194,2.2446015
1398227,9.266497,2.9002693
1398229,8.83372,3.6481035
1398230,8.179004,5.0931964
1398232,6.491787,3.5640314
1398233,9.120521,2.7269313
1398234,8.660204,3.7639532
1398235,9.19494,2.4983091
1398237,8.0357065,0.86371654
1398239,8.11698,0.7550183
1398241,8.96405,2.2357707
1398242,7.971254,4.3816066
1398243,8.802865,3.8793075
1398244,8.212256,3.6294482
1398245,8.270501,3.9145362
1398246,8.020988,2.8469594
1398247,8.2670965,3.1010702
1398248,5.9794507,0.09891648
1398262,9.228013,7.787808
1398263,6.3424754,1.1032933
1398266,5.894452,2.1883228
1398267,5.9488735,2.0783675
1398293,6.4309487,1.5755649
1398312,4.1768365,2.2840273
1398313,7.4973874,1.4129298
1398347,4.716863,1.8931159
1398348,8.854165,0.3401275
1398349,2.1708362,3.43164
1398350,4.7848034,2.0270753
1398351,4.2486663,2.48058
1398353,5.202634,1.3382218
1398354,4.973642,1.7604263
1398356,8.874356,0.32790834
1398358,5.0915565,2.7951589
1398359,3.9012232,3.8963609
1398363,4.953507,1.2819093
1398365,4.8404284,2.5581093
1398367,4.9322147,2.8599117
1398371,5.1153493,2.6928582
1398372,4.775164,1.860658
1398373,4.0164037,2.3190246
1398384,3.8880315,4.013698
1398385,3.078828,4.752279
1398387,9.808228,4.4849463
1398388,9.339281,4.044235
1398389,9.476084,5.762562
1398390,9.950393,4.579991
1398391,9.822356,4.7754445
1398393,9.667277,4.479012
1398394,8.1495,5.1487293
1398395,9.215859,5.8924356
1398396,9.764503,4.678359
1398397,9.544932,5.213567
1398398,9.814434,4.6484923
1398399,9.717873,5.6582885
1398400,9.953396,4.7509155
1398402,9.998486,4.7729964
1398403,9.597676,5.0218444
1398404,9.990525,4.697615
1398405,9.429431,4.620169
1398406,9.6752405,4.993155
1398407,9.830772,4.7568264
1398408,8.8022,2.6860642
1398409,9.938288,4.898754
1398410,9.89708,4.5670543
1398411,9.590934,4.5968556
1398412,9.204447,2.7750926
1398414,9.152201,2.6815984
1398415,7.0930657,1.7913222
1398416,4.181565,2.9568005
1398417,7.9772,1.524526
1398419,5.700548,3.5478537
1398420,5.414921,10.517266
1398422,4.4234147,4.039799
1398424,4.2932396,2.9995573
1398425,6.197566,2.330618
1398426,2.7464101,7.064092
1398428,6.062701,6.381369
1398431,5.095064,6.701509
1398435,1.4068096,4.223309
1398439,1.506274,4.1516213
1398440,6.9694853,7.839927
1398441,6.7892323,1.6945361
1398443,4.866549,3.7288969
1398445,9.019556,0.8324063
1398446,7.7711973,9.056459
1398449,7.0596676,8.348145
1398451,4.4899807,5.355866
1398452,4.2750278,7.1412735
1398453,6.8369493,7.4575777
1398454,6.9044538,8.703937
1398455,6.8320317,9.337428
1398457,7.204876,7.045233
1398459,6.611875,9.008853
1398461,7.8155694,8.7465515
1398464,7.2262564,8.062553
1398467,8.075392,0.39171964
1398468,9.327647,9.208759
1398470,8.985277,8.627517
1398471,8.208932,8.32394
1398472,6.820807,8.675173
1398473,9.206522,8.211222
1398474,7.2900586,8.096594
1398476,9.471728,7.969308
1398477,8.848948,0.39076158
1398478,0.989114,6.0418644
1398479,1.5899297,7.147848
1398480,1.1255237,6.2350874
1398481,1.1420807,6.4132385
1398491,0.7840861,6.6303687
1398493,1.0535028,5.9426537
1398494,1.1639516,4.871214
1398500,2.395251,7.080045
1398502,0.9979189,6.7156577
1398507,1.1506428,5.3064322
1398511,8.55191,0.62006515
1398512,5.0938425,2.3410878
1398513,7.7708974,1.6868819
1398514,7.828436,1.1145797
1398517,6.49759,1.6873842
1398519,1.4911902,4.2183886
1398520,6.5322924,7.2677107
1398525,5.447324,7.509776
1398529,4.764062,3.476647
1398531,4.195017,5.4923677
1398537,6.393008,5.162847
1398538,2.3699317,7.5202317
1398539,2.0530424,7.134502
1398540,4.814199,5.7424784
1398541,4.671363,5.8445587
1398542,1.3448635,6.9755354
1398573,2.1710324,3.7962646
1398575,3.4109912,5.538014
1398576,1.7331263,6.0188622
1398577,3.1629546,7.244533
1398580,1.5177579,5.8062057
1398585,8.891217,8.693049
1398588,2.5072553,5.5951214
1398591,1.5802679,5.5199056
1398593,1.2507286,6.5370297
1398596,2.397369,6.2293463
1398599,3.238078,7.321256
1398601,1.9508336,5.8166423
1398603,1.1804031,5.1585374
1398604,2.0013156,5.8078227
1398606,3.7888367,6.8932943
1398608,3.1460302,5.5728106
1398609,0.7478299,6.0754685
1398611,3.1591,5.190157
1398613,3.510707,7.1376886
1398614,3.0497782,7.428029
1398616,1.6000512,5.309502
1398617,7.449545,7.660251
1398619,4.675819,5.0246325
1398621,3.9339578,6.3151736
1398622,2.1844845,5.6733084
1398623,3.1121755,5.591507
1398624,3.2135973,5.80756
1398625,5.2593756,4.701955
1398627,2.261282,6.0176964
1398629,4.3828826,4.592104
1398630,2.5805311,6.7587695
1398633,1.743984,4.755598
1398634,1.3291337,4.7135963
1398636,2.1503866,7.0497274
1398639,3.9765236,5.7726393
1398640,5.8340144,1.5689906
1398642,8.821598,11.06901
1398643,8.156524,9.046927
1398644,8.520666,8.03908
1398645,10.018639,9.0030985
1398647,9.623895,7.6253505
1398648,7.9968185,9.220452
1398650,7.6234546,8.453333
1398651,10.357422,8.720336
1398653,5.823839,7.5699496
1398654,11.087679,7.3287005
1398656,8.504143,4.8304443
1398657,8.506656,4.7585125
1398659,5.9910374,7.9219337
1398661,4.453959,5.73746
1398663,6.8438954,8.550629
1398664,8.489529,8.104751
1398665,7.339528,8.001532
1398667,7.1875935,8.121391
1398668,8.375362,9.46526
1398669,8.823562,6.0078535
1398671,8.630275,7.403366
1398675,9.392595,10.280912
1398676,8.491819,5.4987764
1398677,6.920562,8.904868
1398678,8.436027,8.402814
1398681,8.928083,8.755451
1398685,6.0620437,8.907043
1398686,8.85957,10.858012
1398687,5.8428216,1.4892263
1398690,7.146368,7.854509
1398691,5.4079742,4.7562437
1398692,7.01545,8.792788
1398693,8.285344,10.434566
1398694,7.197398,8.853822
1398696,10.326595,8.088701
1398697,8.469043,4.647164
1398699,9.275247,3.696379
1398700,8.711595,3.8604074
1398701,9.602953,5.498164
1398703,8.920483,5.27297
1398704,8.807662,2.741532
1398705,9.052506,2.5202932
1398706,8.987086,2.5720842
1398707,6.1164103,0.94621825
1398708,8.189065,3.4659019
1398709,8.239787,3.9570384
1398710,4.7825427,4.4228306
1398711,8.8799305,2.2675002
1398713,7.8276286,3.070401
1398714,7.5411086,0.829163
1398718,4.131711,4.405102
1398719,6.3186245,6.8717256
1398721,3.5393388,5.511366
1398722,4.9805064,3.4103134
1398725,4.5254526,4.1298013
1398728,3.516984,6.1655455
1398730,2.4937239,8.080972
1398731,8.204505,0.7331203
1398732,4.509875,2.4086733
1398733,4.5529985,3.8505414
1398734,4.1965017,4.861036
1398735,9.168969,0.7887074
1398739,4.26809,3.1108108
1398742,4.700271,2.0046196
1398747,8.057033,1.4529183
1398749,6.3804383,1.3360785
1398752,7.1176667,1.3659204
1398755,4.8406334,1.2592043
1398759,3.4066815,3.4747052
1398763,5.7987113,2.2012055
1398767,4.6660423,2.579119
1398771,8.905345,0.33322108
1398778,5.6264863,1.348823
1398780,7.2881684,2.1769075
1398783,6.6867495,0.31695592
1398791,7.89459,1.3893025
1398792,7.582644,1.3312185
1398793,6.91842,3.4643304
1398794,8.756083,0.3779699
1398795,6.9855747,1.5970337
1398796,4.201441,2.2265096
1398797,7.2691593,1.4488776
1398798,5.1130767,3.472741
1398799,6.8028884,0.6055388
1398800,8.340052,0.76976603
1398801,7.78331,1.504984
1398802,6.417745,0.48740816
1398803,8.707129,0.6605681
1398805,7.214842,0.9379544
1398808,6.3616266,0.8921768
1398812,8.9162,0.3631373
1398813,6.2540183,0.39062896
1398814,7.5891848,2.7727878
1398837,8.291413,0.48254794
1398840,6.9064736,1.46466
1398842,8.36471,0.14448239
1398843,6.8866744,1.0200087
1398844,8.670018,0.5983647
1398846,7.7705207,2.6514497
1398849,7.9312615,0.6736158
1398851,9.201611,2.8063397
1398853,8.719786,3.323403
1398855,8.819811,1.4826382
1398857,4.65709,4.96005
1398858,7.77552,1.6401669
1398859,8.378803,0.1626641
1398861,2.869942,4.4718575
1398865,9.150769,10.360735
1398866,4.4905887,7.968277
1398867,8.59347,10.694933
1398868,3.1794243,4.381798
1398869,8.552195,10.772705
1398870,8.566349,10.754085
1398874,6.4014797,7.241455
1398877,4.8819566,6.1931834
1398878,4.140258,0.7450674
1398888,6.551431,3.6280725
1398891,3.6757133,5.20563
1398892,5.2267146,5.934116
1398894,4.163083,6.504645
1398915,7.1565638,2.1486955
1398916,5.3712397,10.560069
1398922,5.3338423,1.8082992
1398936,6.374282,0.53135425
1398937,6.9462953,0.79203
1398938,8.77267,2.311995
1398939,4.552806,2.8767238
1398948,1.8240942,5.6833735
1398949,1.6916294,5.569753
1398951,2.1576624,5.9630947
1398952,1.3225291,4.864163
1398954,1.4496431,4.582941
1398955,1.3208524,4.3930826
1398957,1.3230246,6.408404
1398964,7.350162,0.8716639
1398965,6.927672,1.323756
1398966,5.95728,3.2579608
1398967,8.2520895,0.9112614
1398968,8.961168,2.438565
1398969,9.40384,3.279862
1398970,9.121712,2.5005262
1398971,7.543068,0.48710448
1398972,5.8904047,1.37114
1398973,6.619223,2.056904
1398982,1.7074388,3.9083622
1398983,4.0361176,6.407003
1398986,4.4938006,4.0762877
1398987,4.214978,5.751792
1398988,4.77086,4.593869
1398989,3.0045414,7.0325937
1398993,4.479991,4.027563
1398994,3.0243516,6.4145966
1398995,3.7610672,4.484361
1398996,3.8529913,5.744752
1398999,6.4687634,5.431567
1399000,2.1104782,7.296164
1399002,3.6168816,4.566182
1399003,5.108383,3.5576727
1399007,2.010338,6.695091
1399008,2.8566968,3.066455
1399011,3.848855,5.199837
1399012,2.608357,5.7067604
1399015,2.7886968,7.047575
1399016,1.4249855,4.677368
1399017,1.1606656,6.498379
1399018,0.4273634,7.087991
1399019,3.6934824,2.9345744
1399020,1.1481949,4.910477
1399021,1.4207141,5.916654
1399022,2.0677197,4.532076
1399023,0.8561942,6.2618823
1399024,1.1241949,5.198419
1399025,2.5552187,5.937654
1399027,3.1411421,5.605547
1399028,1.1677958,4.8553843
1399030,1.7640786,6.0520115
1399032,1.0998843,4.9439545
1399034,1.923139,5.6239057
1399038,1.358736,5.961551
1399039,0.96914554,6.685327
1399041,1.272143,6.0893464
1399043,1.4071023,5.61313
1399044,1.1403278,6.8924217
1399045,2.4980233,5.449436
1399046,1.5753838,5.79972
1399047,7.130798,8.010545
1399050,3.1817055,4.8956256
1399051,2.7785077,7.3324804
1399053,5.070288,7.227298
1399056,4.466283,6.803769
1399057,2.2570868,6.8026323
1399058,4.071819,6.489815
1399060,2.8088136,7.081505
1399061,3.9787579,5.064321
1399065,2.664032,6.3513613
1399066,2.8613524,6.2341857
1399070,3.4760473,6.249471
1399072,2.0970037,7.3934174
1399073,6.325932,7.0138764
1399075,4.12227,6.3293867
1399076,2.4863064,3.7648044
1399079,2.330877,4.325586
1399080,4.5806856,7.2412367
1399081,4.541765,5.0141754
1399082,2.949573,1.8850075
1399088,4.481737,4.9893928
1399089,0.48304433,7.1841025
1399090,2.5738945,5.5973196
1399091,2.3451066,6.4885726
1399096,6.112818,6.5270305
1399097,2.331398,4.2909384
1399100,5.042561,7.1755376
1399101,5.232912,7.4300737
1399102,2.3675952,7.947955
1399103,2.0205932,4.556455
1399104,2.1703792,4.4358206
1399113,1.215669,4.7403607
1399116,0.53385735,7.0088587
1399144,5.333606,6.256235
1399147,3.0243807,3.379778
1399148,4.9339848,7.7161465
1399149,3.3091345,5.865692
1399162,6.17461,6.5026574
1399164,3.3258233,6.788969
1399166,1.7921453,7.389957
1399169,3.3750155,6.0512643
1399170,8.463336,10.766897
1399171,8.815421,11.031827
1399172,4.9003425,1.7503941
1399173,8.717134,11.022085
1399175,8.867522,11.13941
1399177,7.8063087,2.6550808
1399178,7.913457,1.04973
1399180,7.650418,1.2921495
1399181,8.656579,8.693264
1399187,4.840315,6.878316
1399189,4.4688053,3.4707892
1399190,4.090097,4.168819
1399193,4.692336,6.9593077
1399194,4.6856575,5.5722113
1399196,3.77334,5.311593
1399197,5.0882363,3.6324272
1399199,5.050527,3.2130327
1399201,4.6691422,6.6680865
1399203,5.108317,4.501734
1399206,7.087918,3.0901413
1399207,6.8247905,8.948704
1399208,6.0564184,0.89082444
1399209,7.665575,9.118808
1399210,4.0201387,2.3788135
1399211,4.8183584,1.8553963
1399212,8.422179,8.009278
1399213,6.4489756,8.210796
1399214,6.866013,2.9257784
1399216,6.5370216,0.67804307
1399217,4.44573,4.0083256
1399224,5.4148483,6.1206713
1399226,3.974277,5.612445
1399227,6.6531296,1.7538682
1399228,2.1326926,4.467596
1399229,6.0960007,6.497048
1399230,3.7623549,6.296937
1399237,7.407938,1.1421326
1399239,4.027753,2.2807403
1399241,4.060228,2.2473621
1399242,4.0655847,2.2502954
1399243,4.0694246,2.2733622
1399245,7.3505154,0.14912273
1399247,3.893377,2.4720733
1399248,7.4359,0.19368559
1399250,4.0255604,2.2502105
1399251,1.3868009,4.38095
1399253,7.5918355,1.5769786
1399255,8.103434,1.5094011
1399256,7.131084,0.19690143
1399258,7.4874177,0.53051335
1399259,3.0273628,3.578464
1399260,4.0246234,2.7320113
1399261,7.4548774,0.14872903
1399262,4.2709756,2.840919
1399263,7.536396,0.80837643
1399264,3.8695529,2.5156367
1399265,3.949251,2.7015653
1399266,7.17573,0.77418613
1399267,6.4154797,1.0019774
1399268,6.651994,5.960403
1399306,1.2455187,5.7616353
1399307,1.1591383,5.9480367
1399321,5.7352576,10.346364
1399322,5.58466,8.096927
1399337,5.7331705,7.718084
1399347,4.320615,1.0340142
1399348,3.5861828,5.574949
1399350,4.170026,0.6972099
1399352,6.82884,1.0764788
1399353,4.296816,0.74903655
1399354,4.1903434,0.6723226
1399356,4.4978886,0.8368854
1399357,4.291696,0.81115836
1399358,3.070044,3.73154
1399359,4.1524696,0.646089
1399361,4.321565,0.8662621
1399362,4.4514065,0.9623463
1399365,8.252812,0.82416135
1399392,3.9935024,4.8716464
1399393,7.06682,1.5716835
1399394,6.9880133,1.6611404
1399395,6.031497,0.18145156
1399396,7.082948,2.2158291
1399397,3.3167005,3.8244398
1399398,7.097354,2.1909287
1399399,5.25159,1.8098724
1399400,7.606232,0.98783493
1399401,6.9914517,3.1319256
1399402,7.0166297,2.4489594
1399403,6.6618423,2.276781
1399404,6.8879123,2.2020478
1399405,6.9371114,2.7295935
1399406,4.738299,1.9232258
1399407,7.2008505,1.0601946
1399408,5.7942286,1.0406065
1399409,6.597674,1.7011801
1399410,6.6726303,1.0776201
1399411,7.6368814,2.2828526
1399412,4.705728,3.5066109
1399413,4.7243824,2.0151947
1399414,4.213255,1.5723261
1399415,8.723209,0.4683008
1399416,5.1356487,2.2348733
1399417,4.7661085,1.923786
1399418,7.663167,1.6628271
1399419,3.2475152,3.7859068
1399420,4.7055287,3.1871297
1399468,8.834352,0.41007975
1399469,8.480345,1.0465226
1399470,6.654322,0.78315514
1399471,8.804594,0.44067904
1399472,8.586981,0.6045528
1399473,8.009425,1.2282197
1399474,8.567578,0.5875143
1399475,5.203478,3.175239
1399476,4.6896772,2.236451
1399477,8.004659,1.609044
1399478,7.59675,0.74432856
1399479,7.9565473,0.8455033
1399480,8.298551,1.0072266
1399481,5.8250384,0.2213036
1399482,7.2807326,0.11182831
1399483,7.5620937,1.4798671
1399484,8.029961,0.83436185
1399485,7.4316945,0.16744216
1399486,8.251524,1.0361245
1399487,8.966846,0.3576014
1399488,7.3813176,0.20056099
1399492,8.982696,4.039814
1399493,9.091637,3.6391616
1399494,9.582825,3.5708175
1399495,8.980121,3.5974169
1399496,9.585454,3.5177963
1399497,7.5002913,3.0495367
1399498,8.851583,3.5079837
1399501,7.429858,1.135468
1399503,4.7950106,2.0191033
1399504,4.031118,3.9495754
1399505,6.8577085,3.492706
1399521,7.3624725,0.38794795
1399522,8.52669,2.0350547
1399523,3.7380106,3.3325503
1399524,4.6931305,3.3778942
1399525,3.1988676,6.616557
1399526,2.835432,3.5426555
1399527,4.656505,3.4328876
1399528,8.439177,0.9676582
1399529,4.1201973,1.608215
1399530,3.9564846,2.0769007
1399531,3.4768143,2.6061206
1399532,3.1218307,3.7130682
1399533,5.0546784,1.2284236
1399534,4.583682,3.0774457
1399535,3.7500546,2.6075423
1399536,2.4156988,3.4327855
1399537,2.3094063,3.4837067
1399538,2.4904315,3.102815
1399543,1.707437,5.4893003
1399557,0.49070027,7.0179505
1399565,2.6117494,4.1201158
1399571,0.3673306,6.928074
1399575,2.9405658,4.148864
1399576,0.6654617,6.822983
1399577,0.5466702,6.688151
1399578,0.43150765,6.6746902
1399579,0.58342403,6.972408
1399581,0.6102265,5.9574785
1399582,1.1713198,6.140321
1399584,2.5546925,6.652173
1399586,3.4739127,7.3036246
1399587,4.8495855,5.59085
1399589,6.2322617,4.9858785
1399590,1.7509689,7.417558
1399591,5.877672,6.6049695
1399593,1.6812418,7.3846564
1399596,5.740384,7.600201
1399598,6.047221,6.533531
1399599,4.8556643,6.9264755
1399601,2.4572444,6.6731515
1399606,5.900043,0.17776918
1399607,7.258462,1.0724586
1399634,3.9446933,2.5735507
1399635,7.109946,0.8067785
1399636,8.070205,1.3796847
1399637,7.0445666,1.3017675
1399638,7.8572855,0.9852444
1399639,3.5156863,2.2674959
1399640,6.0131927,0.61762476
1399641,6.5935607,0.6498624
1399642,6.4467998,1.2606835
1399643,7.271795,1.9283113
1399644,5.8819366,0.6477351
1399645,4.9849734,1.14563
1399646,6.7122746,2.4812083
1399647,7.307233,0.06938389
1399648,3.4022055,1.6602637
1399649,4.491002,4.017625
1399650,5.4232097,2.3292377
1399651,4.977584,1.021693
1399652,4.499652,3.4516017
1399653,7.0461435,1.1185336
1399654,9.694736,4.55501
1399655,7.479034,0.12600733
1399656,7.513965,1.7948242
1399657,7.473157,0.74685687
1399660,10.070877,7.1523204
1399661,5.157311,3.634115
1399662,5.2354255,3.242529
1399663,9.644456,7.2207503
1399672,6.607975,7.571268
1399675,6.0174937,6.724159
1399679,5.063053,6.879341
1399680,4.72363,6.8110776
1399683,4.597153,6.8998284
1399691,3.7347832,6.4265933
1399692,4.4395742,6.5876465
1399698,2.6050606,7.1138854
1399699,3.9291844,6.1006556
1399700,8.734179,5.5543094
1399701,7.5586805,0.62554234
1399702,4.588055,5.483661
1399703,9.834584,7.834478
1399704,7.0732965,8.9383
1399705,7.56969,9.129789
1399706,6.1929483,10.154305
1399707,4.7034683,6.9303527
1399708,5.546678,10.117693
1399709,2.9293904,7.51539
1399711,6.024658,8.0631695
1399712,4.1875415,5.584603
1399713,3.5779705,4.9843464
1399715,5.3986993,7.6187153
1399716,9.762233,8.289096
1399717,5.6595445,10.2868395
1399718,4.933569,8.001142
1399719,8.930098,0.7177848
1399720,6.356365,2.5465362
1399722,5.412778,6.307838
1399723,7.185318,7.8691816
1399725,5.00956,7.5964203
1399727,5.614626,7.7680607
1399729,4.2428737,6.3318696
1399736,6.1308813,2.3085332
1399743,9.640636,5.981983
1399748,5.84268,7.751541
1399754,8.880282,8.386899
1399761,5.6982627,7.696838
1399766,3.7627394,4.0197377
1399770,5.984404,7.8825564
1399778,6.3901973,8.221614
1399782,10.0192585,8.617725
1399784,9.749436,8.8173485
1399785,5.942363,7.725935
1399786,5.4584107,8.479229
1399787,4.598888,5.732451
1399788,5.962524,7.8863873
1399789,7.069419,7.986926
1399790,7.1407943,7.8324585
1399791,8.74355,1.9493463
1399793,6.5487547,1.34149
1399794,8.198765,0.4186467
1399795,5.70039,7.7830734
1399796,5.8471074,7.7753625
1399797,6.9763336,7.3400927
1399798,6.1522264,8.041234
1399799,5.6874623,7.54555
1399800,9.947302,7.049299
1399801,8.7754345,0.6302652
1399802,5.1821666,6.8705096
1399805,5.214509,8.336869
1399806,5.8867207,1.418536
1399807,7.608334,2.5740168
1399808,7.60566,0.42411318
1399809,7.3111053,0.10816958
1399815,7.318521,0.28978118
1399817,7.510384,0.4920631
1399820,7.492911,0.28329307
1399821,4.445307,3.9946368
1399834,6.196873,0.3935622
1399835,5.7759366,2.7202234
1399836,7.4773974,1.4507425
1399837,1.6033618,5.24046
1399839,9.001365,1.1103176
1399845,7.2171173,0.8057226
1399847,6.9303646,3.5209684
1399848,6.5206127,4.1377487
1399851,10.025222,5.517022
1399853,7.963349,1.4476159
1399854,9.697868,4.654605
1399856,7.096529,2.2837625
1399857,9.978956,5.5524197
1399858,7.0694046,3.0618544
1399859,7.556431,5.7016
1399860,6.92846,1.7028334
1399861,7.4563136,1.5874876
1399862,8.030289,4.847116
1399863,5.0260677,1.7850348
1399864,9.230558,4.738093
1399865,5.76039,1.5657994
1399866,7.7468395,1.0138361
1399867,9.088758,2.2715902
1399868,7.473572,1.3065895
1399869,6.587626,0.7036068
1399870,4.2834554,9.4457855
1399882,4.186386,9.411941
1399902,4.4309216,4.196326
1399903,7.880238,5.3497767
1399904,5.9143224,10.188146
1399905,7.9830537,9.333508
1399907,5.8323994,10.229263
1399913,5.680684,0.30231765
1399914,6.6391177,0.7149791
1399920,7.5920863,0.33550718
1399922,5.884039,0.15986556
1399923,5.133775,3.14754
1399924,7.2241716,2.9306524
1399925,6.5265927,3.6216252
1399926,8.8576975,6.0964212
1399927,4.672285,7.487913
1399928,9.536892,6.223124
1399929,8.476325,10.612539
1399930,8.050444,6.2839565
1399931,2.84221,7.6532774
1399932,5.0107675,4.7986126
1399933,2.8323243,7.46675
1399934,3.7307003,5.6227574
1399935,2.7890704,8.029821
1399936,5.706039,5.838988
1399937,3.3411822,5.535435
1399938,5.206663,7.860197
1399939,5.404678,6.7511816
1399940,3.581219,5.710839
1399941,1.9340602,4.664324
1399942,5.266652,9.519084
1399943,4.908592,6.62405
1399944,4.96738,0.9112679
1399945,1.9119588,6.9221992
1399946,3.6471014,4.8722906
1399947,1.9615896,6.066054
1399948,2.8530893,7.8766527
1399949,4.591234,5.211539
1399950,2.7324662,6.798317
1399951,5.630296,9.958606
1399952,5.6378336,6.518435
1399954,2.7211816,7.7934356
1399955,3.5332482,6.623734
1399956,5.1052084,3.6096985
1399957,5.765328,10.320432
1399958,4.861028,7.6097016
1399959,3.646135,5.3228216
1399973,5.973637,10.01429
1399974,3.8597813,6.00574
1399975,5.9859443,9.645536
1399976,5.9238644,9.696147
1399977,5.9219103,8.319999
1399978,7.515632,6.5810323
1399979,7.4897776,6.868807
1399980,7.2483087,7.2990026
1399981,7.349237,6.851544
1399982,8.013125,5.9856343
1399983,5.6617584,10.348651
1399984,5.972529,9.982933
1399985,6.17433,8.662956
1399986,6.103021,8.666296
1399987,7.3414884,6.6916327
1399988,6.8839192,7.436576
1399989,7.649543,6.804376
1399990,7.294171,9.326822
1399991,5.7332687,9.774501
1399992,7.1451545,7.0407166
1400022,5.085016,3.6100771
1400024,1.7113669,6.5493164
1400025,2.6769433,6.3131585
1400026,3.1661072,6.7059007
1400027,7.8871503,5.357948
1400028,9.857224,4.508038
1400029,10.0096035,5.5293403
1400030,1.2843366,4.659152
1400031,1.8801357,6.3198147
1400032,2.091485,6.3237066
1400033,3.2378364,5.9830503
1400034,1.2230241,4.6817417
1400035,2.1269786,4.565169
1400036,3.2579246,6.3733974
1400037,1.3365915,7.605283
1400038,5.958816,8.512426
1400039,9.080217,8.802661
1400040,6.969832,8.166407
1400042,5.4944787,4.89736
1400043,5.9178123,10.17175
1400044,3.775111,7.1015577
1400045,7.541086,6.7283034
1400046,4.530067,8.014269
1400047,10.001783,8.718803
1400048,4.7527723,4.53902
1400049,5.687162,8.237158
1400050,8.027412,0.35140857
1400051,8.965183,7.7017884
1400052,8.779214,8.6739025
1400053,7.19161,7.0300837
1400054,7.47728,8.144872
1400055,3.9979286,5.865742
1400056,7.190358,7.8763895
1400057,9.240872,5.818989
1400059,7.0893974,7.938934
1400060,5.555123,7.69854
1400061,9.126807,8.845277
1400062,8.3863535,8.525085
1400063,8.87,6.3007216
1400064,9.301352,8.459228
1400067,6.8802066,8.319816
1400068,7.0471864,7.2833138
1400070,9.788557,4.5041227
1400071,6.498042,3.7224026
1400072,9.11616,2.996862
1400073,8.830044,11.010204
1400074,10.0106,8.818589
1400075,7.3692355,8.623341
1400076,9.255807,4.8431516
1400077,1.4514904,4.266915
1400078,4.577663,8.3488
1400079,9.249692,2.4475853
1400080,10.909075,7.5629377
1400081,5.3888965,7.891865
1400083,5.4191694,7.9946947
1400084,10.099366,7.5307612
1400085,6.7785625,8.399534
1400087,9.807806,7.2953124
1400090,8.701396,3.418186
1400091,1.6157485,4.277685
1400092,8.110186,8.938277
1400093,6.997444,8.207411
1400094,9.227438,8.659049
1400107,2.0571394,7.046881
1400118,0.98837864,7.126966
1400119,1.5212618,7.0315313
1400121,0.74710584,6.6111794
1400125,1.2331605,6.4504194
1400135,1.2620568,4.8397956
1400141,0.97736436,6.6224117
1400142,0.6196051,7.248153
1400143,0.87604356,7.302793
1400144,1.2060539,6.656765
1400146,1.2250788,6.7812853
1400147,1.911747,7.014822
1400148,0.9007281,6.8641095
1400150,0.85409766,7.2938547
1400151,8.731765,10.957414
1400152,8.535252,10.745356
1400153,8.816771,11.061447
1400154,8.818522,11.089575
1400156,8.856127,10.911497
1400158,8.722484,10.872989
1400159,8.858525,11.126105
1400160,8.690088,10.872045
1400161,8.782614,10.645396
1400162,8.228387,8.078193
1400163,9.034006,10.411279
1400164,4.2047367,6.935521
1400166,9.249959,8.347658
1400167,10.003306,8.372718
1400169,5.8873053,7.8707223
1400171,5.9295635,7.789263
1400172,8.896844,8.517723
1400173,10.0388,7.912193
1400174,9.79316,7.9807053
1400175,10.258439,8.805444
1400176,7.433313,8.028709
1400178,4.830014,1.2052016
1400179,8.699337,10.869357
1400184,7.75593,5.1505947
1400187,7.8424654,5.923084
1400190,8.086018,5.54677
1400192,8.101838,5.6840663
1400193,8.069081,5.50691
1400194,7.614639,5.6214094
1400196,5.4846196,6.154264
1400198,2.635024,6.7230625
1400200,4.819552,6.891102
1400201,2.3700006,4.0028977
1400202,2.7854762,3.7594228
1400204,6.319574,5.0578427
1400206,0.8832318,6.5034547
1400208,4.189708,6.535675
1400209,3.660328,6.398982
1400211,2.5494325,3.8096802
1400212,4.082174,6.3796234
1400213,1.820209,7.282348
1400216,2.535931,6.345478
1400217,3.3317528,5.20783
1400225,5.2057514,7.403046
1400228,3.7343395,5.478516
1400234,2.204444,4.448347
1400249,2.7891042,5.708854
1400263,4.9952083,4.2160506
1400281,7.519248,1.4248782
1400284,8.676456,3.8905501
1400287,7.208671,0.043927345
1400288,6.3303585,5.0558867
1400290,1.0133461,7.376835
1400291,5.504548,6.1862216
1400293,6.2972827,4.881914
1400294,2.3569417,6.929625
1400296,5.66372,6.3036523
1400297,1.9933726,7.4524384
1400298,2.2714236,3.5866504
1400299,5.1870265,4.41579
1400301,1.243007,6.656306
1400302,3.3260489,3.2983568
1400304,1.0516405,6.611511
1400306,1.4925013,6.6953487
1400307,1.4509019,5.5550365
1400308,3.6405628,4.5815716
1400310,5.7610474,6.7101345
1400313,2.8676524,3.040001
1400314,8.525443,2.010283
1400315,8.655506,1.3517567
1400316,4.6622543,6.9288893
1400317,4.7262616,6.9045973
1400318,4.2160788,6.5256863
1400320,4.761973,6.914289
1400321,4.4283338,6.8383875
1400322,6.340435,4.956386
1400324,6.148245,6.8561587
1400325,5.7190323,6.555867
1400326,4.7296305,6.8925447
1400327,5.9466844,6.722959
1400328,4.706938,6.6865807
1400329,4.566294,6.8480763
1400330,4.376222,6.785852
1400331,4.813004,5.2000055
1400332,4.7934866,6.9138064
1400334,7.0225186,1.4677746
1400336,7.5549393,1.799443
1400337,4.098266,2.309273
1400339,7.1376934,1.1353949
1400341,9.832253,5.0792623
1400342,8.042702,9.347431
1400343,5.1708207,9.417871
1400344,10.358027,7.481941
1400345,9.860214,4.655925
1400363,3.6170268,3.1294103
1400366,9.647577,4.9018
1400367,6.9439015,1.4786901
1400368,9.244869,4.7136083
1400369,1.6680295,3.9479144
1400371,3.806772,2.9598744
1400377,4.956961,3.0637026
1400378,4.9463043,3.0521295
1400379,4.646853,2.5833201
1400381,4.4473543,4.0111833
1400383,5.0209737,3.4424093
1400384,9.233265,2.547963
1400385,9.305491,2.906164
1400387,9.831773,4.6405597
1400389,9.958434,4.6739
1400391,7.4284678,3.5445502
1400397,9.24894,6.8482885
1400398,8.882786,4.423865
1400400,9.014026,0.68105567
1400401,9.760324,4.8048058
1400402,7.6923075,5.459841
1400404,10.013597,9.0607815
1400405,10.072544,8.528133
1400407,11.011775,7.4082193
1400408,6.29111,2.8787396
1400409,4.66619,8.278603
1400411,6.1580763,8.9023285
1400412,9.84845,4.79173
1400414,9.516845,5.218268
1400416,2.7847793,5.6084385
1400418,7.1229935,5.969644
1400419,9.755884,8.93066
1400420,9.200301,2.7176194
1400421,8.585472,6.6878085
1400422,9.523609,8.63565
1400423,9.359379,8.78991
1400424,9.241337,8.345823
1400425,9.319933,8.29332
1400426,9.575969,8.021238
1400427,5.0934753,0.98602974
1400428,5.049579,0.6386896
1400451,9.0304,3.979338
1400452,7.9423294,3.0422661
1400456,8.683633,4.525115
1400458,8.798903,3.3429322
1400459,9.689939,4.4118557
1400461,7.2894697,2.4666188
1400462,7.996717,2.8733745
1400463,8.174132,3.449904
1400465,8.065526,2.7195866
1400466,8.360212,3.2292557
1400468,8.302047,2.869432
1400469,9.625423,4.9193044
1400470,5.816986,10.107273
1400471,6.839511,1.5467184
1400472,7.698165,1.7760434
1400473,7.1674385,2.336973
1400475,6.1261897,2.2286072
1400476,6.448707,1.6813989
1400556,9.572731,5.3930836
1400557,7.8221555,1.0108967
1400558,4.483121,1.2085284
1400559,4.193539,1.5991479
1400561,5.2039676,1.7933723
1400562,3.471291,2.644235
1400601,6.645436,1.2117001
1400602,9.456721,7.8963456
1400603,5.5766764,10.162808
1400605,6.444703,10.052319
1400607,9.552213,7.980983
1400609,2.7743838,8.00242
1400611,9.753129,4.8256254
1400613,6.023427,9.619206
1400614,8.814839,7.4097385
1400615,10.448302,7.504399
1400617,3.1661696,4.6684136
1400619,7.050443,8.762708
1400621,9.406025,4.952922
1400622,7.0620117,7.7226624
1400623,6.4794874,9.06931
1400625,9.725868,5.099784
1400627,7.0901036,7.939957
1400628,8.886391,7.825666
1400629,6.1242986,8.423366
1400631,9.243756,7.0100403
1400633,7.3214426,9.236424
1400634,9.805839,5.5605154
1400636,9.5864725,5.3501196
1400637,7.853309,8.556648
1400638,6.897608,0.49931297
1400639,8.960312,1.2556063
1400640,3.4469707,3.1887925
1400641,5.2282624,1.650761
1400642,5.946878,2.1137705
1400643,7.6469293,2.677916
1400644,4.6538105,2.0261734
1400645,6.0229306,1.0593652
1400646,7.036445,1.7106425
1400647,6.3413725,1.5578991
1400648,6.0158415,2.0316918
1400649,6.477828,5.181018
1400650,8.818214,0.74096084
1400651,6.839918,2.1193993
1400652,3.5859945,2.2785964
1400653,6.83946,2.4737236
1400654,6.1545424,4.9429
1400656,9.52458,5.5628233
1400657,3.28855,3.9450967
1400659,9.93203,4.836334
1400661,6.179149,4.738152
1400662,9.928573,4.3974237
1400663,5.024405,1.4284724
1400664,8.908059,0.6936458
1400665,9.542601,6.0547123
1400667,7.9117327,6.14011
1400669,8.015881,5.895878
1400671,9.245401,5.2837605
1400673,9.242024,5.069251
1400675,9.275485,4.5513825
1400676,8.9470005,5.6712193
1400678,5.08854,1.7143335
1400679,10.005904,5.554075
1400680,4.8612294,2.9018815
1400681,3.317468,2.2369213
1400682,8.510151,0.27003053
1400683,9.026,4.963397
1400686,4.236893,9.3001175
1400687,3.3379385,2.1945643
1400688,4.0527196,2.2944274
1400689,3.7101095,1.6671945
1400693,3.5361524,2.6826344
1400694,2.974063,4.540125
1400696,3.3186343,4.665305
1400698,4.2520175,5.0040774
1400700,6.474649,7.2971606
1400702,7.8511896,7.6685834
1400703,4.8244843,6.931988
1400707,6.2123604,7.3609266
1400708,4.3745556,5.177993
1400710,4.764815,7.0725913
1400712,3.0361385,6.434993
1400716,6.9223905,5.447819
1400717,4.4250984,6.69309
1400719,3.170643,6.50223
1400721,4.678378,6.8781915
1400724,5.2393475,6.063144
1400725,6.7969537,5.876521
1400727,0.7215205,6.4702005
1400728,4.6845536,5.9688063
1400730,5.0294714,5.924772
1400732,4.8307567,7.070508
1400734,3.5017846,3.2521057
1400735,1.5295415,4.150461
1400736,4.047519,4.802837
1400740,5.9404755,1.0726097
1400741,6.176315,1.172379
1400742,6.841249,0.85324246
1400743,6.883067,1.4213977
1400744,6.677903,0.87621063
1400745,4.674169,1.9559574
1400746,6.6311536,1.3463804
1400747,7.087274,1.4641513
1400748,6.6314206,1.7167543
1400749,6.286711,0.47733077
1400750,4.661766,3.9303992
1400751,4.698066,3.9338698
1400752,10.286206,7.0344625
1400753,8.604213,1.1404432
1400754,8.957078,2.2827554
1400755,6.2007804,0.6430914
1400756,9.19616,2.0230203
1400757,4.8267274,1.2646627
1400758,8.686801,1.5571048
1400759,5.630347,1.4083028
1400760,7.423833,1.1493341
1400762,7.2673845,2.3024392
1400763,6.936912,0.57100993
1400764,7.9167776,1.4208814
1400765,8.146366,2.1954205
1400767,3.5859017,2.624095
1400769,6.3158455,0.32980785
1400770,3.2229588,3.050764
1400772,8.645913,2.2170792
1400774,6.9806595,1.732154
1400776,5.7738895,1.504468
1400778,9.021072,2.0764406
1400780,8.653735,2.1776984
1400781,6.514691,0.8519898
1400782,8.946808,0.7405779
1400783,6.400011,0.38550815
1400785,5.79593,0.20672707
1400787,8.61085,0.59615433
1400789,7.484964,1.103741
1400791,6.1155715,1.2031531
1400792,7.2144837,3.079342
1400796,7.1731095,8.871485
1400798,6.8351707,9.075482
1400816,4.0535927,6.052654
1400822,6.536136,3.6818624
1400823,2.7861145,6.4241977
1400827,4.7277484,6.96743
1400831,4.090386,6.644127
1400832,6.6236806,5.9687257
1400833,4.564834,6.734284
1400835,2.5195773,4.734151
1400839,3.5675306,4.828891
1400841,6.034797,6.395413
1400843,4.7547097,1.8722372
1400844,4.9981227,2.8476205
1400845,7.5673165,1.360094
1400846,7.356791,1.5162306
1400847,8.369608,0.82024896
1400848,6.946554,1.2260401
1400849,7.560649,1.2379566
1400850,7.8907967,2.2624962
1400851,7.594197,0.50905395
1400852,8.680769,0.6144117
1400853,7.432999,0.8473124
1400854,5.701642,10.236949
1400855,8.6268835,10.8204975
1400856,8.943142,5.9890304
1400857,9.416642,8.86786
1400859,5.22571,7.8625507
1400860,5.5354776,7.868823
1400861,8.561535,10.772739
1400863,5.8991895,7.7581515
1400864,6.186579,10.198405
1400865,9.460641,6.0189486
1400867,8.892682,7.589517
1400868,4.621965,4.5169735
1400870,6.134693,7.322039
1400871,8.940308,7.541933
1400873,8.876415,7.746475
1400874,2.0223958,7.4050097
1400875,8.9021225,7.7020645
1400877,2.2328918,7.66885
1400878,3.7220206,3.3531685
1400891,4.846017,2.686432
1400900,5.2414775,2.8405702
1400901,3.2399533,2.999412
1400902,6.151132,0.997537
1400903,7.26527,2.8813746
1400904,5.837673,2.5986927
1400905,9.77626,8.136441
1400906,5.1634855,2.8526917
1400907,5.0680976,8.299005
1400914,8.469236,0.63603926
1400915,9.199063,9.357364
1400916,4.7895684,1.2630148
1400917,8.305623,9.414022
1400918,3.4420378,4.861826
1400919,7.6545696,8.169492
1400921,6.7364206,6.4864817
1400923,7.97525,8.877591
1400925,8.963074,8.788276
1400926,5.881686,7.930325
1400927,6.0370674,8.303611
1400929,7.846277,6.7112284
1400930,5.3946266,3.619844
1400931,5.705927,1.6908963
1400932,7.1474233,7.823108
1400933,6.3129888,8.44055
1400934,6.097667,2.2890701
1400935,6.9395266,7.7581716
1400937,7.278201,6.882591
1400939,6.7879715,3.5191102
1400940,5.0535717,8.439173
1400941,7.9798183,8.016677
1400943,8.592234,8.671326
1400944,6.009275,7.8887925
1400946,9.515507,7.355504
1400948,7.96721,8.515193
1400949,4.9855356,6.6978636
1400951,6.7560196,8.888617
1400959,1.1346008,5.945547
1400961,0.6960165,6.126499
1400962,1.5116367,6.1706266
1400964,0.6425393,5.9062576
1400966,0.7608937,6.0478444
1400968,3.86525,5.193848
1400970,1.4808133,5.8708057
1400972,0.70966464,6.032532
1400973,1.8747557,7.005143
1400975,1.0405129,6.0456715
1400977,1.5067511,4.5313163
1400979,0.71543163,6.0574145
1400980,0.7649019,5.934972
1400982,1.2900404,5.705543
1400984,1.4281005,6.802355
1400995,4.6893835,1.8795339
1400996,2.299824,3.346383
1400997,4.83312,2.9454322
1400998,8.767168,0.59821063
1400999,4.8980026,2.8752496
1401000,2.5653708,3.7759244
1401001,3.8587961,2.6383183
1401002,4.896016,2.901595
1401003,7.476743,1.8263259
1401004,5.3213763,1.5565782
1401005,6.8908725,1.3165901
1401006,6.013869,6.0772367
1401007,8.885994,0.78126985
1401008,3.3995411,2.2194083
1401009,8.395027,0.13688914
1401011,7.4077673,1.097266
1401012,8.627159,10.729739
1401061,1.7591072,7.340476
1401062,4.961447,5.575288
1401063,4.438861,5.6862736
1401064,3.6732416,5.328277
1401065,6.4580674,5.059078
1401067,6.417835,5.092823
1401068,4.3452973,5.599779
1401069,6.3332863,5.050715
1401070,6.300829,4.8524127
1401071,6.4506617,5.103119
1401074,6.34125,5.01845
1401075,3.5329704,5.094239
1401076,8.511455,10.473448
1401077,8.42846,10.639841
1401078,5.8474708,8.5856495
1401079,8.6793165,10.738656
1401080,7.2173543,3.9442203
1401081,7.348824,3.857462
1401082,7.337894,3.704591
1401083,4.8833766,7.0556307
1401084,7.7747183,8.413504
1401085,5.544182,7.793584
1401086,5.555117,7.7400165
1401088,7.2992463,7.9974732
1401090,5.8030024,1.7625376
1401091,9.278191,8.313989
1401093,2.9849637,8.624373
1401094,7.346309,6.7418423
1401096,7.451146,6.0561004
1401097,6.6602545,5.1186833
1401098,9.471111,5.694751
1401099,7.898467,8.261421
1401101,8.362859,1.686025
1401102,8.840467,0.45490298
1401106,5.2539196,2.4172535
1401108,5.0968304,2.028731
1401109,6.9011483,1.8518323
1401111,5.141108,1.6767629
1401112,6.8818746,1.5648322
1401114,6.962204,1.5074787
1401115,7.0457354,0.80626255
1401116,6.9109693,3.425614
1401117,5.1584196,3.5545483
1401119,9.160644,2.5407073
1401121,7.8213873,2.6671991
1401123,7.4819846,1.1512691
1401125,8.047861,1.4900384
1401126,7.323997,1.6665998
1401127,8.203229,1.5053934
1401129,4.789914,2.0769887
1401131,7.529967,0.95875585
1401132,6.5133314,2.117586
1401133,6.798209,1.6288092
1401135,5.430171,6.256231
1401136,10.111447,7.4529796
1401137,8.936757,7.646393
1401138,4.940551,0.5288326
1401139,3.2118232,3.0146646
1401142,1.386313,5.9558706
1401144,1.8530091,6.9223
1401147,0.6588927,5.91738
1401152,0.57328755,6.234885
1401154,2.6504679,6.9267025
1401156,1.3668929,6.6909537
1401158,1.5249875,4.4946513
1401169,2.9716463,4.04121
1401174,8.255945,9.26885
1401175,3.8254828,6.021193
1401177,9.069655,8.68652
1401179,5.7803025,7.452559
1401181,8.959979,8.695252
1401182,8.816001,11.116599
1401184,9.732485,7.8745775
1401185,8.810717,11.014513
1401187,8.473356,8.024116
1401189,6.046901,8.915678
1401190,8.434151,0.524848
1401191,5.386162,7.2680063
1401192,9.594896,8.030456
1401193,6.759532,8.499711
1401194,3.795106,3.990662
1401196,5.698265,7.462596
1401198,8.236299,8.030977
1401199,5.9205275,10.217188
1401201,8.9765835,7.6555457
1401203,8.10902,9.015617
1401205,2.959191,3.8922935
1401206,3.5379956,5.203106
1401209,3.808549,4.5271807
1401210,3.3177462,4.376817
1401212,2.6455183,3.7787588
1401214,6.36366,7.3334513
1401215,7.2518454,2.3313217
1401216,8.1827755,1.5282843
1401218,4.7676287,1.8572915
1401219,6.4100447,0.8068189
1401220,6.3834915,0.62081754
1401221,1.0654802,6.6333885
1401222,6.927355,1.9860334
1401223,6.399962,0.8646702
1401224,4.9675937,1.7484556
1401225,7.5261784,1.4457225
1401226,8.2373,1.9043158
1401227,7.699311,0.8740151
1401233,7.556838,0.7501758
1401234,5.211178,1.828183
1401236,6.4557934,9.076941
1401237,4.4910846,7.622339
1401238,6.5688863,8.5268135
1401239,4.2216616,7.126756
1401240,6.7728024,8.450483
1401241,7.035047,8.428863
1401247,3.7719011,4.4303484
1401248,2.3106542,6.199575
1401249,3.141795,4.1804256
1401250,3.2236097,4.2669773
1401251,7.6272025,6.748268
1401252,8.488811,7.8735256
1401253,8.752952,6.487046
1401254,7.142084,6.9758387
1401255,8.369378,7.184564
1401256,6.484482,6.511067
1401257,5.1358047,7.2113256
1401258,6.3384194,7.2360363
1401259,5.9684353,6.7666154
1401260,6.4059014,7.1027107
1401261,8.917506,6.8349185
1401262,6.694072,6.628318
1401263,4.825695,5.698759
1401264,7.7296996,6.7196007
1401265,6.3370667,6.962644
1401266,8.771949,6.500495
1401267,9.57096,6.088035
1401268,7.9186993,6.694742
1401269,2.8768234,7.3960476
1401270,7.3318963,6.4793015
1401271,8.747167,7.279636
1401272,8.707727,7.300111
1401273,9.659696,4.823713
1401274,2.6632457,7.812645
1401275,9.611473,5.574678
1401276,9.638632,4.3644047
1401277,7.357394,6.285117
1401278,3.0931957,4.820842
1401279,2.8956323,3.8703973
1401280,3.105692,4.4773345
1401281,2.7807767,3.6539457
1401283,3.19244,3.8633008
1401288,3.4133673,2.710083
1401290,7.723,5.8738637
1401291,10.043228,6.395044
1401292,4.8213816,6.9357147
1401293,8.013887,4.8384857
1401294,5.607061,5.8255377
1401295,8.204129,6.6463084
1401296,7.822005,5.953805
1401297,9.307132,7.3784976
1401298,7.5205317,6.2212586
1401299,4.291636,7.398484
1401300,5.13771,5.2214766
1401301,7.769311,5.8939533
1401302,7.3048944,6.1224484
1401303,3.0519571,7.2913094
1401310,2.7850246,3.92311
1401311,2.9902768,4.4418073
1401314,5.3229847,1.0579343
1401315,6.388046,0.5996473
1401316,6.013374,0.8402595
1401317,6.767358,1.3199369
1401318,7.0712395,6.1502404
1401319,7.7190022,5.6498513
1401320,8.064047,6.23698
1401321,6.566783,0.62167406
1401322,9.129842,5.1359863
1401324,5.466815,5.766344
1401326,3.7283015,5.325746
1401327,7.526627,6.723459
1401328,2.9762123,3.369826
1401330,3.305036,3.973675
1401333,2.9405763,4.5366898
1401335,3.2680364,2.1662319
1401340,4.3423696,1.0175046
1401342,2.9988358,4.463519
1401345,2.8412762,4.0093417
1401348,3.2781131,2.182256
1401350,3.3070092,2.1634152
1401351,3.837043,5.1352983
1401352,2.9480855,1.8835896
1401354,5.3720684,6.899631
1401355,3.1961849,4.225734
1401356,5.6488223,0.3272873
1401358,8.339103,6.144877
1401359,5.7222686,1.0700024
1401360,8.882693,3.906639
1401362,5.6864405,0.5875607
1401365,4.605304,7.2341504
1401368,3.059004,2.979176
1401371,1.3111526,5.797256
1401372,1.5026168,7.384767
1401373,6.59029,5.1499248
1401374,3.811047,4.676134
1401378,3.8322854,3.0944152
1401380,2.313375,5.8767605
1401381,1.6357168,4.0227547
1401383,2.7457705,6.8886333
1401384,5.4041424,10.487411
1401390,1.6179792,7.5178285
1401396,7.79074,5.9950967
1401397,4.1891284,5.4472194
1401398,4.0166273,6.0354695
1401400,3.9470122,6.32956
1401403,3.739992,6.0682344
1401404,4.170071,6.3854504
1401405,3.7875667,6.2683444
1401408,5.51909,0.6099144
1401409,2.4210148,8.396106
1401410,0.8002118,7.3293905
1401411,2.7893815,8.187667
1401412,2.4551864,7.642438
1401417,2.923474,7.657603
1401421,2.2548797,7.909107
1401422,6.572432,1.2760053
1401423,3.5340462,4.150675
1401424,6.2790737,9.530264
1401427,5.822703,0.21130998
1401428,6.162384,1.0930463
1401432,3.5350568,1.661412
1401433,6.4626527,0.5024672
1401434,7.6613727,0.72661716
1401435,7.636613,0.93542594
1401436,5.2215757,0.9247633
1401437,0.4276637,7.099668
1401439,1.0799875,6.1982923
1401441,0.36558226,6.952186
1401442,0.546762,7.191967
1401444,0.4694633,7.036656
1401446,0.4730871,7.0954947
1401448,0.48556376,7.168164
1401449,2.09763,4.3152976
1401451,4.104441,3.2830985
1401452,0.9548057,7.3084126
1401453,0.7951023,7.2313957
1401455,1.1103607,6.2236047
1401456,2.9133081,3.4631443
1401457,6.466051,2.3667643
1401475,5.415109,10.504976
1401476,5.4532623,2.845742
1401477,4.9037476,4.275384
1401478,8.9559145,4.7392707
1401479,9.040244,4.835597
1401480,9.4116745,4.1086693
1401481,6.2942786,5.0091257
1401482,6.2371664,2.2613409
1401483,6.5172577,8.515184
1401484,3.1297352,5.586606
1401485,3.3034925,5.6203966
1401486,3.238341,5.374127
1401487,3.292579,4.583546
1401488,6.9400244,7.895807
1401489,1.3567263,7.2581773
1401492,1.6016937,7.2600503
1401493,3.8730822,4.9607143
1401494,3.5067737,5.4838276
1401495,6.940152,9.053572
1401496,6.66654,8.879131
1401497,9.838861,8.3403635
1401498,6.4334154,7.2371016
1401499,3.7559304,3.424027
1401500,8.23542,2.2260003
1401504,8.462417,2.125427
1401506,8.1581745,1.1035124
1401507,8.55533,2.0250192
1401508,3.828674,2.5632627
1401509,5.242116,1.8390769
1401512,7.4001493,0.37949353
1401514,4.0678606,2.2260063
1401516,4.8268113,1.2537068
1401517,3.8757784,2.511144
1401522,7.075341,0.5460165
1401523,5.90834,0.18604134
1401524,7.317961,0.88836706
1401526,6.0138407,0.9972067
1401569,7.2055445,2.939369
1401570,5.8165812,6.485091
1401571,2.9049551,5.6959825
1401575,2.125923,4.526684
1401577,3.4032145,5.793258
1401580,2.6991649,6.715933
1401582,1.0777974,4.982816
1401583,1.9364027,7.4864
1401585,2.921992,6.4367847
1401586,3.0439997,6.3310905
1401587,2.8048024,7.0335298
1401592,2.5742772,5.9256043
1401593,2.3259988,8.27259
1401594,1.4136099,6.1677284
1401595,1.5271052,4.399144
1401596,2.4586163,5.23006
1401600,6.4490256,7.302025
1401601,4.706271,6.9980254
1401602,3.3194172,4.6373167
1401603,1.6507037,4.0686088
1401604,3.448195,4.713074
1401607,7.495019,8.8336525
1401608,7.015116,8.429694
1401610,6.9907913,8.366297
1401612,7.932518,5.4103756
1401613,9.813047,4.9453516
1401614,6.7682133,8.408226
1401615,4.1678133,3.8120072
1401618,3.303464,6.378301
1401619,5.2322497,3.437967
1401621,2.1669712,3.7306714
1401624,4.824022,6.55858
1401635,1.6189022,5.98638
1401649,6.7500663,1.233895
1401650,1.5229924,4.1450853
1401651,4.374159,6.683069
1401652,4.3304543,6.622138
1401654,5.706461,6.4349914
1401655,4.4144554,6.6544495
1401656,4.1127625,6.5723906
1401657,5.706135,6.4436607
1401658,1.1240203,7.3289776
1401659,5.8131504,2.690587
1401660,4.3951397,0.7585923
1401661,3.583695,3.8927183
1401683,3.1295357,4.045596
1401719,3.117561,4.8313384
1401723,3.11564,3.2356668
1401726,3.2948105,4.497802
1401728,7.897192,0.842486
1401729,7.3919187,1.040458
1401730,7.6680174,0.9071214
1401731,5.2515244,2.217918
1401732,6.098384,0.5431548
1401733,8.01858,2.7204576
1401734,6.5396957,2.0485883
1401735,8.183476,1.0199517
1401736,2.851258,5.944182
1401737,5.297808,3.2846854
1401738,4.989225,2.9117305
1401739,8.967564,0.3898736
1401742,9.861977,4.9844975
1401744,10.179108,8.0167055
1401746,6.3263836,10.139006
1401747,8.689422,8.308172
1401749,10.04652,8.937123
1401750,10.027426,9.067074
1401751,8.262724,9.031417
1401753,11.055642,7.3245115
1401755,8.475545,8.095107
1401756,9.84322,8.318445
1401758,9.406499,8.664193
1401765,2.6975558,6.8173714
1401767,1.0325607,6.813159
1401770,1.0646745,6.6661043
1401778,4.7822385,1.8234493
1401779,6.9392405,1.9777685
1401780,6.0874996,0.4387331
1401781,5.1146445,8.253332
1401782,9.224178,2.479549
1401783,2.2565894,3.3550632
1401784,7.075249,1.6704355
1401785,6.7802763,0.9266708
1401786,5.0971093,8.280691
1401787,7.5885987,1.5072314
1401788,1.491863,4.324509
1401789,5.403816,10.521952
1401790,8.032135,0.86551464
1401791,3.7544553,5.608796
1401792,4.291739,0.827419
1401793,9.023365,0.9380781
1401794,8.834242,0.27964255
1401795,6.219056,0.9494537
1401796,7.931547,2.3205073
1401797,1.9628093,4.432163
1401798,6.277065,7.147599
1401799,10.1492195,7.858124
1401800,10.471399,7.925507
1401802,9.107969,1.0132452
1401803,9.317151,9.412396
1401806,8.767431,0.38636044
1401808,4.528754,4.0088186
1401810,5.409593,1.421823
1401811,8.944148,2.3128192
1401812,8.927673,2.3018632
1401813,6.6179357,9.087559
1401814,9.371643,9.280036
1401819,5.51559,4.8647985
1401824,8.483811,0.45878077
1401828,9.588058,8.673561
1401830,8.056355,8.433539
1401831,6.93447,8.683438
1401833,8.678971,8.347095
1401835,4.520579,8.077421
1401837,9.373315,8.288205
1401839,9.038855,9.560257
1401841,3.7645671,3.8816338
1401847,9.212914,8.802004
1401875,7.689434,1.2272927
1401876,4.7040877,2.9322028
1401877,4.7480354,3.6971207
1401878,4.6924543,2.941973
1401879,7.2342515,2.9416795
1401880,3.4313889,3.6875348
1401881,2.2373383,3.380716
1401882,4.3176837,2.9056206
1401883,4.8406796,1.2311453
1401884,6.0387163,2.4271607
1401885,8.870413,0.37351403
1401886,4.7918305,2.9054403
1401887,5.1887283,3.0978603
1401888,4.7106805,2.2018123
1401889,4.7113485,1.8339473
1401890,4.685019,1.9037169
1401891,4.9004526,2.8587701
1401892,7.322978,2.0514996
1401893,10.005154,6.515831
1401895,4.2714505,2.8817382
1401896,8.145983,1.0577366
1401898,4.854308,1.1976202
1401900,6.9427767,1.465615
1401902,3.1700268,3.0997446
1401904,7.008246,1.1398884
1401905,6.814289,1.234717
1401907,5.04473,1.6590267
1401909,6.8140035,1.546647
1401910,6.2982464,1.5474094
1401911,5.7204485,2.587526
1401912,6.1812735,1.5898391
1401923,4.7504163,6.7541647
1401924,1.458024,4.22618
1401925,5.4911647,6.1027093
1401926,6.9424434,7.91551
1401927,0.4762903,7.151998
1401928,0.59162664,6.1459107
1401936,10.038531,5.528547
1401937,9.626154,5.3979583
1401938,9.43814,5.5924945
1401939,9.121154,7.715865
1401940,9.532658,5.247025
1401941,9.663198,5.511799
1401942,8.466745,4.7850065
1401943,6.8177996,6.076095
1401944,9.586953,5.2685776
1401945,6.9719987,7.3828893
1401946,8.293399,3.9119277
1401947,9.744538,5.0848503
1401948,9.531976,4.898354
1401949,8.890173,2.393801
1401950,9.465007,5.5440297
1401951,9.645011,5.2446036
1401952,6.1215115,6.0762215
1401953,8.171156,4.2828336
1401954,7.5801353,5.096178
1401955,8.173506,4.1699758
1401956,5.2257934,6.1490383
1401968,3.3094804,2.181357
1401969,3.0793736,3.0255253
1401970,3.0349863,3.029319
1401971,1.2797499,6.0512223
1401972,8.369059,2.1288958
1401973,4.6729245,1.8894839
1401974,3.861641,2.5833812
1401976,3.5543566,5.120227
1401978,4.057601,3.1692476
1401979,3.5623207,3.4616416
1401980,4.1529775,2.2281322
1401981,5.586203,1.4153461
1401982,8.819896,3.3620138
1401983,2.8676038,2.9544883
1401984,1.5742188,4.0042453
1401986,2.055912,3.3866086
1401987,3.753072,2.6701138
1401988,2.6922793,3.1522303
1401991,2.6683576,3.1336546
1401992,3.3023949,5.3228984
1401993,2.982602,4.0391
1401994,5.688903,0.41724876
1401996,2.035295,3.419203
1401998,2.6332905,5.9751296
1401999,3.851415,4.57569
1402000,9.579169,5.5039897
1402001,7.3110275,0.6806046
1402003,3.3907835,2.9897485
1402004,5.5311637,7.4517074
1402005,2.7889562,3.0233855
1402006,2.4762316,3.095232
1402007,3.9427876,2.5064044
1402008,5.76563,5.7495384
1402009,4.095956,2.2904224
1402010,2.0649533,3.3873348
1402011,3.8634267,2.5390973
1402012,4.526483,3.9192252
1402013,2.6427686,2.9982374
1402014,3.6726954,3.1589682
1402015,3.7435021,2.6835039
1402016,4.8369126,1.2135626
1402017,3.88267,2.5455031
1402018,1.4468436,5.5111146
1402020,3.3952348,3.0259376
1402022,2.4707196,3.1129246
1402023,9.757909,5.918912
1402024,8.898961,4.69438
1402025,8.614799,5.195792
1402026,9.296832,5.369323
1402027,8.746486,3.3088753
1402045,6.170607,6.3286734
1402046,6.5092483,0.49367678
1402047,8.120815,1.4694904
1402048,4.1763434,4.9011974
1402049,7.0376697,0.4565957
1402050,7.7186146,3.1151588
1402051,6.4648404,1.0356649
1402052,7.6819897,2.8205364
1402053,7.1711516,0.8164718
1402054,7.650325,1.5067068
1402059,6.436357,0.4234276
1402060,7.0064325,0.7514647
1402062,6.8535233,0.6599475
1402063,9.191187,2.9168963
1402065,7.807998,0.7484435
1402068,7.3280487,6.1112914
1402070,4.4580965,0.8693293
1402071,7.9135985,4.9232097
1402073,2.790805,4.1870146
1402077,2.9687953,1.9040446
1402081,4.306148,0.7862418
1402084,0.5737402,6.988411
1402085,9.526585,7.951992
1402095,5.321187,1.628679
1402096,6.130372,0.58210194
1402098,5.338872,1.943178
1402099,5.3588743,1.4401956
1402101,4.425553,2.9857378
1402102,4.7212563,3.3453
1402104,4.8744073,2.900596
1402106,6.654254,3.4885786
1402109,4.1477857,1.6095868
1402110,6.9829993,1.6590711
1402111,6.7720466,3.5289762
1402112,3.4318628,3.478364
1402114,8.760268,3.3657951
1402115,4.97172,4.4507885
1402116,2.9772227,3.3892133
1402118,6.1540937,0.7193455
1402120,4.880353,2.3314762
1402123,4.886644,3.0393317
1402134,4.111832,7.4204574
1402135,0.6461773,6.082013
1402136,5.9642305,6.6999907
1402137,5.8035965,6.5295424
1402138,8.545173,4.2803416
1402140,5.7789836,6.434813
1402145,2.7057934,6.7061844
1402146,4.5717945,5.0882077
1402150,5.857437,6.6114397
1402151,5.0501,8.295869
1402152,6.3519154,7.4647055
1402154,5.589456,7.076925
1402155,2.9369326,6.4525094
1402157,3.5178857,6.535999
1402158,6.120285,6.5656385
1402159,2.4203405,7.1141095
1402160,3.8176942,5.1357555
1402161,4.611211,7.739721
1402164,3.7433853,6.394359
1402168,4.4575214,6.545052
1402172,3.923155,4.748578
1402174,3.958153,5.9945335
1402176,5.833811,6.286766
1402178,5.096333,7.284511
1402182,3.4604473,4.3520775
1402183,3.2244835,4.321179
1402184,3.3100865,3.921551
1402185,8.5166,5.715218
1402186,9.66134,5.3788
1402187,9.047384,4.892436
1402189,9.405639,4.656929
1402191,8.65751,6.22618
1402192,8.0668335,6.315043
1402194,8.400498,4.0976434
1402196,7.888352,9.149512
1402198,6.477642,0.81022525
1402199,7.834354,2.5042546
1402200,5.084374,3.4694455
1402201,5.1357017,3.1599503
1402202,6.8557243,1.5142176
1402203,4.880625,2.8442066
1402204,5.1493807,3.344634
1402205,4.7109194,2.9529784
1402206,5.201156,0.8655269
1402207,0.6725743,6.2754745
1402209,7.326494,2.1184206
1402210,8.174867,1.8922012
1402211,8.768087,5.0634465
1402212,8.513131,3.584915
1402213,8.184793,2.788271
1402214,8.070359,1.9996095
1402215,4.926646,6.9244857
1402220,4.109412,6.2226367
1402222,5.2178364,7.320934
1402224,3.7241302,4.3891673
1402225,4.5254426,6.7263827
1402226,6.2355795,7.527699
1402228,2.9159746,5.606141
1402229,4.8077607,5.314498
1402230,4.3183174,4.7052484
1402231,4.186213,3.8846529
1402232,4.9184484,7.218316
1402233,4.845004,6.1631207
1402235,5.6493187,6.4685607
1402236,6.1143413,6.4130807
1402238,9.150982,1.8582686
1402239,8.098652,3.2194862
1402240,8.131324,3.2670329
1402241,7.3102956,2.0378144
1402242,6.1048656,2.1782923
1402243,6.798002,1.9756398
1402244,6.297357,0.41622746
1402245,4.6540256,5.8124094
1402247,4.27572,7.1712646
1402249,4.3146596,6.039393
1402251,5.7552533,8.670631
1402252,6.249898,2.7173429
1402253,8.214833,0.41329226
1402255,8.87985,4.7766333
1402256,3.8385823,4.3859844
1402258,4.3990345,7.852086
1402259,8.37125,7.184847
1402261,6.0473366,8.862301
1402262,6.3800697,9.03544
1402265,6.7483077,3.6855688
1402267,4.5143313,5.503567
1402269,8.356443,0.47344157
1402270,7.761415,9.579691
1402272,4.1604896,4.6380157
1402273,5.946601,8.546519
1402274,8.866134,0.35657108
1402275,5.1761885,3.1997743
1402278,8.058642,1.3349692
1402282,7.1404576,0.9583744
1402283,7.6299973,1.4897755
1402284,7.6516485,1.4844282
1402285,8.671929,1.3653992
1402286,8.010122,2.0767357
1402288,8.441763,0.19985151
1402290,8.412637,0.143651
1402291,8.390063,0.1383321
1402292,7.80267,1.9057143
1402294,7.215715,1.3348982
1402296,5.853652,1.8339761
1402297,6.612177,0.7002078
1402298,6.3348007,0.43414456
1402299,6.446673,0.5175462
1402300,5.993001,0.23988324
1402301,5.9600654,0.16342375
1402305,3.2225273,4.5585012
1402306,3.005704,4.7850084
1402307,3.2307947,4.4394116
1402308,3.2343454,4.332731
1402309,4.3110685,5.0378222
1402310,3.259229,4.345486
1402312,3.334858,4.7323256
1402313,3.108627,4.2779384
1402314,3.2806678,4.3015933
1402325,6.313052,7.4820724
1402326,5.183519,5.960536
1402327,9.733681,7.4977994
1402328,7.4426656,7.986991
1402329,7.5572486,6.6499786
1402330,7.0264964,6.451771
1402332,6.9581356,7.9443994
1402333,4.6533275,4.9901614
1402334,2.301074,5.699089
1402335,4.829769,6.4441614
1402336,9.731839,8.62636
1402337,6.5918984,8.993354
1402338,4.5123963,3.9582837
1402339,8.541182,8.451685
1402340,10.441486,7.8830166
1402341,7.179105,9.170561
1402342,8.861377,8.200001
1402357,5.0038023,5.7500696
1402361,5.537896,6.2588797
1402369,1.4788438,5.5544505
1402370,1.0856884,5.97777
1402371,1.1449978,6.0274324
1402372,6.3625293,5.0558667
1402373,1.069923,7.1388493
1402375,1.1959817,6.157864
1402376,0.9893442,6.683133
1402378,1.3069624,6.2640505
1402380,1.1442795,6.9766965
1402381,1.2540376,5.8969607
1402382,1.1460174,6.200891
1402384,0.9481334,5.9975047
1402386,1.4363531,5.9890285
1402388,1.0683376,7.4069166
1402390,1.1455806,4.9749756
1402391,1.3762699,6.4797106
1402392,0.6392106,7.092581
1402393,0.96099615,6.733826
1402397,1.3447516,7.0337515
1402398,0.9468326,6.634638
1402399,6.305345,8.951066
1402401,0.6798811,7.5863404
1402402,8.025211,8.873569
1402404,1.1245759,7.157742
1402405,0.9725025,6.657068
1402406,3.2563481,5.5329103
1402407,7.6500735,5.0811315
1402408,8.459014,3.202153
1402410,9.038558,2.2404084
1402412,9.38434,5.0650077
1402414,9.129589,0.9487426
1402416,0.987847,6.743808
1402417,9.944522,5.0010777
1402420,9.563714,6.091336
1402421,1.2068291,7.1847587
1402422,8.190044,6.4717555
1402423,1.1106052,6.931592
1402424,1.1006317,6.655854
1402425,9.172972,4.212108
1402426,9.997414,5.3040504
1402427,9.199759,1.3270422
1402428,8.159724,4.189691
1402432,1.0456063,6.7314777
1402434,1.0347193,6.2879477
1402575,1.2855333,5.9087644
1402576,7.3505793,0.11337138
1402577,7.1283474,0.44194984
1402578,7.2811036,0.1816266
1402579,7.530675,2.958259
1402580,7.3764567,0.12932731
1402581,4.3973794,4.0324626
1402582,0.9006338,7.2484426
1402584,1.8047911,7.569407
1402587,1.4700311,6.8269258
1402588,7.3752756,0.14118114
1402593,2.318236,7.2634087
1402597,2.5360613,6.9852343
1402599,4.643632,7.9382615
1402604,5.2287,3.7491927
1402612,2.427302,8.284758
1402615,2.87779,7.1616945
1402624,2.7246456,8.495995
1402630,1.5433121,6.818705
1402631,2.522646,8.081309
1402634,2.4529026,6.7971063
1402636,2.5840027,7.0901732
1402638,2.6861968,7.4322834
1402640,1.2149261,7.3459215
1402642,7.0823627,0.5938902
1402643,7.344781,0.09770467
1402644,7.37768,0.14441687
1402668,5.939339,0.7507631
1402669,5.9760365,0.5619368
1402671,5.974443,0.6436993
1402679,2.7881687,4.84627
1402681,2.9937508,3.1225011
1402682,3.4452076,4.123255
1402683,2.952179,4.13892
1402685,3.2178302,4.2613072
1402686,3.0905726,3.844613
1402687,2.6717474,5.088989
1402688,2.8505223,5.888727
1402689,2.999972,3.0886455
1402699,9.061412,1.5607699
1402701,7.143135,1.0326444
1402702,8.584153,0.4818895
1402704,5.6230435,9.969002
1402706,10.243175,8.671959
1402708,6.852445,7.5698485
1402711,6.1884394,8.989559
1402713,4.7564282,5.0321903
1402715,5.261233,8.340758
1402721,3.7637975,3.904165
1402722,1.2428105,5.3811684
1402731,4.68909,4.1006274
1402732,4.0398445,3.092661
1402733,6.6175256,0.6930756
1402734,3.9264934,3.2051878
1402735,5.1000443,1.7234439
1402736,5.457751,3.061429
1402737,5.70086,0.4205776
1402738,5.8886647,7.737671
1402739,5.180584,2.963363
1402740,8.472704,0.62132174
1402741,7.344093,1.1439016
1402742,7.9070544,0.7557463
1402743,7.937793,0.7443159
1402744,7.0018554,0.72149116
1402745,4.539477,4.2130384
1402746,4.2276444,4.868593
1402747,8.769944,0.48366365
1402748,8.731666,0.5090727
1402749,8.774084,0.49870032
1402750,7.127169,1.6920229
1402751,5.106658,3.2940383
1402752,6.842732,1.043599
1402753,8.408018,1.1411324
1402754,6.0433435,0.2394886
1402757,4.776462,3.9969816
1402758,3.8316762,6.258327
1402759,6.016996,6.71825
1402760,3.0367882,4.719169
1402762,3.486579,6.399844
1402763,2.9566796,3.65511
1402765,3.2272596,6.075912
1402767,4.9359508,8.088017
1402769,3.5516524,6.8401237
1402770,3.2336457,6.5208936
1402772,4.1640377,3.4619753
1402774,3.5480518,5.54843
1402777,8.161298,6.4507146
1402778,3.200969,5.958392
1402782,8.376863,0.6203219
1402785,7.569814,0.72415245
1402786,6.703637,0.92521006
1402787,8.788095,0.48070252
1402790,5.067064,1.1017888
1402791,4.9872108,0.9827935
1402792,4.6631403,1.9928172
1402794,4.796777,3.0401313
1402796,5.2177553,1.8544422
1402798,2.5181642,3.4754617
1402800,9.125932,6.026106
1402802,8.133922,0.82852155
1402806,2.313036,5.653787
1402808,4.691067,2.9446578
1402809,8.877706,0.3262255
1402810,2.8449037,3.0661664
1402811,4.890688,2.8646982
1402812,4.6071343,2.2773716
1402813,3.3230135,4.034667
1402816,9.363611,5.368826
1402823,9.043694,1.747332
1402825,5.9920406,0.6608719
1402827,7.5659947,0.9206814
1402830,5.933754,3.2322757
1402834,6.1020374,0.2596798
1402837,8.415906,0.6504976
1402839,7.1761565,0.46462557
1402843,7.543666,0.84884137
1402845,3.9081912,5.977765
1402847,9.225279,1.360165
1402849,7.1917043,0.838991
1402851,6.1559362,1.5850983
1402852,4.8931494,0.9291961
1402853,4.7897396,1.8397177
1402854,4.9848385,2.8858871
1402855,4.8807607,3.0447369
1402856,4.86734,1.4253697
1402857,4.6557474,3.4977953
1402859,5.541465,2.3642085
1402861,4.5923777,3.4212139
1402863,4.6467376,2.4707263
1402865,7.4945455,6.707101
1402866,3.189943,3.8741243
1402868,4.710129,2.9017446
1402870,4.698941,2.9412363
1402871,3.656098,4.2339315
1402872,4.8163624,1.8107046
1402873,5.3856487,0.7060111
1402874,6.3194485,0.75782865
1402875,4.883898,1.81047
1402876,5.675556,0.549797
1402877,5.0987926,1.3825926
1402878,2.9763372,1.895276
1402879,4.6733866,1.958571
1402880,5.909535,0.8762728
1402881,4.906726,0.7663917
1402882,4.640669,1.1943979
1402884,6.8718925,1.5331681
1402890,8.878612,3.3514557
1402907,6.9982185,1.6832228
1402924,0.9960074,7.362142
1402925,4.171185,4.400226
1402926,0.98918515,5.8288035
1402927,2.3748562,4.141605
1402928,2.5660918,3.7876515
1402929,5.5409927,6.5280614
1402930,2.9736714,3.1453834
1402931,4.4908414,5.5496373
1402932,1.0809973,5.055222
1402933,2.215237,7.325623
1402934,3.2770884,5.649216
1402935,3.391056,5.4971743
1402936,4.748306,2.7760377
1402937,1.5581974,7.244263
1402938,7.8317633,7.659536
1402939,1.1195184,6.063223
1402940,3.2228384,4.6432843
1402945,3.244371,5.8340664
1402948,2.903611,7.5767436
1402949,0.39392328,6.9693737
1402950,3.1193597,6.3829775
1402951,1.4864084,4.1084366
1402952,0.38429147,6.8391647
1402953,2.5490623,3.7864163
1402954,1.5278895,6.8896904
1402955,0.46886483,7.0392914
1402989,8.19898,1.0664244
1402990,8.128702,1.1879336
1402991,8.215885,1.157107
1402993,2.9984202,4.352601
1402995,2.8034286,4.4511547
1402996,3.0460486,4.41848
1402999,3.051667,4.2352357
1403002,3.2567239,4.6578064
1403004,2.9555545,1.8781466
1403007,1.7079268,6.7453294
1403008,1.0419352,6.5416584
1403010,1.5883504,6.9897356
1403012,1.3205258,6.713996
1403013,1.1049299,6.001622
1403016,0.7779396,6.523163
1403018,1.391794,7.0216427
1403019,1.3863536,6.0600767
1403027,1.3109988,7.5599446
1403028,7.660729,1.3033707
1403029,7.182791,7.853523
1403031,6.0060525,7.807091
1403032,7.326789,9.339841
1403035,8.023583,9.022256
1403037,10.860312,7.597174
1403039,8.097958,8.056524
1403042,6.574069,7.849517
1403043,8.745553,9.738496
1403044,9.010231,7.9087243
1403045,9.703259,5.231533
1403046,9.4362,6.381267
1403047,5.626914,7.537466
1403049,8.896532,8.766824
1403051,10.915499,7.4599395
1403052,9.067411,1.0160218
1403054,6.1356974,8.765829
1403055,10.477725,8.659029
1403056,8.400358,5.2281723
1403057,10.85859,7.1498337
1403059,4.6096077,3.961872
1403061,2.6586523,7.2032647
1403063,1.3560479,4.462725
1403065,5.054402,7.2454553
1403067,1.449789,4.3780174
1403068,3.558239,5.427203
1403069,2.2894592,7.3847966
1403071,5.0870647,6.707811
1403073,3.9066055,5.7956867
1403075,2.9903677,6.881857
1403077,1.7812828,6.3432865
1403080,2.4655578,6.988135
1403082,1.4599775,4.2126718
1403086,3.6648705,3.9733825
1403088,1.734531,6.13574
1403102,4.4806476,6.6124744
1403110,1.3645953,5.864586
1403111,3.2426052,4.1161585
1403115,5.6559734,6.478
1403116,5.1609263,6.548883
1403118,4.5880966,6.7911563
1403120,4.3741264,6.9539175
1403122,4.43759,6.751907
1403124,7.248759,2.941623
1403125,6.949152,0.8694938
1403126,8.249511,0.9757096
1403127,7.834289,0.89153427
1403128,7.043187,1.9952245
1403137,5.043657,3.6466894
1403138,7.771208,0.79315895
1403139,4.3984046,4.102922
1403141,6.077008,7.4357867
1403142,5.781812,2.3532598
1403143,8.846866,0.38559115
1403144,5.9406586,7.680714
1403146,3.3287673,2.2123792
1403147,2.9439044,3.1486633
1403149,1.0137782,6.6868443
1403151,2.6700068,6.619
1403152,1.0643445,5.155048
1403154,2.431384,6.9052987
1403156,0.46557698,6.9615088
1403158,1.7732304,6.8084807
1403159,0.75959736,7.123594
1403161,3.1712997,5.6602197
1403163,3.3155174,5.3371844
1403165,1.4624721,6.0931153
1403169,1.6605405,7.1538982
1403171,1.7073343,6.4973435
1403173,2.495993,6.8825903
1403174,5.555836,10.4412565
1403176,8.809097,4.269629
1403178,2.387503,6.7725887
1403180,5.410603,10.505409
1403182,2.2150643,7.2205367
1403183,4.4483776,6.667208
1403185,1.5263649,5.9676204
1403188,1.6170077,6.050159
1403192,5.972397,7.69098
1403198,4.493805,4.016589
1403199,5.3035927,6.958557
1403200,2.3243763,7.8757415
1403202,2.4868546,8.160228
1403204,3.9227464,6.391251
1403206,2.5911956,7.025345
1403207,5.229537,4.2992826
1403208,4.4933567,3.9796324
1403211,4.9490523,3.0901635
1403212,4.7237263,0.9792621
1403213,8.633793,0.3552496
1403214,3.89533,3.8435931
1403215,4.4658494,3.972345
1403216,6.573996,6.1594243
1403217,3.2026646,4.947437
1403218,2.8891177,6.432724
1403219,4.475887,0.6538082
1403220,2.8146052,8.471052
1403221,5.0591526,1.3981143
1403222,4.3097396,0.7991657
1403223,1.5859343,4.1830792
1403224,3.0585337,7.7252097
1403225,4.468934,0.7711531
1403226,6.237427,6.5037007
1403227,4.407212,0.56457293
1403228,2.7269194,8.469847
1403230,4.389561,1.0051559
1403232,4.3247547,0.73077226
1403233,2.9612894,6.6762743
1403234,4.5148177,0.75460905
1403236,6.080103,6.202943
1403237,6.796377,5.534511
1403238,4.2409067,0.78792787
1403240,4.4153376,0.6684709
1403241,3.3610291,6.787417
1403243,4.680283,0.6222248
1403244,3.7411819,5.4958916
1403245,4.314672,0.7854923
1403246,6.855387,6.859235
1403247,4.5273414,0.7872743
1403248,4.2247915,0.7518933
1403250,7.238801,6.9226065
1403251,4.5930862,0.8266892
1403252,4.5674872,6.664655
1403253,7.1953325,6.994611
1403256,4.107369,7.4366865
1403257,6.006271,0.6162517
1403260,2.3494859,6.6201086
1403261,5.893291,0.19863917
1403264,6.0683107,6.4250083
1403266,6.079099,1.0320464
1403269,7.3158317,0.7528586
1403270,6.375819,6.3677
1403271,7.5316315,6.6385946
1403273,5.6753464,0.5521807
1403275,5.2179985,3.3224564
1403276,1.6992472,5.566336
1403277,4.435753,6.6935425
1403278,4.497253,6.3344336
1403279,6.2954626,5.044059
1403280,3.3660476,5.9009
1403281,1.7809999,7.4825277
1403283,2.6030154,7.073515
1403284,1.3287579,5.839871
1403285,1.2191384,7.1263566
1403287,6.496347,5.1565013
1403288,3.450876,7.0631104
1403323,6.180578,6.8411336
1403324,2.152236,7.2105274
1403325,3.3041995,3.840893
1403326,3.5162714,5.0115137
1403327,4.335432,6.875948
1403328,2.5467136,6.2871695
1403329,1.3711002,6.103895
1403330,2.7269313,6.35441
1403335,3.7974145,3.8473957
1403336,3.4894934,6.456615
1403337,2.5730374,7.5602083
1403342,2.2672224,7.868488
1403420,3.7478685,5.4165463
1403421,5.6536484,7.4532957
1403422,9.276845,3.045915
1403424,8.543973,0.68675834
1403426,3.2920816,3.8160527
1403428,7.696414,2.6979184
1403430,8.745071,3.1263375
1403431,8.900872,0.7711766
1403433,6.060129,0.6938121
1403434,6.296105,1.6612449
1403435,7.2266107,0.7144256
1403437,6.194529,0.31207103
1403438,5.909136,3.2633975
1403439,8.989826,1.0844381
1403440,7.9512334,0.98474616
1403442,6.867108,0.7470803
1403443,4.2886763,3.755318
1403444,4.2388515,2.6218016
1403445,5.0713334,2.062233
1403447,8.569496,3.135082
1403455,1.2761282,6.840772
1403464,1.2510461,4.5250254
1403465,2.1692903,7.246787
1403466,1.6332407,6.851781
1403467,1.8592763,7.0191097
1403476,9.151857,4.560637
1403477,8.646763,5.8686337
1403479,9.780677,5.8298154
1403480,9.731367,5.293409
1403482,9.973821,5.576557
1403484,7.702779,5.5859118
1403486,9.6049795,4.699854
1403488,8.214478,3.6346984
1403490,8.964941,4.151112
1403492,7.937414,5.0255084
1403494,8.006671,4.967097
1403496,7.873302,4.818917
1403498,7.597661,5.5091524
1403499,7.0225897,5.996434
1403501,5.6754956,6.506578
1403503,5.9515123,5.504562
1403504,6.782374,5.9725666
1403510,6.7444744,5.2988977
1403511,8.747215,4.7634544
1403513,3.1971123,3.8687809
1403515,2.9476328,1.8861251
1403523,3.2768998,2.1722648
1403524,3.2068841,4.2482653
1403526,2.9383743,1.8808519
1403527,3.3547747,6.8618593
1403528,3.3681056,6.80327
1403529,3.6462255,7.077318
1403530,3.9627366,6.9615536
1403531,0.3572354,7.0079093
1403532,4.2002797,7.1089406
1403533,3.6989644,7.0337634
1403534,4.1248527,5.1753125
1403535,3.18667,6.792888
1403536,3.4807615,5.960557
1403537,5.2448254,6.2589703
1403538,3.2192426,6.767887
1403539,3.6016872,7.47751
1403540,1.341107,7.3566446
1403542,1.8879838,7.438817
1403543,2.0342271,7.418177
1403545,2.6847851,6.864645
1403546,3.4576209,7.3521914
1403548,4.5912485,7.875633
1403549,4.1320477,7.160183
1403551,3.9734592,5.4177313
1403552,2.6875513,7.096984
1403553,4.223712,7.810646
1403554,1.793734,6.1831293
1403621,9.914278,5.620676
1403627,7.0031037,5.6919217
1403630,6.200262,5.843241
1403632,9.677957,5.4719157
1403635,9.294581,1.1899159
1403641,9.252174,7.971896
1403642,5.7233305,2.3221931
1403643,6.1476626,2.442049
1403644,6.381907,1.4031403
1403645,5.140046,2.207602
1403646,5.47124,1.6151642
1403647,5.4509044,2.3292358
1403648,6.1470175,2.4642384
1403649,9.448975,7.809708
1403650,9.257715,7.719471
1403651,6.0273323,0.37120485
1403652,5.990853,0.55329984
1403653,5.9322195,2.154395
1403654,9.971487,7.421275
1403655,6.246357,0.6307781
1403656,5.3665247,4.1301975
1403657,4.513674,3.6488588
1403658,5.271296,4.1992955
1403659,5.932241,2.119563
1403660,9.697381,7.7284193
1403661,5.3478513,4.6496363
1403662,9.027236,8.256547
1403663,6.4109983,0.6697229
1403664,5.886834,2.2751632
1403665,6.0547876,2.259984
1403666,6.139246,2.3098636
1403667,8.473761,1.649576
1403668,6.085784,2.3670948
1403669,3.3533747,2.1985364
1403671,7.821516,0.71500087
1403672,8.113813,2.323768
1403673,3.6051807,6.9123297
1403674,3.384169,6.818607
1403675,3.6250193,7.040787
1403677,3.368361,6.8238664
1403679,4.0281105,7.233846
1403681,1.9544712,6.3766766
1403682,4.03849,5.370359
1403683,3.334143,7.0645413
1403685,3.5041647,6.022658
1403687,3.6240692,7.036148
1403688,3.267898,6.8118534
1403689,3.5335886,6.8029737
1403690,3.5002644,6.882083
1403692,3.6541002,6.9833164
1403712,2.880054,4.4023137
1403713,2.8531427,4.554174
1403715,2.4133008,4.0515094
1403717,3.3616834,3.9799256
1403719,3.4006677,4.6505218
1403721,3.0087345,4.4525037
1403722,2.9424765,5.0279913
1403727,2.9089403,3.0696242
1403728,1.6643239,4.23826
1403730,4.923887,1.7780823
1403731,6.9785104,0.76315594
1403732,8.301693,1.5767941
1403733,7.1117454,1.117419
1403735,7.6691794,1.7523545
1403737,3.8821077,5.94997
1403738,9.8331585,8.022042
1403739,10.441731,8.583039
1403741,7.839111,7.650499
1403743,2.493789,8.137006
1403744,5.339256,3.1040618
1403745,4.0238466,3.7442646
1403747,4.112673,5.37398
1403749,8.79637,0.46028486
1403750,7.1944733,1.7850833
1403751,6.8846216,1.1769403
1403752,8.082842,0.70451456
1403753,6.5100093,2.340124
1403754,7.074852,1.7946525
1403755,6.9715734,0.9125928
1403756,4.074302,3.5784264
1403758,2.8587317,3.084775
1403760,4.7480526,3.333659
1403762,5.101951,0.7460902
1403764,4.4082847,1.2730396
1403765,6.2813125,1.4496951
1403767,4.5178566,3.9832242
1403768,6.00075,2.1521778
1403769,7.484603,1.8173425
1403770,5.4855533,2.9007149
1403771,3.6463633,7.0703053
1403772,4.9768925,5.669484
1403773,4.8603973,6.8536186
1403774,3.460204,6.070325
1403775,6.158083,6.523357
1403776,3.200947,6.7781935
1403777,3.3822508,6.09036
1403778,2.3942072,7.123268
1403779,3.411902,6.5723066
1403781,3.1195316,6.714639
1403783,3.3520844,6.8441896
1403785,6.91817,3.4084723
1403786,7.6270056,5.3077
1403787,8.470495,4.928028
1403788,3.0951397,3.1288226
1403790,2.8450267,4.1527295
1403791,7.6640716,6.711745
1403792,7.834202,9.441385
1403793,8.44256,4.075098
1403795,8.67618,3.408549
1403796,5.4617276,3.681421
1403797,9.100817,3.7035081
1403798,8.306582,4.9526663
1403799,6.4222627,9.055808
1403800,7.35959,6.7596216
1403801,6.2447777,4.7728925
1403802,7.514865,5.1169844
1403803,7.070884,5.8562713
1403825,9.14317,6.00834
1403826,10.645209,7.7992554
1403827,4.9442153,2.7544699
1403828,4.786282,2.663472
1403829,8.85968,0.3562572
1403830,4.974366,2.8480477
1403831,4.912777,2.9099267
1403832,4.6548223,1.903331
1403833,5.8904133,2.0293074
1403834,3.8994725,3.639744
1403835,4.762711,1.9427377
1403836,4.9632244,2.8306317
1403837,4.7257013,2.9590378
1403838,5.242974,2.7477143
1403839,2.6088214,8.278702
1403840,2.4976034,8.327632
1403841,2.6466718,8.444195
1403842,2.6133258,8.40414
1403843,1.804298,5.880387
1403844,2.59694,8.363779
1403845,9.307689,8.067877
1403846,5.931706,2.074125
1403847,5.9399576,3.1623194
1403848,5.6472006,2.3355236
1403849,6.540457,0.83731425
1403850,6.0633307,0.42194417
1403851,5.981091,2.0607126
1403864,4.9482236,4.3912687
1403867,6.61814,3.5683994
1403868,7.235929,1.1575358
1403871,8.744682,3.3469396
1403874,6.1305857,2.3031108
1403879,9.184179,0.75213647
1403882,9.299324,3.0049021
1403893,6.0827155,2.2628608
1403895,4.6643414,1.9027927
1403898,9.674253,3.9207616
1403901,4.9467797,1.7613393
1403906,5.0994453,0.97542894
1403907,9.083495,0.9771071
1403908,4.635182,2.5495877
1403911,5.144589,3.1210215
1403912,8.996022,0.73826575
1403915,6.470583,0.056615196
1403919,3.984884,3.5896873
1403920,6.7922263,1.6339054
1403924,5.338223,1.3067689
1403925,3.4191434,5.1246195
1403926,2.3800385,4.100029
1403933,6.1932993,0.6383959
1403934,7.161152,3.3590682
1403941,6.818942,2.196912
1403942,4.458487,4.065626
1403943,4.5593085,3.774574
1403944,6.8553634,2.4962087
1403945,4.5270467,1.1239668
1403949,8.673515,0.68144596
1403950,8.148371,1.8595816
1403951,7.5914674,0.36843866
1403955,8.124727,0.7307097
1403959,7.168001,0.6854951
1403965,5.9393053,1.3550078
1403966,7.7110653,2.7240598
1403972,5.0939693,2.7844238
1403978,7.154571,1.1511464
1403984,4.7139664,1.9530622
1403985,6.0267553,2.0197015
1403986,8.120577,1.6463863
1403987,7.991335,3.0087569
1403988,7.1051702,0.9569997
1403989,6.756494,1.8313262
1403995,9.252528,7.8157806
1403996,5.608237,2.3852518
1403997,6.1959176,1.012498
1403998,6.0212893,0.47768524
1403999,3.755883,6.420456
1404000,6.335028,7.271119
1404002,3.7606368,6.4544415
1404003,4.897333,7.2172356
1404005,5.878291,6.652661
1404006,1.5161732,4.1901894
1404007,5.702061,6.508011
1404009,4.4439425,6.655175
1404011,6.485493,7.7406306
1404015,4.2256923,6.5007563
1404017,4.558418,6.794509
1404019,4.543998,6.7869525
1404021,5.9595513,6.5383277
1404023,5.42748,7.381721
1404024,4.4430094,6.794658
1404026,4.723347,6.9510093
1404028,3.7597134,5.8430433
1404030,3.9461858,6.2954254
1404032,4.5148716,6.5459166
1404034,4.8134847,6.9128118
1404036,5.729974,6.5287323
1404038,5.0140204,6.4886303
1404039,1.6615609,4.060757
1404040,3.935167,6.1890187
1404044,6.4495144,5.1048727
1404045,6.268041,4.839962
1404047,6.4331975,5.094419
1404049,4.886896,5.347811
1404051,4.2189994,4.5557146
1404073,4.3807974,5.4076347
1404074,4.5695496,5.602606
1404075,4.8762603,5.196924
1404076,4.4835176,5.593311
1404077,3.4602208,5.716874
1404079,1.434991,4.2166915
1404080,5.0798225,4.39001
1404081,4.625153,5.6441193
1404085,4.66805,3.5981643
1404086,6.4295306,2.130613
1404087,6.704355,3.5463052
1404088,6.982562,1.3516227
1404090,3.4265687,1.7126166
1404091,4.8396745,2.8646538
1404092,5.2312274,2.7042215
1404093,4.5029726,3.543926
1404094,4.864048,2.812352
1404111,6.122162,2.4189723
1404112,6.169603,2.1042302
1404113,5.16991,2.4146447
1404114,5.9555707,0.37908688
1404115,4.9021225,2.9421546
1404117,6.8956685,1.6974467
1404119,4.631758,3.4530766
1404121,4.8279138,2.926617
1404123,3.019537,3.013404
1404124,6.105399,1.7602744
1404126,6.2666326,1.0765535
1404127,4.649403,3.5703423
1404129,9.317677,7.9445667
1404130,6.134813,2.4529707
1404132,6.302823,1.7737857
1404134,9.563817,8.603912
1404135,9.368273,8.569877
1404136,8.692426,8.6312475
1404137,9.85719,8.726489
1404139,8.765115,8.841275
1404140,6.489302,5.1439185
1404167,6.0813813,6.408752
1404169,3.1204534,6.7439337
1404170,2.3573472,7.0223665
1404182,7.6422377,5.805037
1404270,3.6610267,2.934859
1404271,9.160879,2.4267418
1404272,8.061921,3.5065954
1404273,9.4678,5.058348
1404274,8.144549,3.58574
1404275,9.048727,3.1215367
1404276,8.836745,2.2254882
1404277,8.459318,1.5798486
1404278,8.56379,2.8745778
1404279,8.757435,2.356727
1404294,9.387457,8.170938
1404295,3.5665948,3.8012223
1404296,7.073711,7.899949
1404298,4.113468,6.454167
1404299,9.095608,8.302785
1404300,6.3126655,9.006046
1404301,8.548598,0.509413
1404303,7.19296,8.65959
1404304,9.370559,8.059809
1404305,5.238787,8.084201
1404307,9.37259,8.003421
1404308,8.5697775,8.322019
1404309,6.385883,2.5293062
1404310,6.1949835,8.235098
1404312,6.3569217,8.69495
1404314,5.987117,8.146613
1404316,10.255669,8.5997715
1404320,9.267952,8.253155
1404323,3.3593695,5.4626503
1404324,2.9405432,6.4320107
1404326,2.8820877,6.3462014
1404327,4.4500284,6.79775
1404329,4.1793623,4.867549
1404331,5.477441,6.1376834
1404333,6.3351994,7.1685247
1404335,3.8518875,6.0982866
1404336,4.235674,4.6845875
1404338,5.4088736,10.500879
1404339,2.9449968,5.6938167
1404341,2.2534676,7.3042064
1404344,3.2387242,5.80453
1404346,4.5489783,6.7667685
1404347,3.3426652,5.236926
1404360,4.683056,6.8710837
1404363,6.2066545,8.995107
1404364,3.065216,4.6145773
1404365,9.544238,5.2194886
1404366,0.7586379,6.624336
1404367,5.0040364,3.3114648
1404368,5.1684823,7.379415
1404370,2.6682146,7.7053223
1404371,1.9868968,5.8863597
1404372,6.3933663,3.6468723
1404373,2.3765583,7.0857525
1404375,3.9979343,4.1266575
1404376,6.698084,6.0081806
1404428,0.67030174,6.117519
1404429,0.7853934,6.5074077
1404464,0.83418024,6.1039147
1404465,0.29739037,6.8854704
1404466,0.66422516,6.3919106
1404468,0.39575484,6.9682684
1404470,3.471777,3.7051053
1404472,1.1973774,5.96487
1404474,0.7105957,6.410297
1404475,0.48560435,6.774164
1404477,9.810936,7.5548043
1404478,6.1294255,2.3471253
1404480,9.173316,7.930313
1404481,9.26328,7.776769
1404483,8.859836,7.346625
1404485,9.550295,8.19036
1404487,5.945639,2.2381182
1404489,6.189286,0.5741055
1404491,6.233072,2.0448403
1404492,4.5689197,3.8677132
1404493,5.506048,2.3252263
1404494,5.917751,2.0791051
1404496,3.8478472,3.88049
1404498,4.5362034,3.9447706
1404499,7.7131333,0.7702051
1404500,6.045836,2.0181224
1404510,7.2047005,2.827758
1404512,5.05427,3.2227697
1404513,6.6508975,3.5331945
1404515,4.460803,2.9766161
1404516,4.850275,2.8455637
1404517,4.7049403,3.1387966
1404519,4.6426735,3.1194994
1404520,3.468615,4.605851
1404522,4.231683,0.78036964
1404525,5.350582,6.0160823
1404558,4.4307265,0.9179615
1404559,4.767475,0.7424316
1404561,4.5777326,0.57893074
1404564,5.541755,0.77823836
1404565,4.691866,0.72004914
1404580,5.908581,10.123684
1404581,4.4814496,9.461712
1404583,4.5273232,9.433116
1404585,7.8749385,7.7073755
1404587,5.559439,10.309629
1404589,5.6093526,10.393574
1404591,6.542738,7.477694
1404592,8.686743,1.0549575
1404594,4.21849,0.61600655
1404595,7.2396774,7.1938553
1404597,4.6732144,0.7432912
1404598,5.2675943,6.96616
1404599,4.5546083,0.9707466
1404609,8.128261,3.5035057
1404610,4.172163,0.60197544
1404611,4.9605074,0.73263484
1404613,4.304568,0.78786075
1404615,4.3952336,0.84580517
1404617,5.558499,8.032808
1404618,5.5754204,7.722014
1404619,4.952201,7.854265
1404620,7.284297,8.118409
1404642,7.045336,8.555733
1404644,7.225445,8.516425
1404645,5.963483,8.475651
1404646,4.0481358,5.877295
1404650,9.195604,6.2752094
1404652,6.1774645,8.776041
1404654,7.136465,8.739128
1404656,6.4766817,1.3721081
1404657,7.010375,8.738635
1404674,10.601978,8.185598
1404716,6.9909167,6.4807887
1404721,7.2343388,6.08971
1404723,7.2208614,6.0479784
1404724,9.121864,7.914847
1404725,9.493113,7.442219
1404733,7.6441236,5.927104
1404737,7.2596774,9.23413
1404740,5.1364684,6.744465
1404762,5.4414296,7.214977
1404763,7.049242,6.226762
1404768,6.6930594,1.1039567
1404769,4.2751293,6.782157
1404774,7.3169365,6.2579174
1404780,8.0286875,6.630242
1404782,7.8984776,1.7596824
1404783,8.259302,1.7186028
1404808,3.7836072,2.7916856
1404809,6.1731715,2.415523
1404810,7.5672584,1.4786365
1404811,4.657486,6.5022335
1404813,6.2215533,6.98396
1404815,6.435577,5.1697783
1404816,3.354594,5.4729133
1404818,2.5119805,6.604264
1404820,3.553547,5.0897465
1404822,2.0895667,6.253318
1404823,4.784678,6.920566
1404825,6.609887,3.5932386
1404827,3.2293236,6.398556
1404829,4.606944,6.771851
1404831,4.070477,4.065165
1404833,1.9694006,6.7203784
1404835,1.4229313,4.95511
1404837,3.5719247,5.574713
1404838,4.4242606,6.630572
1404840,1.583321,4.1350536
1404841,5.001828,5.6966424
1404843,2.7917233,6.397759
1404848,0.75713,7.0514636
1404851,2.8382723,5.068897
1404852,1.7664305,6.2933426
1404876,2.7338505,6.615664
1404877,1.5044558,4.1820273
1404878,3.2034335,6.7901
1404879,0.9933663,6.604463
1404881,3.7420428,5.1982346
1404882,4.618446,6.7705727
1404884,4.3679748,6.121433
1404886,3.9744883,2.4367218
1404887,4.981152,2.5755591
1404888,5.3036947,1.8514374
1404890,1.2180632,5.8470626
1404940,4.6992073,2.0000954
1404943,5.409211,10.510792
1404944,1.1178862,7.502048
1404945,2.360158,5.9766445
1404946,3.4931598,5.415822
1404947,6.533096,5.0924344
1404949,1.0203177,7.0031548
1404950,5.5234656,2.7315829
1404951,0.6281752,6.0040946
1404952,1.0931867,6.7274837
1404953,0.9345059,6.742665
1404956,3.3766634,3.7116053
1404957,5.0947337,5.762658
1404958,1.5355883,7.1018553
1404959,4.6081395,6.6177516
1404966,7.6624994,0.79925627
1404967,10.320906,8.376044
1404968,8.461148,8.3445215
1404969,10.077208,8.237371
1404971,9.024418,5.549198
1404972,7.835806,5.330068
1404973,8.614555,8.01521
1404974,6.5763993,10.055061
1404975,7.8485246,8.389267
1404976,6.2704616,8.746021
1404978,9.102422,8.406363
1404980,1.024568,5.0411577
1404981,3.737935,4.59154
1404983,4.0441604,3.5877645
1404985,2.9269857,7.098976
1404987,1.644104,4.0383
1404989,3.5825257,5.7372255
1404991,4.317724,5.0511117
1404992,3.5703285,3.5923803
1404994,2.7055833,6.711142
1404996,4.155759,5.766164
1404998,2.0132413,7.055547
1405000,4.2464943,0.70627695
1405002,2.9953115,3.4496474
1405004,3.126656,3.06288
1405013,3.105283,4.166796
1405023,0.62363625,6.9887953
1405026,2.1519403,7.2052875
1405027,0.6918105,7.2203655
1405028,5.7431164,6.5351834
1405029,4.226953,4.711037
1405030,3.500471,2.7552145
1405031,5.8592157,0.19958743
1405048,9.045352,8.801356
1405049,4.68041,7.7068424
1405050,5.8018217,8.347111
1405051,9.384335,8.822206
1405053,5.783398,7.7681494
1405054,4.5038767,7.843294
1405056,4.372679,7.8788257
1405057,7.071076,8.558149
1405072,7.321643,1.7285807
1405074,9.066846,10.5883665
1405076,4.406208,6.650446
1405078,4.695928,7.0785604
1405080,8.736406,11.011954
1405081,10.089643,6.7439427
1405082,4.5803843,6.752831
1405128,9.556974,5.2803035
1405129,10.346092,7.2190747
1405131,8.732721,11.00412
1405132,5.111071,6.83811
1405133,5.4119725,7.773479
1405134,5.0715976,6.885985
1405135,3.5794413,6.535435
1405136,5.270523,6.81015
1405142,4.1224732,7.1221185
1405143,4.8300233,7.9019885
1405144,3.497011,4.99083
1405145,5.982799,6.6045127
1405147,5.0740404,6.6447153
1405148,4.4250283,5.810232
1405154,5.674378,2.333582
1405155,5.539421,2.3591578
1405157,4.702547,3.888486
1405159,6.065394,2.2600896
1405160,4.8802943,0.95095116
1405161,8.982844,1.0331123
1405162,2.3967197,3.4211013
1405163,4.5195932,3.6554873
1405164,5.024486,3.406957
1405165,3.639189,6.007677
1405166,5.357195,6.1337857
1405167,5.372088,7.188311
1405168,3.566465,5.596771
1405169,2.7074852,5.705169
1405171,5.644164,9.969204
1405173,5.708731,1.8768868
1405175,3.4874837,5.1385584
1405177,1.7314074,5.4781218
1405179,2.1160812,3.8137043
1405181,3.1204078,3.8093297
1405183,6.190073,6.579425
1405184,1.9869941,5.4032693
1405186,1.8843135,4.915394
1405188,3.5211418,5.2406483
1405190,1.7057757,5.439621
1405192,3.6110928,5.6492295
1405193,3.0453393,3.7222502
1405194,3.379121,5.466204
1405195,3.3308983,5.6748652
1405204,2.0310647,6.98061
1405207,8.099823,2.348461
1405208,8.752951,3.3854058
1405214,8.802199,3.4233224
1405216,7.413138,2.8816116
1405221,3.5007734,2.1768427
1405224,7.3896976,2.98698
1405225,3.3457434,6.852084
1405227,2.8533585,3.1640666
1405229,3.6194642,7.104363
1405231,3.6193428,6.113587
1405235,3.8860118,5.756593
1405241,3.1310267,6.7374663
1405247,3.1061118,6.743008
1405248,5.4073024,9.975941
1405249,3.319584,6.564236
1405250,3.7892494,5.367132
1405256,3.1778197,6.78989
1405262,2.4572775,4.0918074
1405268,3.6309803,7.0806513
1405304,7.5415854,6.0758805
1405306,7.087219,6.381643
1405313,6.715476,9.487057
1405314,4.543842,7.895337
1405315,5.619298,7.80991
1405316,4.44661,7.6952424
1405317,6.2001204,8.511931
1405318,5.7553635,8.754259
1405319,4.7151537,4.9116216
1405372,6.5926003,7.397125
1405373,3.3641436,6.5021367
1405374,5.177484,5.936561
1405375,5.564415,7.6991444
1405376,2.1750817,7.283475
1405408,3.4860218,6.7790446
1405409,8.78207,1.0205365
1405410,11.009585,7.183252
1405412,9.070007,2.4892058
1405414,8.749818,2.2955046
1405415,9.238057,4.732635
1405416,9.204082,3.7852418
1405417,9.178959,2.6069617
1405419,9.075137,0.99279094
1405420,7.9474244,1.7391936
1405422,9.322711,4.660133
1405423,11.005531,7.289036
1405424,10.219562,8.182807
1405425,10.92972,7.666782
1405426,11.005585,7.4563127
1405427,9.299662,1.03218
1405428,9.064407,6.8268447
1405429,9.880109,8.388007
1405430,10.508313,6.571586
1405431,8.775507,11.055524
1405434,8.991004,10.680359
1405442,4.8702793,7.5774236
1405443,8.76621,10.934977
1405444,8.836376,11.120511
1405446,8.522967,9.662355
1405447,5.8805914,7.7287135
1405448,8.908988,7.7456164
1405449,5.95176,9.383203
1405450,3.1304858,6.7794046
1405451,3.6936088,7.012937
1405452,3.6522968,7.0131884
1405453,3.6050928,5.390174
1405454,4.9950423,3.540965
1405467,3.3028002,4.697494
1405493,2.8555996,4.835151
1405505,2.5615945,5.0944514
1405539,2.8941023,2.1875694
1405548,2.967715,4.549523
1405555,3.5078626,4.234061
1405564,2.940002,4.2951083
1405605,6.077402,2.2780738
1405606,5.895301,2.0528731
1405607,5.1979847,4.2438717
1405608,6.0614862,2.2102957
1405609,4.315879,2.7741494
1405610,9.307779,8.286214
1405611,2.2456481,3.719529
1405615,2.4921913,3.560197
1405617,6.839027,2.1096509
1405618,5.5157795,2.6794245
1405619,6.83265,1.8835676
1405620,6.7381487,2.34627
1405621,7.223494,0.07546772
1405622,9.129862,2.3622804
1405623,4.4915,3.068416
1405624,5.0292454,3.2984357
1405625,4.871175,2.8384113
1405626,6.5173635,1.4890038
1405627,9.469331,8.741315
1405628,5.2370367,0.8732157
1405629,5.297741,2.5504568
1405630,3.478739,4.0082884
1405637,3.0172558,3.4074364
1405639,6.907601,2.1865222
1405641,4.7375164,2.9966457
1405642,7.2090735,0.41703373
1405643,4.826342,2.8726366
1405644,6.7004795,2.8790715
1405647,6.3628025,1.0178292
1405648,6.021911,2.190463
1405649,3.0813468,3.0878856
1405650,3.3000455,2.2092333
1405651,4.8835006,2.882437
1405652,5.3025875,0.75577587
1405653,5.4442334,2.7215164
1405654,3.5423684,3.5573914
1405655,6.153091,4.6157923
1405656,3.2892442,3.3262403
1405658,4.155241,3.0896192
1405659,4.74604,1.8610513
1405660,4.659023,1.1411866
1405661,6.1545057,1.569736
1405663,3.0433912,3.109619
1405665,5.4408584,1.5086102
1405667,4.685162,1.8870468
1405669,3.2054112,3.165184
1405671,5.2129517,1.973901
1405673,3.4853044,5.0658784
1405691,3.9709291,3.5397983
1405692,3.9486945,4.26774
1405693,1.9968655,3.5528364
1405694,2.8639069,6.255017
1405695,2.8073227,3.0352724
1405696,2.8127198,3.0615406
1405697,3.765618,3.2015033
1405698,2.6420302,3.8003204
1405699,1.636858,3.9575994
1405700,2.9922366,3.7129214
1405707,2.5073912,7.369126
1405708,1.9207994,6.3934965
1405709,1.4592146,7.3029747
1405711,1.5829726,6.132982
1405712,1.0811951,6.283638
1405714,1.421352,6.4307575
1405716,2.2627869,7.4450126
1405718,0.6778881,6.1834574
1405720,1.537011,6.0729437
1405722,2.3723156,5.533789
1405723,4.606692,2.3259344
1405725,2.34109,7.337081
1405727,4.263067,9.5418005
1405734,3.7390265,5.3580227
1405755,1.1326574,7.3727036
1405759,2.0803254,7.2519875
1405760,2.4891455,7.1141415
1405761,0.9933747,6.3680806
1405762,3.5424535,2.76323
1405763,1.8845599,6.4044147
1405764,0.9821078,6.7653265
1405765,0.68708557,6.1602573
1405766,1.2903715,6.7378716
1405767,2.0606854,7.430701
1405768,1.1460168,6.3516383
1405769,1.6642443,5.196214
1405770,1.3070636,6.0091643
1405771,1.1600857,6.7365527
1405772,1.066505,6.0232725
1405773,10.347266,8.019958
1405774,2.8600013,4.506338
1405775,3.0492172,4.348266
1405780,3.9217987,4.8381963
1405783,3.0288606,5.121607
1405786,2.4341657,3.5646393
1405792,3.0609639,6.980717
1405793,4.4390216,7.073628
1405794,3.5515714,4.7116256
1405796,4.5154595,5.250556
1405798,3.7616346,5.281657
1405800,3.9807625,4.0591817
1405802,3.0321887,6.4458284
1405804,1.6501724,4.078857
1405806,2.9063802,5.8404303
1405808,1.5661105,6.172713
1405810,1.6949335,6.0982294
1405811,1.3784647,5.8399787
1405888,2.8870184,7.0010805
1405889,2.8259969,6.945188
1405891,2.7558055,7.030164
1405892,2.901171,6.9188843
1405893,2.869824,7.0995293
1405894,2.5291512,7.1977887
1405896,1.7291852,6.761459
1405897,3.3617628,6.3261175
1405966,2.9702241,1.9164134
1405967,2.9318428,1.8908434
1405969,2.9928358,4.134242
1406075,0.7006721,5.843865
1406076,0.6586283,6.031368
1406077,0.74464613,6.4011984
1406078,0.6557306,7.2387633
1406079,2.5190935,4.1083584
1406080,0.5704024,6.7043586
1406081,0.65583926,6.8824334
1406082,0.39194337,6.9549465
1406083,0.46344543,7.0856233
1406084,1.5595294,7.230426
1406085,0.8467942,7.0371184
1406086,0.484688,7.044044
1406087,2.8574247,4.0915394
1406088,0.45396942,6.6732755
1406100,3.3332803,6.9036427
1406101,1.3401792,4.3171597
1406102,1.7596146,4.0934787
1406104,3.2644236,6.896103
1406105,3.3770542,5.9339643
1406106,2.864774,6.898071
1406108,1.5908228,7.2817955
1406109,3.4787245,5.3821096
1406111,3.4135218,6.8183675
1406113,2.1060247,4.2776475
1406115,4.360991,6.274777
1406116,3.3714273,6.924985
1406118,2.7135863,6.8015323
1406119,3.1285222,6.743708
1406121,1.6410027,5.393876
1406122,1.3206333,4.448631
1406123,3.6603742,5.8629823
1406125,1.3381975,7.6068754
1406127,3.2411008,5.49079
1406128,8.03947,2.9109483
1406130,5.0250545,5.2106614
1406131,3.2686357,7.313046
1406132,2.3529315,6.841524
1406133,0.69813496,5.899606
1406134,0.7898476,6.613454
1406135,1.0680798,6.6919026
1406137,1.5667553,6.8572474
1406139,1.4051,5.5154295
1406140,3.692548,5.1701155
1406142,1.194631,5.7742414
1406143,1.2752275,6.127575
1406145,1.1014476,6.6382437
1406146,4.698844,2.0607219
1406148,2.3608317,8.056781
1406150,0.76803553,6.82938
1406151,2.6657958,7.661405
1406153,1.2794268,6.0071363
1406155,1.1268841,6.9262652
1406156,2.6981773,6.8488393
1406161,1.1938868,5.4141397
1406176,1.373423,6.3460274
1406177,0.7608122,7.2921324
1406178,1.1262654,6.142631
1406180,2.7457845,8.467401
1406182,0.9691282,5.5685344
1406183,1.6988308,6.7926517
1406185,0.9017452,5.9226584
1406186,0.84129924,6.009398
1406187,1.0596462,5.9380026
1406189,3.5971768,7.0654798
1406190,3.5815787,7.281113
1406191,2.6821842,7.989637
1406192,2.8432407,7.4291043
1406193,7.911666,7.447065
1406194,3.4778385,7.321503
1406195,7.068152,7.7754903
1406196,3.7960615,6.6847963
1406197,3.1690667,6.795202
1406198,5.508716,10.360724
1406199,3.4129632,6.9028444
1406200,3.6759877,7.076817
1406201,4.0395155,5.4227033
1406202,3.3146656,6.729527
1406203,4.270941,5.3730454
1406204,3.1805396,6.686561
1406205,3.5996184,7.071718
1406206,4.9063077,4.435045
1406207,3.6135683,5.451964
1406209,3.5859227,6.70637
1406210,6.891881,7.8757606
1406229,4.341816,1.1679971
1406230,4.5721755,0.7043475
1406237,1.2276546,5.0927935
1406239,5.179141,3.6307585
1406241,3.0682108,4.3072577
1406244,2.1884384,6.973913
1406247,1.8456693,6.853182
1406251,4.8220515,7.8664446
1406269,5.5729113,2.6917279
1406270,4.6910777,1.9825299
1406271,5.9248137,1.3273339
1406272,4.462233,2.7528048
1406273,7.8819566,2.199504
1406274,4.750469,8.023254
1406275,5.1074977,3.2914205
1406276,1.6386336,3.924478
1406277,2.7892072,3.0822086
1406278,6.832724,3.5039785
1406279,5.464886,10.364972
1406280,5.420821,2.76289
1406281,5.837182,2.5745628
1406282,7.8018975,1.2571607
1406283,3.3330784,2.928913
1406316,3.298428,4.031298
1406318,3.0778894,4.2796516
1406320,3.541785,3.8013864
1406334,2.6938975,5.5379314
1406335,4.4343357,6.715279
1406336,0.64561373,5.8834076
1406337,1.9052416,6.1105905
1406338,3.0913413,6.660845
1406339,2.627579,6.7069473
1406340,2.9527974,6.32513
1406341,1.9441917,5.9564886
1406342,2.8285272,7.0841947
1406343,2.0681586,4.5264344
1406344,3.2581263,6.7619896
1406345,3.1020908,6.2554007
1406346,1.4881563,6.711157
1406347,2.7673256,5.2195516
1406349,3.1890018,4.520602
1406351,5.179396,2.0755708
1406352,3.687312,4.0129223
1406353,3.132097,3.5785618
1406354,3.280109,4.069404
1406355,3.1075718,4.6419992
1406356,3.2295458,4.293219
1406358,3.7897367,3.9702625
1406359,3.3448596,4.0177073
1406360,2.8598022,4.5217376
1406361,3.5667992,4.8684163
1406363,5.2395134,5.7724113
1406364,3.3058124,1.6964093
1406365,1.5268197,4.5387654
1406366,5.3266144,5.706064
1406370,6.174283,0.9199495
1406372,5.0786247,3.442448
1406374,4.8371735,2.0636644
1406375,5.115608,3.698321
1406376,4.9386983,0.87569004
1406378,5.4159193,1.4646307
1406380,4.8898215,2.931293
1406381,4.785784,1.8569168
1406382,3.3947177,5.471499
1406383,4.961781,6.835584
1406384,3.996295,5.6499305
1406385,4.06013,3.9088867
1406386,8.885768,1.7577585
1406393,6.043426,2.052453
1406394,3.8920794,4.946282
1406395,3.2190914,4.9632483
1406398,3.4782088,4.722321
1406400,3.5267665,3.2218757
1406402,1.7223788,7.028857
1406404,3.269021,4.762957
1406405,4.094126,5.76579
1406408,3.8005748,4.95259
1406415,1.7670954,6.6990438
1406417,5.3087482,5.8712077
1406419,3.2564812,6.319
1406423,3.3303256,4.3011475
1406425,2.9855704,3.8919156
1406428,4.521134,6.664523
1406430,2.6768909,3.8580513
1406432,2.761109,5.740137
1406434,1.7086177,5.9571075
1406436,3.7718627,4.3528295
1406437,1.3742267,4.324442
1406438,3.660397,3.9802213
1406441,4.1657314,4.3136635
1406458,2.0252585,7.1043344
1406462,4.3093815,5.534086
1406463,3.311521,5.316001
1406465,3.863481,4.0384912
1406467,1.6036061,6.1326027
1406469,4.837145,6.1845856
1406471,4.0021014,6.4279675
1406472,1.7242151,6.937504
1406474,2.664231,8.502769
1406475,2.1350973,7.1474614
1406508,3.8071773,6.0658197
1406509,1.9140726,4.1678934
1406510,4.921672,4.604526
1406511,4.8051157,1.5750982
1406512,9.617188,4.684827
1406514,4.6173806,5.0083046
1406516,4.7691574,1.2590027
1406518,9.247471,2.480247
1406519,9.885238,4.5694666
1406520,5.361519,2.5998778
1406521,8.9043665,2.222143
1406523,4.796755,1.2716386
1406525,3.1587067,5.3145957
1406526,3.2108235,4.140244
1406527,2.980517,5.508825
1406528,3.921129,6.263342
1406529,2.291285,6.776028
1406530,8.670735,7.8427763
1406532,3.1185553,4.5950403
1406533,4.0403323,4.1734
1406534,4.9118853,7.059451
1406535,2.2081468,4.3391814
1406536,6.9461374,5.438652
1406537,1.675323,7.5045276
1406538,5.317814,5.7559342
1406539,4.191294,7.3590827
1406540,5.436619,2.7317882
1406541,8.693404,3.2002332
1406542,5.9987698,6.271889
1406545,10.04608,5.572463
1406561,5.355193,1.6390457
1406563,4.8153343,3.149617
1406565,7.6896386,2.524112
1406566,8.778846,0.59579223
1406567,7.983275,2.5886037
1406568,2.6955633,6.675236
1406569,6.710267,3.507199
1406570,3.0684922,3.7942822
1406571,3.8188765,2.548472
1406579,2.031669,3.4002957
1406580,4.915662,3.567647
1406581,4.913045,5.6467814
1406582,1.6223309,5.8877273
1406583,6.6978927,3.571054
1406592,8.200518,1.8962119
1406593,7.120721,1.3148929
1406594,8.885685,1.2829554
1406595,10.750157,7.9823427
1406596,8.766313,11.011037
1406597,8.80209,11.016201
1406598,3.9819598,3.9992783
1406599,8.902027,10.88933
1406600,8.844591,10.9071
1406622,2.8797061,3.739164
1406627,3.4038973,3.7386274
1406629,3.2743866,4.6878586
1406631,3.4929984,4.9052205
1406632,2.99332,1.9528465
1406633,3.9975808,5.5380135
1406635,4.2837305,1.1459613
1406636,2.9333358,3.4106016
1406638,2.9110167,3.8582814
1406640,2.5235438,3.4730897
1406642,2.9325848,4.689527
1406699,5.4330864,5.865746
1406704,8.027585,1.9357463
1406705,7.8844805,2.990199
1406706,1.2716483,6.534185
1406707,3.668899,2.918645
1406708,7.5091243,3.0403857
1406709,7.316696,0.09501778
1406710,6.1762815,0.792263
1406711,7.0917706,1.6702566
1406712,7.0188465,1.4939128
1406713,9.111487,2.4789157
1406714,7.6464458,1.7952952
1406715,8.379031,0.6002705
1406716,8.717917,3.286135
1406718,7.2034526,0.21566278
1406720,4.4753056,1.4055095
1406722,6.8494587,1.1421255
1406723,8.145712,0.3632839
1406725,8.322015,0.76761687
1406727,5.09822,1.832552
1406728,6.2617764,10.139752
1406729,5.674846,10.350295
1406731,6.2605324,9.793908
1406732,6.2043567,9.751066
1406733,5.1798115,8.063405
1406735,8.656265,8.439786
1406736,7.4596972,1.3181285
1406737,7.648887,0.54397166
1406738,8.354528,2.153465
1406739,8.257377,3.4532218
1406741,7.990756,3.5262318
1406742,8.18141,3.4926887
1406744,7.816077,3.5435543
1406746,8.317842,3.8078134
1406748,8.755191,3.7291915
1406749,4.192542,2.7050564
1406750,7.3462877,0.91842276
1406751,7.815541,0.99406
1406752,8.8948555,0.39043862
1406753,6.897435,1.2317511
1406755,4.5625644,6.785494
1406756,5.5116806,7.5021067
1406757,1.4658524,4.193401
1406758,3.84832,5.5425444
1406762,5.1570363,3.7010975
1406763,4.77373,6.3906426
1406764,5.5428095,6.280751
1406770,6.037735,4.92832
1406771,4.5348496,6.64852
1406772,3.5393784,5.655172
1406773,4.682771,5.590389
1406774,4.307536,6.674663
1406775,4.7733574,6.820227
1406776,6.2327714,6.2359643
1406777,4.2344284,5.917618
1406778,4.469717,6.1882644
1406779,4.3502035,6.568996
1406780,5.4238954,6.175514
1406781,4.814429,7.070163
1406782,2.9037077,4.5200367
1406783,2.8467224,3.9544346
1406784,2.8197422,4.455175
1406785,3.6091673,4.7407947
1406786,2.952807,3.7163742
1406792,4.0042505,5.5891066
1406793,3.3967402,2.874511
1406794,5.742877,5.937819
1406795,5.4405117,6.1694117
1406796,3.916137,6.1072717
1406797,4.2480435,5.11779
1406798,4.295698,6.5623693
1406799,4.1215134,4.6358895
1406800,4.718138,6.9248605
1406801,5.8206983,6.5785227
1406802,5.5003,5.9828095
1406803,3.6202505,5.652769
1406804,4.4873867,4.063662
1406805,3.691622,5.3039994
1406806,6.4404287,5.095619
1406807,3.7024157,5.6641507
1406808,4.7299747,6.9219236
1406914,5.567089,1.3727049
1406915,4.534465,3.9118035
1406916,5.579421,0.889539
1406926,7.944101,1.6344783
1406929,8.153747,0.66866314
1406932,6.206463,0.3310571
1406934,4.677137,1.9155126
1406935,7.6366444,1.798484
1406936,4.5563726,3.9579716
1406937,4.724906,0.91097957
1406938,7.219539,1.6665064
1406939,6.01971,0.5293222
1406940,8.762093,0.606774
1406941,4.534114,0.5901617
1406942,8.027285,1.4653864
1406943,4.7463264,0.9506337
1406944,5.9373627,1.1524702
1406945,7.3418713,0.079569474
1406946,3.199061,3.0295515
1406949,5.841981,7.6104684
1406950,6.862416,0.71865976
1406951,5.3383927,5.8209505
1406952,5.9444094,1.3374221
1406953,1.2818745,6.470552
1406954,4.807503,7.026636
1406955,6.048116,1.3586081
1406956,6.1260805,6.767695
1406957,4.658734,6.8744044
1406958,1.4915988,7.1058455
1406959,1.3550987,4.4701095
1406960,4.5126634,6.501088
1406961,7.381817,0.92327374
1406962,5.997514,1.27688
1406963,4.867324,2.8588777
1406964,5.82281,1.4267875
1406965,5.6940627,1.5376976
1406966,6.8023634,3.2116642
1406967,6.833805,2.3352485
1406968,6.777929,1.9695462
1406969,6.84494,2.1773696
1406970,7.843959,2.517405
1406971,4.8309646,1.2068766
1406972,6.048282,8.271222
1406973,3.414477,5.5943723
1406974,1.9798201,3.9586196
1406975,2.532387,8.304398
1406976,4.026504,5.2149706
1406977,4.926837,5.705713
1406978,4.1533675,6.0848126
1406979,4.6232777,6.855947
1406982,4.3678846,6.5546885
1406983,1.0870528,5.9037127
1406985,8.962099,4.3015094
1406986,3.0747073,5.463101
1406987,3.393985,3.4534082
1406988,8.362307,0.5564087
1406989,3.902508,5.5895195
1406990,4.443596,6.164001
1406991,4.1654005,5.204516
1406992,8.393349,0.5255337
1406993,2.4721537,6.983663
1406994,4.463833,0.5797905
1406995,4.6938562,0.6890516
1406997,6.123024,0.6559483
1406999,4.4233847,0.6446764
1407000,5.447854,10.5210905
1407002,4.4171658,0.67955357
1407003,5.289146,0.63303024
1407005,5.2070456,0.9152007
1407007,4.650052,0.5931455
1407009,2.558244,3.9731853
1407010,3.6549697,7.122912
1407011,4.138553,6.9911566
1407012,4.384779,6.452012
1407013,3.1734524,6.588245
1407014,2.9549792,6.526641
1407015,3.1580143,6.745165
1407016,3.6471815,6.913661
1407017,3.0905118,6.9531293
1407035,3.4807968,4.2845087
1407036,4.785331,6.9712067
1407037,4.282285,6.114237
1407038,4.18326,6.6106653
1407039,6.0633388,6.303091
1407040,4.272797,6.826533
1407041,4.6343307,6.9485884
1407042,3.7899852,6.5938287
1407055,4.5905824,3.3617747
1407056,5.1795006,4.3149834
1407057,5.4883657,1.1093276
1407065,7.371432,1.4278861
1407066,7.124103,1.7656692
1407067,6.722725,9.100406
1407068,6.837268,3.6677728
1407070,2.193071,6.184091
1407071,2.831031,7.713847
1407072,6.644042,5.765002
1407073,2.7829049,7.596619
1407075,2.9045856,7.6297464
1407077,2.2173045,6.7327504
1407078,3.174028,7.3435063
1407110,3.5236537,7.1550303
1407111,3.9679878,6.936291
1407112,7.523643,1.925505
1407113,5.962465,1.1049831
1407123,3.0328114,2.9598246
1407124,3.2528536,4.274188
1407125,3.1640768,3.9741142
1407126,1.353026,5.795774
1407127,3.9920523,6.8179154
1407128,4.929397,6.573169
1407129,1.090032,5.8756137
1407130,1.8526146,6.8666153
1407131,6.1312637,6.361715
1407132,2.9507148,1.8707217
1407133,4.300343,7.1587224
1407134,3.9886699,7.7239146
1407135,3.937421,6.0271816
1407136,3.3065798,2.867434
1407137,1.6458292,6.5566998
1407138,3.0409904,3.0431314
1407139,3.293707,5.6144257
1407140,1.8052679,5.7816715
1407141,4.053903,5.0916214
1407142,4.3689747,5.5675917
1407146,4.1910267,5.286847
1407148,6.861461,5.7745824
1407149,5.299042,6.7950673
1407150,4.348801,5.5985203
1407151,2.5031366,5.6039476
1407152,1.4900733,4.1097174
1407153,1.6613994,6.778374
1407154,3.6440184,4.6342907
1407155,1.7450584,6.754071
1407156,1.5170647,6.848929
1407194,1.1745465,5.98856
1407195,2.2267408,7.1497097
1407196,1.7820538,6.829287
1407203,1.2599164,5.876069
1407228,1.1887021,4.841326
1407229,1.9894917,5.878104
1407230,0.87950295,6.4661045
1407231,1.042681,7.034245
1407254,1.5253197,6.0095835
1407255,3.5379956,5.1954603
1407257,1.5864375,7.245804
1407259,0.85120445,6.6523104
1407281,1.642902,6.7597857
1407282,1.5560756,6.6995287
1407283,1.0537338,5.8010163
1407285,0.8523763,6.281796
1407294,1.4696417,7.4257174
1407295,1.1563563,7.390108
1407296,1.3956716,7.4800615
1407303,5.914746,0.4708181
1407305,1.3616431,5.9273624
1407306,4.0712843,2.215566
1407307,3.3690255,5.3190246
1407308,7.574037,1.060673
1407309,7.9807653,1.5994152
1407310,6.017063,1.341788
1407311,8.493712,1.4852773
1407312,8.143744,1.6406423
1407313,7.0522513,1.4882349
1407314,6.3488784,2.4131508
1407315,7.135237,1.4154199
1407316,7.976495,0.9192764
1407318,5.3691664,6.910918
1407319,3.7979867,2.9193075
1407323,3.834946,7.001845
1407324,5.7022467,10.142775
1407325,5.7268705,10.301412
1407326,5.3335557,6.7544155
1407362,4.342544,6.760245
1407363,1.6259651,6.080203
1407364,2.8660862,6.446802
1407365,3.9296918,7.1456738
1407378,2.9877481,6.474028
1407384,5.8662796,6.641325
1407386,2.188551,6.5647054
1407395,3.167545,6.0132065
1407396,7.167119,0.64060193
1407428,6.997379,0.9905199
1407494,6.605745,0.2976309
1407811,6.475636,0.59100896
1407813,7.6840153,0.9089265
1407814,7.7559886,0.7754549
1407815,8.329102,1.7824515
1407816,7.9486003,0.8352845
1407817,7.126992,3.1068487
1407836,7.6562138,0.84121364
1407845,5.2327347,6.121915
1407846,3.6719136,5.7544994
1407847,3.295286,5.6663103
1407848,5.0791545,6.983882
1407862,4.2488694,6.150106
1407875,5.2337894,3.3460429
1407876,4.6873813,6.6177993
1407877,3.5867038,5.5595713
1407896,4.454431,6.8318505
1407913,3.391457,5.227817
1407921,4.5615764,6.8362017
1407922,0.6162743,6.739901
1407923,5.3468895,9.798793
1407925,3.461751,5.6106706
1407932,4.1907406,5.494443
1407937,3.4325511,6.7342486
1407939,4.7405496,6.7592516
1408294,3.2832892,5.42981
1408532,4.3406157,3.5747662
1408533,4.5643435,3.857287
1408535,6.0137157,2.0353558
1408569,6.086125,1.6669343
1408696,6.619375,2.3546827
1408710,2.628641,6.9214416
1408711,4.152136,6.4823594
1408712,6.1029296,6.3816915
1408713,3.800703,6.1523867
1408722,4.2206964,6.8687615
1408735,9.877886,7.88743
1409719,3.8707254,5.6558504
1409725,1.7363955,4.5081916
1409726,1.3516667,4.4044294
1409727,0.6854357,6.2360277
1409728,2.729861,7.5140176
1409729,3.0145216,5.802246
1409730,2.7883036,6.2277017
1409731,2.1305513,7.1276784
1409732,2.749688,6.680454
1409733,2.607647,7.075741
1409734,1.018767,6.269534
1409735,5.3144884,5.7427115
1410573,4.166784,4.896125
1410574,1.7641721,7.421394
1410575,2.2117364,6.5772033
1410765,5.3047004,2.9320562
1410774,7.756496,1.6300515
1410910,5.0769067,1.2451832
1410982,6.2845764,5.068401
1410983,6.2770686,5.027392
1410984,6.2689624,5.015392
1410985,6.2765627,5.039069
1411013,6.248567,5.0099974
1411014,2.5772295,7.107979
1411016,6.2566285,4.9728503
1411018,6.2387886,4.9935074
1411056,6.2710824,5.043189
1411089,6.3681583,5.0579605
1411104,6.230277,4.979084
1411117,6.2662787,5.035587
1411138,6.259426,4.975685
1411155,6.3994837,5.1049204
1411168,6.487101,5.1348386
1411173,6.320952,5.0571012
1411176,6.257791,5.005258
1411191,5.3869524,2.852034
1411193,8.624354,0.45404893
1411194,7.892115,1.6697409
1411195,6.664286,0.7065667
1411370,4.4172816,3.6004672
1411794,3.900569,3.2098749
1412360,3.5561302,4.7337785
1412363,1.7605671,4.238651
1412364,4.1708565,4.592848
1412365,3.1098769,4.2025037
1413037,6.1008887,2.316277
1413039,6.107756,2.2831085
1414028,3.3947458,4.68847
1414029,5.394242,8.398561
1414030,3.5282583,3.2255385
1414031,6.847231,8.513484
1414032,7.9605412,8.700567
1414034,4.5506926,8.304154
1414035,6.3510966,5.097742
1414060,6.7125254,8.469764
1414257,5.155175,4.3834167
1414258,4.10711,4.523133
1414259,3.926296,4.5837297
1414260,4.139726,4.921228
1414261,3.4978294,5.6477356
1414262,3.6750026,5.6634827
1414267,4.242969,3.2259424
1414269,2.112922,6.2865295
1414270,3.9707968,4.161753
1414271,3.6801932,6.7121663
1414272,5.575796,10.377901
1414273,3.3553064,6.656963
1414274,3.617653,7.0761375
1414275,3.3519423,6.8238206
1414277,4.2650375,5.9864435
1414278,3.3801513,6.918633
1414279,5.075957,7.950215
1414280,3.3932662,6.5700045
1414281,3.8140676,6.378524
1414282,3.2851198,6.0489473
1414287,5.3951774,10.5330515
1414290,5.758006,8.550806
1414291,5.077509,8.266605
1414293,6.510663,8.25574
1414295,10.053328,8.152613
1414297,4.885923,4.8116736
1414299,8.9068165,8.56636
1414376,5.0150323,3.56298
1414509,8.551661,4.1799088
1414512,8.485227,3.7912018
1414633,3.6092465,3.7944264
1414636,6.0729547,2.3252087
1414637,6.0109386,1.9784425
1414657,4.1323,2.8359864
1414659,4.9305453,3.0642033
1414668,6.562768,7.488925
1414669,7.320319,7.072205
1415810,7.0453153,6.4334674
1415811,4.6570635,3.1204836
1415812,2.781766,5.098554
1415813,4.837954,2.8524623
1415814,6.1286297,2.4196222
1415815,4.0995097,3.3092775
1415816,3.924022,3.7771518
1415817,3.5366912,3.1378484
1415818,3.5807474,2.9698393
1415819,3.6069195,3.638565
1415820,4.408161,3.0481417
1415821,3.1485417,5.5101686
1415822,4.5823064,3.6346684
1415823,9.139974,6.016563
1416145,3.6877432,2.932815
1416322,3.3398647,2.2358825
1416529,8.0733185,9.102291
1416531,4.477084,3.088517
1416715,2.4342477,6.484501
1416716,2.934438,6.1893616
1416717,1.9965667,6.5021043
1416718,3.9684434,7.641678
1416719,1.7043685,6.4285283
1416855,9.130686,7.9563336
1416856,7.921989,1.8214579
1416857,4.516933,4.114413
1416859,6.0787807,1.6001958
1416915,4.494864,3.992784
1416935,8.691333,0.815363
1417050,6.242672,0.888163
1417071,6.6402693,0.53088033
1417099,7.04297,1.8954303
1417101,3.6025987,2.4101193
1417102,3.4736905,3.5564017
1417103,8.507589,3.2255318
1417409,6.9093966,1.6016475
1417786,2.8430526,4.384712
1417787,2.8473547,4.4709477
1418342,6.859137,1.8355618
1418343,9.120379,2.5828533
1418344,6.3178916,0.7257369
1418345,6.4484763,0.68892735
1418346,8.71716,0.5530397
1418350,8.832776,0.35353994
1418351,6.897387,0.9051133
1418352,7.2113476,1.1683027
1418353,3.4222326,3.6237671
1418354,7.367429,0.993952
1418583,4.724881,1.8833379
1418585,5.2350225,3.7094374
1418587,8.20196,3.6911275
1418772,3.701595,6.1716623
1418774,3.7640204,5.5490065
1418775,2.231384,3.6743371
1418776,5.28837,7.4995666
1418777,4.0222325,4.6952147
1418778,6.6585426,3.8338692
1418779,3.993235,5.666841
1418780,3.477645,4.863797
1418781,2.9911005,6.2974486
1418782,4.933707,7.0106287
1418783,4.1374254,7.066549
1418784,4.5188823,4.050532
1418785,4.0477266,6.48014
1418787,4.4183717,6.6926217
1418788,4.0456142,6.373906
1418789,4.7264385,6.526429
1418858,4.8987675,2.5617766
1419016,8.707097,4.8222895
1419044,9.198472,4.873856
1419076,8.668759,4.891553
1419140,1.4059504,4.401131
1419397,2.904026,3.9119334
1419457,2.8220162,4.7232184
1419609,3.4120405,3.8006446
1421096,3.5382302,2.757869
1421114,7.925374,8.695448
1421181,7.1940923,0.071159
1421524,6.312918,2.2561722
1421525,6.109562,2.3968418
1421526,9.417635,3.857481
1421531,4.4639554,1.4949999
1421532,4.1586947,1.5955302
1421857,8.696772,8.887738
1422099,6.8397307,3.505269
1422100,4.827364,1.2665545
1422101,5.1336703,1.3027463
1422103,8.509002,3.1693463
1422117,3.1999867,4.357963
1422147,0.73707885,7.2805643
1422150,1.0436187,7.172031
1422151,2.034626,7.1481314
1422152,1.4301164,7.265932
1422153,2.1933286,7.280245
1422154,1.2383307,7.424032
1422155,1.0418625,5.087954
1422221,0.87521106,6.865463
1422222,1.9159422,6.0379558
1422223,1.3291633,6.213717
1422224,1.1214094,6.6960382
1422225,1.4122323,7.057561
1422226,2.473366,4.4899125
1422227,1.1074877,7.117382
1422228,1.1911649,5.934926
1422229,2.1379962,7.331912
1422230,1.0912364,6.1714687
1422231,1.2896438,5.931298
1422232,0.9441138,6.688704
1422233,0.3980708,6.9598956
1422234,1.2621329,6.736634
1422235,0.93917567,6.7102532
1422236,1.5122478,6.8817143
1422237,1.152346,6.272581
1422238,1.2151409,6.95645
1422288,4.3188677,6.8130636
1422289,4.760996,6.779092
1422290,5.9067006,6.8546004
1422291,4.7564726,6.880631
1422292,3.3471537,5.2650704
1422294,4.44298,7.064306
1422295,4.9353356,6.8476777
1422297,4.3075824,6.1823244
1422298,4.4429793,6.2073836
1422300,4.4172835,5.796117
1422303,5.388243,7.358101
1422305,3.1077073,4.4862223
1422307,5.1171074,4.3140426
1422309,4.5758834,6.3424354
1422311,4.2056384,4.925623
1422313,6.484429,0.39263418
1422415,8.88101,1.1875517
1422418,8.790673,1.4795153
1422420,9.135669,3.6769822
1422458,2.8597705,3.1529543
1422471,5.3741765,10.562865
1422473,2.7379293,3.8211148
1422477,2.9261682,3.698072
1422481,2.956309,1.8890446
1422484,3.0200484,4.209556
1422485,2.8656492,3.9441202
1422487,2.6445007,6.077697
1422488,2.8822803,4.3177676
1422489,2.975489,4.078022
1422501,2.9739,3.3000188
1422504,3.7369008,4.90542
1422505,2.88578,3.972108
1422506,3.1128037,4.6550527
1422507,2.8935802,3.371382
1422508,2.70511,3.8237786
1422509,2.8664327,3.6101036
1422510,2.9148605,3.4633453
1422511,2.8531115,3.9138768
1422512,2.8513408,3.9561563
1422513,4.533618,1.3162972
1422514,5.442285,10.487034
1422515,2.8293414,4.0355673
1422516,3.0685964,4.3160996
1422517,2.8184776,4.454898
1422518,2.9748116,4.3925657
1422519,2.8778605,4.546205
1422520,2.9441106,1.9180356
1422522,2.8860135,3.3224375
1422524,2.9272308,4.435976
1422525,2.8670945,4.5768385
1422526,3.1735427,5.013965
1422527,3.2546728,4.1089306
1422529,2.914047,4.528738
1422530,3.3216424,2.2006407
1422778,0.92433447,7.5351806
1422780,4.13004,2.8787336
1422781,6.4639215,0.5361566
1422936,6.0733714,2.1695967
1422962,7.2706885,8.273977
1422963,7.5712957,0.5127882
1422965,7.316092,6.651108
1422967,9.604815,5.208628
1423001,5.548655,7.3638697
1423606,7.332389,5.614855
1423607,9.760484,4.4734735
1423609,9.052195,5.242989
1423610,9.125532,0.6927243
1423611,7.0983043,2.268309
1423612,7.991629,5.0385294
1423613,9.592402,4.594634
1423614,9.768953,4.49194
1423616,10.069435,8.070843
1423617,8.740886,3.7804437
1423618,8.826955,2.2880588
1424072,2.7227151,7.337778
1424264,3.1371596,5.9604855
1424290,6.3444486,1.0224036
1424291,6.906374,0.56841856
1424293,7.813235,2.3713112
1424295,8.354449,0.7522881
1424335,6.408663,2.2335243
1424336,8.666605,0.6302824
1424338,5.773381,0.24938598
1424339,4.499348,3.9937582
1424385,8.812291,0.42845783
1424386,4.81652,1.2229215
1424387,4.683956,4.4229746
1424390,3.5749373,3.8937147
1424391,5.0481167,3.640488
1424392,4.3569856,2.8580863
1424393,3.9142277,3.732284
1424394,7.9876885,1.7405741
1424398,6.505008,2.1358068
1424400,8.950569,1.1439605
1424402,5.2568827,1.6408725
1424403,4.2412777,3.2252796
1424434,9.047225,2.4488826
1424435,5.907252,3.2463543
1424436,4.0901427,1.6487596
1424438,8.090264,1.6422035
1424734,8.077312,1.5356197
1424735,4.4927173,3.9514322
1424737,6.025778,2.948018
1424739,6.115483,1.8315353
1424756,6.111333,0.84317696
1424758,5.0974035,2.344784
1424772,7.391596,1.8879008
1424783,6.7482667,1.9203473
1424802,5.658821,0.5975473
1424803,5.7104864,2.297453
1424805,6.8788376,1.539991
1424807,7.012322,0.4941074
1424809,8.641636,0.6953067
1424811,8.442456,1.3138167
1424813,5.8076015,2.7281249
1424815,6.8566275,1.6397552
1424913,7.213854,7.5662975
1425179,9.148882,0.92829883
1425232,3.501675,7.1537066
1425233,2.8360267,5.335771
1425235,5.6127496,10.282891
1425237,2.164084,7.9440866
1425271,3.2129755,4.940987
1425300,6.432477,6.5532765
1425338,7.0261188,7.7670593
1425359,3.688151,7.1768084
1425369,2.8785174,7.588576
1425376,3.511641,7.141652
1425378,3.923093,6.896251
1425380,3.6989253,7.063303
1425382,6.9732003,1.4006813
1425383,2.882163,7.528464
1425384,7.6358995,2.5253685
1425385,6.6021447,0.94312793
1425386,6.853084,1.3968257
1425387,5.2020044,0.942415
1425388,5.8594666,0.19991902
1425508,4.9076395,1.7498431
1425601,3.3965123,4.1157413
1425633,5.0875645,7.23443
1425634,6.833215,8.960925
1425635,8.65443,8.713082
1425636,5.733532,7.952067
1425637,7.1469045,8.750959
1425638,7.1275144,8.620473
1425639,5.0356517,7.1883817
1425640,5.583945,7.8797874
1425641,7.0475154,8.813107
1425642,5.018646,7.3711085
1425657,8.215489,3.9587722
1425660,8.609278,3.8920944
1425661,4.62543,3.6320448
1425665,5.0202756,1.7759821
1425668,6.953648,1.2937155
1425669,7.763887,2.0470805
1425845,9.221886,8.393407
1425896,3.3788934,4.826339
1425897,2.8347766,3.734384
1425938,3.0703378,3.1378763
1425973,3.0314095,3.0027053
1425974,3.3140552,2.18957
1426025,3.3153305,5.28588
1426343,3.987164,5.26666
1426344,3.4351208,5.576651
1426372,5.0537567,6.688092
1426422,7.842614,1.1225773
1426424,7.090469,8.45177
1426425,9.063158,2.0018432
1426426,5.8086395,0.23722348
1426427,7.922,2.218268
1426428,5.9479694,0.4110632
1426429,5.9210095,2.0841813
1426898,8.667762,1.3617384
1426919,5.052808,1.6973149
1426920,5.5549583,2.4382987
1426922,6.0597367,1.9516085
1426924,7.311338,0.10277918
1426981,5.0968714,1.7239043
1426982,4.2193832,2.510153
1426985,6.6851707,1.127438
1426986,8.944908,1.3960801
1427000,9.074382,0.7562311
1427002,5.381671,10.571233
1427005,8.735185,3.2726266
1427016,6.2996364,2.10852
1427026,4.623393,4.8075223
1427031,6.1596336,2.4059913
1427032,7.3394003,1.8519977
1427318,4.9564023,1.7276648
1427375,5.8112783,10.085255
1427376,8.044728,6.1413517
1427377,5.787515,8.266344
1427378,7.1532717,7.6385856
1427380,4.9389577,3.0543578
1427715,5.3749886,10.511868
1427726,6.052107,8.387362
1427735,8.602365,0.63147247
1427738,5.2241855,2.0551817
1427794,8.307501,6.615291
1427799,6.273997,4.7063494
1427800,5.490343,1.7371119
1427801,5.465505,1.4836549
1427811,5.7569523,1.6193047
1428161,2.9335322,1.8722873
1428318,2.930391,3.326117
1428546,2.6633465,6.2120786
1428548,3.0877736,3.0097194
1428609,4.2691007,6.9128733
1428610,8.827948,8.082832
1428611,7.010538,7.7661967
1428612,2.6787128,7.6287055
1428634,2.8998115,7.5025296
1428635,2.5224237,5.5323424
1428653,6.020716,6.3179374
1428654,6.30038,5.0881205
1428655,2.5311606,7.7233524
1428668,2.9817536,7.817933
1428685,2.9017873,8.020293
1428698,2.892644,7.6244993
1428707,6.402665,6.151839
1428712,3.9714673,6.759849
1428777,6.7651424,3.543797
1428784,7.4046073,0.19107267
1428791,7.773719,5.632878
1428861,9.418368,2.1253552
1428862,9.070039,5.688953
1428863,6.7549696,5.1783895
1428865,9.550892,5.2772403
1428866,9.627872,5.0794454
1428868,9.337693,4.9702115
1428869,9.820596,5.6854863
1428870,9.694444,5.201276
1428871,8.27585,5.848498
1428877,5.959592,7.78673
1428881,5.6476874,7.6343923
1428958,4.835023,7.116666
1428960,5.6530514,7.306091
1428962,4.9126663,7.44974
1428966,5.478468,7.5665655
1428970,4.761163,7.0934815
1428971,6.132366,2.3006108
1428972,8.223175,3.140308
1428974,4.9763556,4.6118617
1428975,5.4398766,7.620367
1428977,7.8203316,9.4273815
1428978,8.052197,9.022809
1428981,5.1550817,7.2029257
1428982,5.5222125,7.2500596
1428985,3.7039554,6.972239
1429013,4.2058783,5.7498612
1429016,4.2488594,5.8645887
1429020,4.1985383,5.5494604
1429023,4.1673813,3.3056767
1429031,8.126784,5.049293
1429174,7.8559675,5.3073826
1429207,7.0638433,5.978218
1429208,9.502663,5.618131
1429209,9.426107,5.6516895
1429214,6.1578774,6.230108
1429216,6.5111456,6.1567645
1429218,7.7655573,5.7743196
1429219,6.188903,6.0178957
1429220,9.114957,5.0806494
1429222,9.532076,5.319986
1429223,9.775928,4.6318927
1429225,9.556895,4.792696
1429231,7.0195904,6.464825
1429234,5.833085,6.4464936
1429237,7.733379,5.623683
1429250,7.4952817,6.2169313
1429251,6.817762,6.0343432
1429252,9.005542,4.950255
1429253,2.1154706,6.107854
1429254,5.628771,10.182648
1429258,5.4499273,9.690207
1430647,8.266254,4.9736285
1430737,8.185919,5.454745
1430769,6.108846,1.8513831
1430770,6.136172,2.4179986
1430771,3.6474655,2.5118577
1430772,9.080662,8.039952
1430773,4.709955,3.675507
1430805,3.3177724,5.087446
1430806,4.7066193,6.9303665
1430807,4.3208733,5.512676
1430872,4.351753,4.1921225
1430873,3.3227916,3.7994099
1430874,5.987823,2.1598797
1431118,9.441753,5.229102
1431119,7.1179485,1.3622775
1431121,9.24411,2.157602
1431160,9.69283,4.965466
1431161,9.177071,5.634989
1431162,9.269826,5.2846932
1431203,9.424475,5.7493186
1431207,9.377369,5.475495
1431208,9.420586,5.393443
1431209,6.94259,5.259202
1431229,10.305428,7.5126233
1431230,9.631934,5.282251
1431288,7.353162,6.022001
1431289,8.638182,0.6086657
1431295,7.284864,6.0640073
1431298,1.1874554,4.7511396
1431299,1.2858908,4.6208673
1431300,3.8417137,3.5042348
1431301,3.1235228,3.1735399
1431306,1.3978045,4.430541
1431311,1.4545993,4.4816346
1431312,3.7022974,6.3140106
1431313,1.8133783,3.890006
1431319,7.56042,2.4653552
1431322,8.359264,1.3266358
1432037,7.2921495,0.8993607
1432043,1.5282873,4.0887766
1432113,4.8938084,2.874849
1432115,4.4686074,2.9146469
1432437,7.9243574,5.142329
1432438,2.8972814,7.4366283
1432462,3.1418545,4.223739
1432671,0.33107537,6.9239793
1432698,9.046188,4.396607
1432699,5.348467,2.8035157
1432725,6.1025257,4.9080667
1432774,3.0388072,3.6123548
1432776,3.9854262,3.2383225
1432777,6.1779976,1.7878004
1432778,5.2881265,3.2129872
1432781,2.2697682,4.3575006
1432785,1.4936165,4.315501
1432786,4.13309,2.8307168
1432822,4.722549,1.868433
1432823,8.363528,3.8656375
1432824,4.3527627,3.034363
1432869,5.4445505,2.5153217
1432878,4.640744,2.0988219
1432879,4.7397285,1.8884358
1432881,4.7290654,1.9080527
1432950,4.2171307,1.0973935
1432951,4.1247435,0.64838743
1432953,4.403019,0.97046465
1432954,4.308977,0.6519892
1432988,4.2476454,0.91495395
1432989,4.6002274,0.7447058
1432990,4.2801166,0.6617297
1432991,4.431308,0.7330527
1433016,2.943714,3.8719015
1433017,4.3284926,0.69987464
1433019,4.2878504,1.1074322
1433021,3.068895,3.6195173
1433039,1.1641964,6.772578
1433040,2.245688,7.439273
1433041,1.3484148,6.763075
1433043,1.8203574,6.6308947
1433093,2.359536,7.260058
1433135,2.2240574,6.1157274
1433140,1.5158917,5.327772
1433142,1.8623588,7.411514
1433144,3.1094396,5.157695
1433146,1.5984008,7.150308
1433184,0.7400658,6.085524
1433235,1.6105363,4.661767
1433236,1.4994189,6.5110226
1433267,3.2716632,5.415156
1433290,6.736524,5.326132
1433295,1.112594,6.7573123
1433296,0.9182897,6.4697537
1433319,1.8547486,7.324631
1433335,2.1432097,5.792835
1433339,1.2120255,6.7141194
1433340,2.5121255,4.720041
1433341,1.7576008,7.1189985
1433355,1.487137,7.328323
1433366,2.9448125,1.9017072
1433375,8.928313,7.588723
1433382,2.1501555,7.6474576
1433387,2.700565,5.7896934
1433390,1.4989014,7.0619497
1433584,8.418628,3.667782
1433586,8.691385,2.1555948
1433587,9.248114,6.156914
1433588,9.228926,5.486272
1433660,2.154833,7.3101945
1433661,1.7436762,5.930196
1433662,1.2355013,4.743659
1433851,3.0460522,4.1316447
1433859,3.058834,4.7313685
1433860,3.8251863,5.1914363
1433861,2.7630334,3.3283978
1433862,3.024077,4.553188
1433863,2.9077723,4.4691544
1433864,3.4227695,4.2463274
1433865,5.3032126,5.7084203
1433866,2.590326,3.8840055
1433869,9.184684,5.338369
1433872,8.286497,3.8891156
1433874,7.660992,3.1867077
1433876,9.144535,9.228998
1433877,9.556276,6.2497854
1433878,7.416645,5.7231445
1433879,8.07907,5.502407
1433880,8.1030245,3.3351061
1433881,8.846814,5.534443
1433882,8.139949,3.694584
1433883,7.9773893,1.8622483
1433884,9.837201,5.0229917
1433885,8.321569,2.1617868
1433886,8.163886,4.462029
1434145,9.928056,5.590213
1434149,9.954823,5.5396132
1434152,7.2696075,1.1160654
1434369,7.6088495,0.25327665
1434370,9.283397,2.0982797
1434372,8.501112,3.7388449
1434379,9.308507,2.2844567
1434419,9.161228,1.8742222
1434421,9.13121,4.4105725
1434423,6.032111,0.66328394
1434424,9.289222,2.0521672
1434471,9.20888,8.254235
1434477,9.977148,8.005928
1434519,0.30584654,6.96139
1434521,6.0972476,1.0727102
1434597,2.8451946,3.9380462
1434732,4.38961,4.5195303
1434771,2.8154366,4.515609
1434818,8.662317,3.8187685
1434822,4.0119905,6.0371227
1434973,4.0604906,4.581169
1434974,4.3862743,0.6823146
1434975,4.2831264,0.8428425
1434976,4.2277985,0.68264806
1434988,3.4105608,4.810166
1435005,4.4725776,0.592018
1435018,4.737383,0.8781289
1435028,4.4360957,0.67960924
1435033,4.2782965,0.6954795
1435514,4.3060684,6.0409756
1435517,4.515731,5.0701065
1435520,4.9099946,2.8133073
1435528,5.4010267,2.3387969
1435537,3.0128517,5.525646
1435577,4.0127187,3.5316544
1435578,4.5607905,3.7334785
1435658,3.5024152,6.0301647
1435660,9.142174,10.098948
1435661,4.718392,4.0426793
1435665,1.316077,5.533215
1435666,9.257636,9.851124
1435667,3.7932305,3.288678
1435671,3.5746133,3.161055
1435672,9.256048,9.3513975
1435673,4.929507,6.3948364
1435674,2.2316828,7.493899
1435675,5.765897,7.8943405
1435676,4.7200656,6.2564597
1435677,2.5031445,5.7361107
1435680,8.2481,6.98182
1435879,3.9319499,4.843927
1435898,1.5878032,7.28118
1435967,4.1374006,5.3473425
1435977,3.694471,4.9912205
1436061,1.3269244,7.362269
1436091,4.848149,3.8101163
1436118,5.5057545,6.580279
1436122,4.8792195,6.1689467
1436125,4.0920506,6.6998
1436129,4.68375,5.096449
1436135,5.043088,3.5008771
1436140,5.3763137,6.003185
1436144,4.4354143,6.752854
1436145,2.9231472,5.097887
1436146,0.6242661,6.5992427
1436147,3.6621726,5.6799912
1436167,2.179725,6.038129
1436168,2.3931892,5.584558
1436169,3.7662866,6.0266576
1436170,3.190406,5.557313
1436171,2.7350402,6.5676045
1436209,1.50241,4.049521
1436216,2.534469,5.93806
1436219,3.3809319,6.8920074
1436228,1.9134871,6.4820256
1436229,3.4300597,6.2287755
1436235,5.2008657,1.9110694
1436305,4.9969234,7.669998
1436306,1.5878079,4.220621
1436307,4.547027,6.747602
1436308,3.527875,5.3624816
1436321,1.5322998,4.2031913
1436378,3.473584,4.899738
1436379,5.553551,6.184763
1436392,4.518748,6.7348332
1436439,4.5365205,5.5392346
1436440,4.9345617,5.8401957
1436441,4.2003183,6.2840314
1436442,4.6563067,6.8919296
1436448,5.1269827,3.409367
1436467,2.8951359,6.4576316
1436487,4.251719,6.565969
1436488,4.092716,6.6558475
1436489,3.5291688,6.609836
1436490,3.970056,7.391615
1436522,3.9120204,6.521726
1436523,5.188834,6.502371
1436525,4.21111,5.074192
1436546,4.452679,6.6834755
1436717,4.4695873,6.2534323
1436718,3.0987473,4.487996
1436720,3.4413753,6.806274
1436722,2.982853,5.5907383
1436746,5.032989,6.7093134
1436747,4.1731873,5.337804
1436766,4.4408784,6.8371477
1436771,5.532272,6.1830645
1436783,4.933186,6.6916356
1436784,3.5517046,5.7564306
1436786,2.525978,6.7525373
1436788,6.607379,5.960732
1436796,3.2201698,6.912728
1436801,4.3174706,5.884551
1436804,2.7962832,6.213659
1436822,5.557349,1.7493333
1437033,3.2894006,3.7827942
1437035,4.398935,3.0608506
1437036,0.8078859,6.154112
1437038,3.1994426,2.9624403
1437041,1.9788809,4.655828
1437066,0.8088243,6.202208
1437067,3.3139596,2.9498284
1437069,0.7773243,6.1513066
1438662,7.1090283,6.41473
1438663,7.261005,6.1902227
1438666,6.980361,6.438942
1438667,7.4608893,6.6437902
1438668,9.775841,4.5202785
1438669,7.4679747,5.727872
1438670,7.99716,6.1502743
1438671,7.1375356,6.144319
1438672,7.7256374,6.4851913
1438676,2.90382,5.869596
1438677,6.383039,5.1348004
1438678,1.4923464,5.8821115
1438680,2.1086657,6.075826
1438735,2.0705698,6.8470035
1438736,1.1805309,6.7538757
1438737,2.006115,6.593944
1438738,2.2149384,6.8001323
1438764,1.1278286,6.9329433
1438765,1.5383664,6.0246215
1438766,1.8751465,7.845766
1438768,5.5250607,10.19539
1438786,1.6058174,6.833881
1438815,1.0430368,6.8935757
1438828,0.8151637,6.3572235
1438839,1.3653384,6.5347695
1438840,1.1055124,6.8208714
1438841,1.1162,6.655979
1438843,1.3273613,6.887274
1438849,1.5118576,7.170503
1438850,5.409783,0.70378566
1438851,4.345298,2.7046719
1438853,4.638198,1.1946888
1438855,3.9483008,4.653313
1438869,4.211476,2.8390706
1438873,3.6153007,2.8184156
1438878,3.895026,3.1611013
1438881,5.300644,2.349985
1439000,4.9510603,2.7627378
1439001,4.8530126,1.2904936
1439054,4.428816,0.7478776
1439184,4.342982,1.1314764
1439212,4.178657,2.9835508
1439217,4.4918785,0.59713614
1439218,4.6043963,3.845055
1439220,4.6133914,5.118371
1439221,9.608721,8.143097
1439222,8.526984,6.863236
1439223,8.9139185,7.241758
1439256,8.400754,0.42302385
1439294,4.125326,4.787977
1439498,1.3261894,7.431609
1439499,1.1376886,7.2529564
1439501,2.4125962,7.338189
1439503,0.45356074,6.5128555
1439541,3.3528862,6.698293
1439575,2.5353792,7.6619496
1439576,2.0508957,7.254299
1439597,0.31712377,6.8383474
1439606,0.41827488,7.031019
1439607,3.3035936,4.897545
1439608,0.9789385,7.36466
1439609,0.37653056,7.045888
1439620,2.511626,7.196917
1439621,1.3256317,7.4245086
1439622,0.6394609,6.1495943
1439637,2.3701458,7.8633204
1439638,2.99348,7.581323
1439639,2.8962076,7.06726
1439640,1.249119,7.685316
1439648,1.9720976,7.426726
1439649,2.1817079,6.9849524
1439653,2.5911646,7.672022
1439655,4.639387,3.0971787
1439657,4.4695683,4.0094786
1439661,6.935704,3.4655132
1439663,5.2594624,1.3751361
1439665,3.1939933,4.4232864
1439666,6.0793343,4.867494
1439672,5.3836684,1.410932
1439727,3.1193051,3.0710404
1439731,4.680814,1.9142791
1439732,4.6928773,1.9729353
1439735,4.584251,2.0308242
1439739,4.5678043,1.916135
1439741,5.6916795,3.0812027
1439745,6.958098,3.0578914
1439749,4.667647,1.9282614
1439759,3.305572,3.9586043
1439763,5.4557056,0.9281519
1439783,9.375895,5.438862
1439792,5.21296,2.4214604
1439794,5.486654,1.9162257
1439797,4.6727467,2.4767115
1439800,5.6835327,3.0644667
1439802,5.958039,3.2647138
1439803,7.11346,3.1404238
1439846,4.0166945,2.7313037
1439847,7.305073,0.82485116
1439857,4.6930346,3.2211037
1439861,5.8767247,0.6343647
1439864,5.0118427,1.1339138
1439869,5.845218,1.1534996
1439876,4.6064267,2.4102874
1439880,5.4122925,10.507429
1439886,5.06315,2.2208285
1439889,4.9482975,2.3577511
1439894,1.5695065,4.035696
1439908,4.6254625,3.0312014
1439933,5.9505367,8.5095
1439934,8.178346,8.371749
1439935,9.731922,6.690855
1439936,8.945222,4.1365466
1439937,6.2551756,2.773875
1439938,9.655868,8.207827
1439945,4.0942307,3.2414606
1439948,5.7756367,1.4771818
1439960,6.8246493,3.5051315
1439967,4.5350776,3.8021784
1439970,3.4048772,4.209364
1439973,6.327733,1.2667792
1439975,5.0952826,3.4941533
1439978,1.9678364,3.65402
1439982,3.8673172,4.9265003
1440090,4.021617,2.391193
1440093,7.14907,0.92221963
1440145,5.2074666,8.284073
1440593,3.694651,6.354978
1440594,4.5911617,6.679023
1440595,3.0127213,6.5303197
1440596,4.1556244,2.2389925
1440597,3.7496154,6.263934
1440598,4.476106,6.783
1440599,3.5663428,6.184242
1440600,4.4235554,6.7895465
1440601,2.7940872,5.8714404
1440602,5.398603,1.5719655
1440603,4.1029177,3.466607
1440604,3.8089187,5.791567
1440605,4.1835055,6.503633
1440606,4.601761,6.5711627
1440607,4.8413105,6.9141207
1440608,4.304333,6.6872687
1440690,7.0550933,6.21299
1440691,6.7764163,6.10856
1441982,9.933423,5.546035
1441983,8.975836,1.1502202
1441985,9.437668,6.0435247
1441986,7.7130013,1.7637411
1441987,8.5583,0.30984536
1441989,9.610659,4.342533
1441990,9.091183,2.3518174
1441992,7.679132,1.8340701
1441993,9.039711,4.8697443
1441995,10.928106,7.571009
1441997,10.04694,7.4017963
1441999,9.298592,2.9888935
1442000,11.030217,7.414534
1442001,10.464884,7.7870164
1442002,11.062411,7.4917536
1442004,10.129371,8.094286
1442005,8.789576,11.144795
1442007,5.87518,7.971012
1442009,10.221686,8.7469425
1442011,9.347775,10.291048
1442015,9.329735,9.262758
1442019,6.2255154,8.065902
1442024,9.357153,9.610942
1442025,4.19096,1.5464214
1442055,4.620767,3.1005194
1442057,3.0531445,2.9728236
1442059,2.9985456,3.8143337
1442061,3.0746636,3.106609
1442063,2.8397365,4.534982
1442065,2.7942157,4.8012156
1442067,6.5964775,3.6033936
1442068,2.8946655,4.085515
1442070,3.2247014,4.237268
1442071,2.9186108,3.8794732
1442072,1.4154218,4.181666
1442076,3.1787558,5.0436945
1442081,2.832287,3.889495
1442084,2.9786258,3.0298662
1442087,3.367107,4.230063
1442090,2.799769,4.3679895
1442092,4.264071,0.8464016
1442096,5.279934,10.432103
1442100,2.908531,4.3973584
1442102,2.8445547,4.544553
1442106,3.8005762,5.03873
1442107,3.1699505,4.9961643
1442108,4.525228,4.5718503
1442109,4.5788717,4.982766
1442110,4.0378685,5.932721
1442118,2.9415526,1.8885798
1442126,3.9566276,4.8286886
1442142,2.9361584,4.125735
1442265,4.981512,8.031166
1442292,9.672808,8.574298
1442497,3.7166069,4.353496
1442498,4.277314,0.9404067
1442499,3.514806,4.782819
1442500,3.5806408,4.6815467
1442501,2.9778852,4.451924
1442910,4.626426,0.7071271
1443008,4.517254,3.9383502
1443068,5.5624347,2.3826046
1443268,4.523531,4.009005
1443270,9.288651,7.6105356
1443271,5.3903575,2.5474453
1443272,6.015669,2.0115228
1443273,8.919459,7.6015086
1443274,9.628563,8.658673
1443439,7.768531,1.379832
1443481,7.157849,1.0212983
1443520,7.017705,2.446397
1443523,8.794546,2.2296903
1443525,7.0705953,1.025048
1443532,7.2839904,1.9569638
1443705,3.33706,4.649499
1443706,1.4790764,4.0827627
1443707,3.8616185,2.4721968
1443708,3.3378813,2.202663
1443709,3.83197,2.560697
1443710,3.9229453,2.464605
1443711,4.2109227,2.9839077
1443712,1.7046905,3.9146976
1443714,3.7181573,2.8036668
1443715,3.6687865,3.653147
1443717,3.9307015,2.4134712
1443718,3.3595796,2.8504891
1443720,4.1876235,2.2679043
1443722,3.922711,2.4816663
1443723,4.134752,2.222445
1443724,3.8323765,2.5199363
1443727,5.6967034,1.6740506
1443730,3.988145,3.0276618
1443731,2.0691328,4.110791
1443732,8.207693,2.203741
1443734,2.4838717,3.1215858
1443736,7.694072,0.87213814
1443738,3.5028017,5.125666
1443740,3.7828674,2.751669
1443741,1.9654905,3.4556692
1443929,3.2928329,7.292415
1443930,4.249127,5.5137787
1443931,2.1689727,5.477647
1443932,1.7812219,4.564342
1443933,2.1000466,3.782466
1443934,4.945024,5.863641
1443935,3.2661972,5.57155
1443936,2.106834,5.9096894
1443937,1.6324902,5.911837
1443938,4.042654,5.91881
1443939,1.6168903,5.626551
1443940,3.5619795,5.5113425
1443941,2.2109318,7.2849584
1443942,3.2802978,3.8275962
1443943,1.6791741,5.7428293
1443945,2.4764388,6.8637104
1443946,2.3641052,6.336267
1443947,2.8110375,3.564777
1443950,3.1269417,3.0752888
1443951,3.2595842,5.8971915
1443953,2.1489096,6.782951
1443955,4.5376015,5.071548
1443958,3.8652928,5.299875
1443959,2.4705853,5.6904225
1443960,4.4442596,6.1842256
1443961,2.4234815,5.516645
1443962,2.6202326,6.6268854
1443963,2.4453266,5.580749
1443964,2.186942,3.6938457
1443965,2.9366808,1.8906922
1443967,2.1086466,5.735748
1443968,2.6936011,5.5122595
1443970,4.1075473,3.7342217
1443972,2.7910018,5.550884
1443983,5.3745866,3.000956
1444028,8.598741,1.67754
1444117,4.0991473,2.2779667
1444118,4.79862,1.8693216
1444121,3.6165721,4.821302
1444122,6.3249335,0.9785769
1444130,2.8239162,3.0116045
1444196,4.48315,8.062548
1444197,8.146837,0.41647267
1444198,10.015854,8.278734
1444199,6.81681,8.438031
1444229,4.165787,2.2631505
1444301,6.8816886,7.7692213
1444302,6.553281,8.965261
1444303,6.7958546,8.939369
1444578,6.7669196,1.7028801
1444731,7.9181523,2.4446821
1444881,2.7734196,4.3206778
1444882,3.173441,6.0153756
1444883,1.3339849,4.350499
1444884,0.5176063,6.8098373
1444889,3.25262,4.418932
1444891,3.7522018,3.0118957
1444892,7.06242,0.9724525
1444893,5.0465293,4.0833235
1444902,0.42748177,6.9437366
1444903,0.59296787,6.5954213
1444905,1.0698808,6.575917
1444906,0.41652042,7.0655413
1444908,0.9843794,6.866928
1444910,0.95443964,7.303413
1444913,0.6649562,6.7247295
1444922,0.51573586,7.025242
1444927,0.3440977,6.991347
1444932,2.3231988,7.358305
1444938,0.87887645,6.4853296
1444943,0.3543052,7.0991364
1444945,0.92516446,6.774735
1444946,0.61786145,6.9176936
1444947,0.37837473,6.9049587
1444949,1.2718779,6.3997045
1444950,3.683997,4.4518867
1444952,0.700954,6.862759
1444954,0.62271345,6.7771883
1444955,1.2014427,7.4069347
1444958,3.9618347,3.232168
1444962,0.73546594,6.66084
1444965,0.5184537,6.9890704
1444966,0.48899782,6.94144
1445833,6.9861846,3.5245044
1445838,4.1868463,3.2517588
1445855,3.2680492,6.751485
1445873,3.043132,6.186557
1445904,3.360522,6.539655
1446076,8.69251,4.1192245
1446077,8.979849,5.500725
1446155,3.916023,6.3601656
1446187,5.6290145,6.330553
1446197,3.6415315,6.7099624
1446207,3.7610729,6.7535057
1446211,3.4137995,6.869104
1446216,3.9904177,6.717904
1446218,3.3619423,6.810838
1446247,2.1965847,4.384354
1446256,1.6527659,4.0429883
1446260,2.1582117,3.7337375
1446267,3.422172,6.8407736
1446272,4.154974,5.302867
1446276,3.2117145,6.7720385
1446436,3.6567874,7.0060244
1446437,2.8919404,3.1218345
1446438,2.2946568,7.3378377
1446439,5.1614757,7.3835425
1446441,3.1480286,6.3444953
1446443,3.82547,5.0734076
1446446,5.0506496,6.8711386
1446452,3.9464884,3.559367
1446456,4.4431944,7.416984
1446590,3.9485025,3.487067
1446640,3.341486,6.8623934
1446642,2.477836,3.097198
1446795,1.5845674,4.100896
1446796,5.0910935,8.136888
1446797,4.738583,6.257395
1446799,2.6486108,6.537279
1446800,3.9845586,6.143941
1446802,6.771179,7.7402067
1446804,4.031187,4.0191646
1446806,5.070376,8.184313
1446808,3.8637106,5.850697
1446816,4.9500804,8.077471
1446817,3.5378182,5.92957
1446818,5.4244943,3.2513354
1446819,3.5744026,3.585418
1446832,4.722388,0.70510966
1446834,4.8207903,1.0032002
1446836,4.3475227,0.99701124
1446838,3.4319057,4.8524904
1446840,4.7626276,0.7036663
1446842,4.478117,1.0264217
1446843,4.6335835,0.5642357
1446845,4.644375,0.7960089
1446846,4.282965,0.74045396
1446848,4.2446513,0.74095726
1446850,2.3691719,3.6317797
1446851,6.1811666,6.8373494
1446855,3.5503533,1.562151
1446857,4.4169436,0.8022941
1446860,4.2353125,0.6853837
1446862,4.12294,0.8715738
1446864,4.950961,1.0623466
1446866,5.2379904,1.4928199
1446868,4.228872,0.9666643
1446869,4.444877,2.0118182
1447142,9.9163265,5.4866195
1447143,9.473419,5.5215826
1447144,9.442308,5.6468554
1447146,7.5352,6.035249
1447148,8.2107525,4.329167
1447149,7.7741156,3.5313041
1447150,9.677638,5.67742
1447152,8.877671,5.2446647
1447154,9.795586,4.3430924
1447156,3.5130038,3.239885
1447158,7.642065,6.2511277
1447160,8.5235405,4.9919186
1447162,9.098697,4.929993
1447164,9.429901,5.9220004
1447165,8.923736,6.4033103
1447167,7.328275,6.8407636
1447169,8.361096,5.7252893
1447170,6.5024357,6.2048655
1447172,8.693539,5.218398
1447174,9.693118,5.692149
1447176,4.68888,6.8203454
1447307,2.8202271,3.849774
1447308,2.1524768,5.86632
1447310,7.0398183,5.9259768
1447311,0.8487975,7.4649787
1447312,1.9694355,5.928224
1447313,1.6864004,7.4971085
1447315,2.257467,6.6375246
1447317,1.285426,4.6097536
1447320,2.514695,7.071006
1447323,2.2511642,7.401819
1447330,6.1150684,6.273702
1447336,1.5793285,4.328059
1447340,2.2172606,4.466405
1447341,2.117245,6.4634786
1447343,1.1808672,6.232602
1447345,3.1121085,5.1635036
1447346,2.0194213,7.2031293
1447347,2.317075,4.137742
1447348,1.446905,7.2197933
1447349,2.952573,6.6760025
1447351,5.409645,10.52572
1447352,1.2120831,4.5894985
1447353,2.2868924,3.9707916
1447376,9.8024025,4.9576883
1447377,7.0441346,8.913116
1447378,8.18823,0.38583967
1447424,8.965291,5.326738
1447425,6.3247886,0.9950471
1447427,2.418077,3.6093342
1447428,3.0442014,4.509796
1447464,7.703172,2.5169158
1447487,4.7170477,4.4329967
1447514,4.7825613,1.8620584
1447534,7.3882885,0.8787914
1447648,5.90332,5.927451
1447654,3.08701,4.3321037
1447656,3.2147841,4.2618437
1447665,3.0448701,4.3571157
1447734,3.0283744,1.9901007
1447737,9.410696,2.1177294
1447771,2.2827394,6.3027825
1447772,2.7535062,7.2019715
1447773,2.6872184,6.0612164
1447774,3.0884132,7.220338
1447775,3.4660294,6.431959
1447776,1.3979589,4.2149773
1447777,1.5878139,3.9864142
1447778,1.5702915,4.024793
1447779,2.0774474,4.491411
1447781,2.9910185,2.9881325
1447784,3.5209339,6.2372975
1447788,1.7908292,6.726481
1447795,5.0051823,3.3743877
1447799,1.3157171,4.830802
1447802,1.5996209,6.202759
1447824,2.8446102,4.485648
1447825,3.0480878,4.537117
1447826,4.1361513,4.4765606
1447827,2.8351357,4.8633585
1447828,4.1515784,1.2584665
1447894,2.9157958,4.7519193
1447913,2.8014112,4.379097
1447914,3.6419203,4.687748
1447915,3.0992749,4.111696
1447916,2.863587,4.4941764
1447968,6.0741396,8.907113
1447969,8.416851,8.417332
1447970,2.4054148,6.6738515
1447971,5.4748487,4.9053864
1447972,4.1444545,7.030921
1447973,9.340381,6.475779
1447974,6.0419817,9.458491
1447984,7.0518193,6.43007
1448274,5.597461,6.2350264
1448285,4.215543,4.9129696
1448291,2.4534383,7.8552494
1448381,4.2251253,4.3909273
1448383,2.6777058,6.934796
1448384,7.170793,3.0083776
1448386,8.749541,3.3106246
1448387,6.8458962,7.615098
1448388,8.128268,3.0339425
1448390,7.284525,2.0888796
1448391,2.034397,6.5010347
1448393,2.8956873,6.3069057
1448394,7.607395,2.9518082
1448395,5.521345,6.162896
1448396,3.632555,5.4900703
1448397,4.684838,6.7516317
1448398,3.388445,5.55775
1448400,2.6444297,7.7476664
1448409,2.854857,3.5004408
1448411,3.7186837,4.00553
1448412,4.3035846,7.059975
1448413,4.3964334,6.8302865
1448414,6.642448,5.4673758
1448415,8.2413025,1.5621074
1448423,5.6410685,7.5261636
1448424,9.665552,5.240066
1448425,4.5825257,8.379386
1448471,7.930211,1.208709
1448663,5.030277,6.9550095
1448696,7.6041217,8.446106
1448697,8.314481,8.362223
1448698,8.581151,10.758306
1448700,8.305759,0.4292611
1448702,5.3832526,7.098632
1448703,7.0877037,7.9273915
1448704,8.82241,11.098433
1448705,9.181467,7.887622
1448706,6.7035975,2.0891593
1448707,4.611935,6.1782475
1448709,5.540728,6.335797
1448711,8.836332,11.0632
1448713,8.929875,8.274731
1448714,7.635122,1.6727592
1448715,3.9725451,2.4504325
1448716,8.691492,2.4954362
1448718,8.840194,2.6075554
1448720,4.377495,7.825306
1448722,10.241981,8.158368
1448727,6.4152718,2.7779906
1448733,7.9977603,9.235902
1448741,9.109028,0.6338619
1448746,6.22506,6.1460567
1448752,9.767945,7.3138356
1448755,10.047455,8.307142
1448760,2.2332149,3.687082
1448763,9.790671,8.692885
1448767,10.950333,7.5556126
1448770,3.9134114,6.3739324
1448777,4.909131,7.221475
1448783,8.523322,7.293673
1448788,10.717138,7.630778
1448789,5.88279,10.268027
1448791,8.873154,8.405869
1448793,5.9728074,8.796217
1448795,5.7663846,7.6885166
1448796,5.861153,7.631415
1448798,10.621285,7.912127
1448801,5.890548,8.778599
1448806,9.301981,8.529789
1448810,8.214784,9.030072
1448815,7.159417,8.104742
1448824,9.068552,8.0914135
1448831,8.142367,8.338896
1448832,4.1678214,3.3886087
1448833,7.403295,0.13400833
1448834,5.7441397,8.188308
1448835,5.0069804,6.529472
1448836,5.7994823,9.748744
1448838,9.135859,3.6743643
1448840,10.791679,7.786616
1448841,5.7538543,7.7752166
1448843,9.825527,5.0152116
1448849,7.6176586,7.318581
1448850,7.467142,8.053744
1448854,1.6185771,4.2390804
1448855,1.0807327,6.3451586
1448859,1.5265341,4.441845
1448897,2.8600435,7.654024
1448976,1.5061816,4.5361986
1448995,9.1092615,9.704033
1448996,10.243605,8.45946
1448997,9.840717,4.5417833
1448998,8.805432,11.070793
1448999,8.81153,11.086431
1449100,8.889766,5.468314
1449101,8.163108,3.5266154
1449102,8.758994,5.680573
1449104,8.164822,9.548714
1449106,7.6886473,6.620833
1449107,9.657316,5.484731
1449113,9.788121,5.3310523
1449114,7.379048,6.8418455
1449116,9.492104,5.8754363
1449117,7.663437,6.678151
1449121,9.695568,5.400957
1449124,9.62295,5.2774935
1449128,8.533716,3.7228706
1449144,7.6648,5.923602
1449160,2.158482,7.2908006
1449161,2.7219193,6.943066
1449163,2.3041732,7.031721
1449165,1.274592,4.616731
1449167,2.2994735,6.829135
1449169,2.211441,7.386104
1449171,2.8964715,6.8892083
1449173,2.3959825,7.0612645
1449175,2.5424435,8.223626
1449177,2.5299668,6.6814995
1449180,1.559693,7.00861
1449182,1.4971768,7.2010617
1449183,10.025786,6.6902647
1449184,7.9010673,2.9381235
1449187,8.726247,1.9428313
1449188,7.928046,6.3012943
1449201,4.4844804,5.178429
1449202,5.9243393,7.642128
1449339,3.9791076,6.9679217
1449373,8.262992,5.9442244
1449374,7.799203,6.2505383
1449375,7.560847,6.594856
1449377,9.758703,5.812408
1449379,7.026499,6.4494305
1449380,8.946569,8.242159
1449672,7.291015,2.0240827
1449739,9.155702,5.5370493
1449741,9.34565,5.590429
1449744,8.865054,5.6327343
1449745,6.9777784,7.8697653
1449746,3.7492344,4.6056147
1449748,9.679365,5.386825
1449749,3.0355818,3.272143
1449750,2.6008005,4.653517
1449751,3.610764,4.848878
1449752,9.944502,5.587425
1449755,9.529775,5.7761
1449757,2.8205867,4.506148
1449758,6.9963045,7.1493793
1449760,3.6622565,3.0185
1449761,3.771117,4.453532
1449762,2.1993814,3.69369
1449763,2.9625099,4.037961
1449840,5.451562,8.0500555
1449841,7.1322017,8.771267
1449842,5.0266256,7.175443
1449843,5.0373535,7.193263
1449844,7.0839734,8.576199
1449873,9.436402,4.7505083
1449877,8.288775,5.859211
1449881,10.240192,7.293936
1449887,2.62941,6.445972
1449888,2.970516,7.1171474
1449889,2.1874082,7.3393183
1449891,6.358498,6.2163196
1449893,10.021636,5.573905
1449910,9.409106,3.9680629
1449911,9.9761,5.614986
1449912,9.845417,5.0897675
1449919,8.153485,5.9946322
1449921,9.207894,5.8821645
1449929,10.052121,5.5934296
1449986,6.9795322,8.72625
1449987,7.113437,8.837741
1449988,5.9490156,8.42562
1449989,7.112561,8.837868
1450043,9.270547,4.607063
1450044,9.656753,5.233847
1450054,6.4407644,9.05945
1450055,9.7728405,4.984184
1450059,8.800049,6.645987
1450061,4.4758673,6.854972
1450065,7.037983,5.966366
1450117,9.145276,5.270209
1450127,7.008341,6.475273
1450171,9.210233,2.305185
1450173,9.908554,5.7448425
1450174,9.828553,5.4252415
1450180,3.6217482,2.951172
1450284,8.565458,1.8249483
1450337,9.516153,5.7909446
1450338,9.429852,5.2477093
1450339,8.241886,4.5231414
1450340,8.236672,4.360925
1450341,6.815636,5.9023314
1450342,9.404564,5.795258
1450343,9.229741,2.805165
1450344,9.921929,5.166917
1450345,9.010747,4.881967
1450346,10.005478,5.5405293
1450347,7.3468766,6.5652437
1450348,5.9187603,6.6398973
1450349,9.928486,4.7093515
1450350,9.265375,5.3716164
1450351,9.5512085,5.592861
1450352,9.212105,4.3319483
1450353,8.171016,5.0490203
1450354,9.73985,6.6614423
1450355,9.50281,5.7017007
1450356,9.348497,5.5553164
1450357,9.683538,5.675721
1450358,9.775032,5.6279826
1450359,7.426182,6.6600165
1450360,8.700776,4.30942
1450361,6.9360175,5.6684666
1450362,9.345223,5.541973
1450363,7.8850665,3.7341657
1450364,9.228174,5.6550727
1450365,9.617021,5.588597
1450366,8.979588,5.3177347
1450367,9.269747,7.0655828
1450368,9.229282,4.6048007
1450369,8.729956,4.8403378
1450370,9.155993,5.430207
1450371,9.599407,5.9129696
1450385,8.998424,1.2782733
1450389,9.259288,2.4952896
1450400,9.72509,5.754119
1450402,7.0071464,8.517564
1450404,8.947966,2.43749
1450406,6.8592677,8.399692
1450409,4.709739,4.0466504
1450418,5.7560987,8.266394
1450419,6.654902,8.760564
1450421,6.6851645,9.120276
1450478,3.6319585,4.735849
1450479,2.9495797,3.3984847
1450480,2.8925881,4.456828
1450481,8.400418,1.5693778
1450482,8.787842,1.0537008
1450504,9.009333,1.0255976
1450510,9.054817,0.9230974
1450541,8.88816,3.620194
1450542,10.200518,7.1843786
1450546,8.954685,6.4758573
1450548,8.986146,2.152494
1450550,10.034486,5.576447
1450560,9.525099,5.734697
1450568,9.516222,4.727991
1450591,7.1873045,5.5492897
1450822,4.872228,3.5992303
1450824,1.6507127,4.1628523
1450825,3.2721527,3.950882
1450826,4.276023,3.29611
1450827,4.0250936,2.305888
1450828,3.484006,6.077811
1450829,3.2993007,6.1413937
1450830,2.8229127,3.095485
1450831,4.982185,3.8054094
1450832,4.501644,2.0897799
1450833,4.033722,3.365072
1450834,3.451561,3.1406875
1450835,3.2054698,3.8639321
1450836,2.7846851,3.0186615
1450837,1.6285883,6.5269413
1451093,7.4234805,0.10857649
1451106,9.917836,6.802159
1451122,9.310665,8.092593
1451123,6.1885667,0.89269507
1451129,6.1097884,2.3805678
1451131,9.674451,5.8397117
1451150,9.765891,5.7382474
1451154,7.192479,8.860382
1451157,8.292834,8.953693
1451158,8.248497,5.089852
1451165,6.218242,8.918716
1451178,2.781879,4.2915034
1451179,3.465387,4.6403913
1451180,3.3482513,4.1061835
1451181,3.035561,4.2872443
1451182,3.191162,3.8987358
1451183,2.3147173,5.5133514
1451243,8.418847,5.018835
1451272,8.093903,5.1478915
1451275,8.053213,5.1809793
1451284,9.147467,9.265438
1451285,9.956543,4.8428674
1451287,5.2688804,1.9506876
1451288,10.904626,7.6151466
1451289,9.231427,5.306401
1451290,4.9602137,1.350364
1451292,9.3217125,4.9247746
1451294,9.004989,5.9016156
1451295,8.059154,4.9257574
1451297,8.193794,6.7505193
1451371,6.1076865,2.218988
1451377,8.219778,1.8020753
1451387,10.916608,7.7795167
1451620,10.940139,7.3356647
1451637,10.877031,7.5738587
1451715,10.8180895,7.480524
1451717,10.660188,7.379324
1451720,10.228969,8.269991
1451743,9.001236,1.0289278
1452018,10.035973,8.308355
1452027,1.2575212,4.597221
1452028,1.6581995,5.6752005
1452029,10.463014,7.7924485
1452031,0.9186077,6.94355
1452032,0.7273708,6.895396
1452033,10.386189,7.210966
1452034,10.4536,7.892746
1452070,0.65763074,7.2942433
1452112,9.933732,6.5900345
1452165,10.012918,7.918389
1452197,10.244166,7.688666
1452215,1.1824764,6.968564
1452216,1.8137971,4.54736
1452217,0.7450522,7.307256
1452218,1.0591624,6.545129
1452219,0.7426651,7.076293
1452221,2.6322086,4.894465
1452222,0.70771974,6.775235
1452224,0.33161545,6.716662
1452226,0.8231105,6.7989206
1452229,2.1497083,7.2875986
1452238,2.788462,4.721224
1452245,5.3906465,10.533834
1452246,0.6177182,7.2540407
1452248,2.5407507,3.8876534
1452249,1.6691561,7.5211744
1452250,2.747788,3.937957
1452251,2.335965,7.8756
1452253,2.1201537,5.9352345
1452254,1.4653761,6.1323495
1452257,10.923569,7.7277756
1452258,6.855973,8.14835
1452340,3.7900047,6.346178
1452341,3.4147313,6.1932316
1452343,3.6163712,5.8388944
1452353,5.818859,8.314655
1452354,1.4450334,4.1871414
1452356,3.3856153,6.51153
1452358,3.5245082,6.0956426
1452359,7.102678,7.4918213
1452360,8.5259285,1.2727644
1452361,7.3539796,1.7698395
1452362,7.1878095,1.8692336
1452391,8.719635,8.801354
1452394,9.061541,8.790008
1452396,9.218801,8.365854
1452397,9.066118,8.253334
1452399,8.910556,8.436404
1452400,9.141573,8.750076
1452401,9.278512,8.292348
1452403,9.509154,8.736458
1452404,9.111835,8.332413
1452405,3.072888,4.1206326
1452406,2.7628849,3.8943887
1452407,3.363511,4.9697156
1452410,9.286038,8.732304
1452412,9.422906,8.794185
1452413,9.134938,8.367134
1452415,4.778875,6.1510158
1452417,9.783336,8.354049
1452418,9.555088,8.599383
1452430,9.58695,8.641173
1452456,5.836237,7.720074
1452458,9.019775,8.801738
1452459,1.1696137,7.2918596
1452461,9.015043,8.191024
1452462,0.76646984,6.995209
1452464,9.217497,8.285815
1452468,5.9587073,7.8449984
1452471,5.8090878,7.362294
1452473,9.303286,8.3014555
1452534,4.355842,9.562234
1452535,4.7214904,2.5660756
1453001,6.045557,1.1367177
1453013,5.664872,1.4683977
1453014,7.3659706,1.3875649
1453016,8.1100645,2.0685368
1453017,6.4891763,0.051533423
1453019,4.4186864,4.0540304
1453027,4.906583,3.0573595
1453046,7.579536,1.2203797
1453064,8.434034,1.108177
1453129,4.447051,3.608573
1453135,0.7607303,7.384958
1453141,0.4088723,7.010992
1453250,6.4542336,0.67385995
1453251,4.8249497,1.8476814
1453252,4.3572917,4.486795
1453253,7.545009,1.1601568
1453254,6.4914894,0.80985624
1453256,9.235955,2.49526
1453358,9.339325,7.805067
1453471,7.241416,1.661069
1453507,3.2059035,4.7124033
1453508,3.1467192,4.12712
1453509,2.881927,4.138806
1453510,3.2931192,4.3397765
1453511,3.261688,4.112192
1453512,3.2475154,4.3203807
1453513,3.2598474,4.339255
1453514,3.7952287,4.4602895
1453515,3.4791722,4.3904257
1453516,3.1757963,4.265877
1453517,3.098019,4.4256964
1453518,3.3431952,4.377276
1453519,3.1627638,4.5862107
1453520,3.2898808,4.087079
1453521,2.9077702,4.3510275
1453522,3.3360925,3.9410434
1453523,3.2539182,4.4003744
1453524,3.5152214,3.5435736
1453525,3.1531806,4.2958717
1453526,3.2119293,4.3460846
1453527,2.9859116,4.2164154
1453528,3.4884362,4.3215704
1453529,3.1136277,4.489915
1453530,3.136596,4.194959
1453531,3.4050612,4.2177587
1453532,3.0725317,4.148142
1453533,3.4750152,3.8514478
1453534,3.151757,4.132704
1453535,3.0932717,4.373042
1453536,3.0369253,4.2134805
1453628,4.060628,3.4791436
1453629,4.548303,3.9351249
1453655,5.474894,2.3177898
1453713,7.538601,1.1731665
1453714,8.621358,0.68813413
1453881,9.729369,4.9960604
1453882,5.2078037,3.2056005
1453883,9.769123,4.5266056
1453884,8.7937355,5.709473
1453885,8.841944,0.73418623
1453886,8.719538,3.6511824
1453888,8.179284,5.187047
1453890,9.245995,2.49842
1453892,9.137608,4.5485845
1453893,3.4560413,5.384741
1453957,9.584595,5.317161
1453961,3.913936,5.5284925
1453962,0.3296869,6.954098
1453963,3.0274873,6.0926576
1453964,1.9400173,5.6909137
1453965,6.3673306,5.027681
1453983,7.609635,1.5035906
1454361,3.145324,4.854217
1454362,3.743889,4.7911167
1454363,1.9967294,6.539561
1454364,3.1666913,4.5112505
1454365,1.3827233,5.7843347
1454366,1.5531688,4.3670015
1454367,0.9456919,7.2815733
1454368,2.199095,7.237705
1454369,0.5820608,6.7042246
1454370,5.506346,7.665936
1454371,3.1436117,5.596999
1454372,4.4267073,6.6921477
1454373,2.6154666,8.296523
1454374,4.214093,0.6303235
1454375,1.9767041,3.3968716
1454376,2.3870726,7.329577
1454377,2.5781283,8.114595
1454378,1.7684215,6.993174
1454379,6.4614186,5.1323843
1454380,4.1182547,6.1416106
1454381,4.0233216,9.29145
1454383,4.3864865,6.433066
1454385,1.8442875,5.9233594
1454386,4.497313,6.7698894
1454389,4.9024706,6.1810527
1454391,5.044539,3.2023997
1454396,2.4812436,3.7612417
1454399,1.1726342,7.456274
1454401,2.5909507,8.408844
1454402,4.9298396,5.933866
1454553,9.318217,7.7589536
169862,2.8021421,3.8549943
311418,7.881084,3.20386
324745,7.1827273,3.0930982
334312,8.8212385,3.405184
337524,7.7079377,3.2457743
339866,7.9587207,2.9296823
345712,7.5455527,3.1113122
354131,9.528406,3.9422169
366448,8.073018,3.255604
369740,7.6951733,3.2461386
369802,7.81985,3.0042489
371267,7.7354765,3.1919796
373799,7.771981,3.1963391
375130,7.404831,3.0694475
377332,7.6926627,3.175933
380401,6.8434343,3.5480497
384189,7.4612093,3.1275313
386377,7.7947803,3.2197747
388052,7.7406893,3.1156752
388849,6.9375677,3.3964508
391697,7.6868734,3.1649828
405063,6.7480483,3.5691833
407316,7.653723,3.1916056
417413,7.3917575,3.1182613
417548,6.2507615,7.422897
420328,6.3345776,7.084446
420816,7.6778145,5.463818
421927,8.110694,3.3167741
421930,8.209286,3.2513518
421933,8.029384,2.944357
422367,6.6267333,3.652185
423156,7.569244,8.971826
423742,6.7237816,3.8342505
427922,6.2008424,7.361717
428034,6.3836274,7.501852
428978,6.344894,7.375855
429157,3.1084614,4.74201
430782,7.9289236,5.5172987
434434,7.7960396,6.491409
439777,9.22203,9.169834
439778,7.824475,5.5995646
439779,7.4754834,6.11555
439781,8.610013,6.0665774
439782,8.098168,5.409195
439783,8.522336,5.0159616
439784,8.042133,5.506551
439786,8.190959,4.9072337
440417,8.84683,6.072465
443595,8.107084,5.5643206
445369,6.541941,6.1006494
446684,8.035036,5.4132724
449507,7.748331,3.1197906
453412,6.364746,7.488114
453757,8.817609,10.289289
454333,7.1905313,9.219694
455196,7.2061777,9.230641
456754,7.1974726,9.22942
456758,7.9532447,9.532152
459202,6.6236043,7.8991838
459203,0.92081255,7.486763
460827,6.6845202,8.024721
460831,4.272427,9.372737
461393,7.45233,8.241945
462540,6.620271,9.638996
462575,8.282229,10.095206
463545,7.7728877,2.70557
465402,6.247872,7.1723766
466043,4.232892,9.364902
466532,6.3437524,7.470903
468758,7.859996,9.470539
468895,8.279715,9.927151
468918,7.377307,9.26278
468920,7.9707155,9.651025
468979,6.8455386,3.5711272
470871,7.897661,3.1844049
477592,7.753512,9.40514
477600,8.307274,9.449432
481654,7.0027666,3.3806155
485011,7.748995,9.396851
487562,7.828688,3.2357252
489012,7.5791945,8.258691
491388,7.9436235,9.6251135
491456,6.7333994,3.7994175
491610,7.2522964,8.958291
492050,8.217232,9.863302
492309,2.964219,8.66435
493224,8.755291,4.575714
493700,7.8993134,9.484577
494477,7.9356394,9.519792
494481,7.975872,9.678503
494889,6.188713,6.23544
494956,7.8473916,9.41535
495135,8.230318,6.8957334
496013,7.5636487,8.155422
496807,7.696407,9.3347025
498395,8.039194,5.5388036
499890,8.072053,9.438892
501037,7.3148675,9.313401
501039,7.1566443,9.34218
501040,6.9824204,9.37095
501041,7.6908665,9.379251
501220,8.604931,10.787381
502500,7.271467,9.02041
502511,8.582333,10.70755
502742,8.131905,5.529992
502743,7.708039,6.527624
502747,8.502815,6.641827
502748,7.7221284,6.2689176
502749,7.798934,6.4878945
502751,8.172978,6.482079
503126,7.4530115,9.336246
503317,7.496576,9.267708
503342,7.354668,9.729232
503862,6.621106,7.910285
504142,8.661154,2.174077
504352,6.7171316,3.7948782
504616,4.2878222,9.038826
504863,8.143281,2.917764
504879,7.818558,3.0315928
505096,7.776622,3.2132418
505562,9.324651,7.041771
505871,7.841096,5.3084736
506593,7.055206,3.4604669
506971,9.328017,4.319611
507566,7.8763304,9.114631
507688,7.876014,5.2412357
508528,9.201901,10.014632
508630,7.8476057,9.170096
508732,6.9218535,8.46907
508747,7.0786986,9.197377
509236,7.7609777,9.498689
509255,7.6911736,6.5400724
510162,7.6100016,6.6596074
510337,7.185345,5.942923
511133,8.221938,10.39711
511134,7.0652714,9.642737
511740,9.230694,10.310215
512428,8.076807,9.485324
512866,6.2726603,7.376275
512904,7.112376,8.690234
513140,7.154321,0.59082997
514229,7.8372564,6.5859475
514502,9.318365,10.540522
515126,7.3082967,8.689228
515128,6.612648,8.853365
515952,6.3934827,7.4783034
516075,6.7496924,1.0148498
516932,6.943882,8.163621
517388,7.903392,0.7790315
517391,6.9262204,3.5121427
517394,6.8743377,3.5462523
517438,8.317374,10.030378
517732,8.720005,10.787753
518108,9.209736,10.217277
518113,9.29827,9.662706
518302,7.8774605,9.2303095
518308,7.4865704,9.298495
519088,6.5490527,7.7140183
519441,7.9731236,3.206604
519447,1.3708459,7.602242
519676,6.87465,3.5035326
520166,4.8895335,9.714457
520405,7.2958355,6.916762
520756,9.254882,4.9425445
521379,6.717413,7.81282
521879,6.1572,3.3104062
521978,9.644433,8.369413
522702,7.546844,3.2708921
522973,8.479909,10.733234
523075,9.297974,10.19484
523334,7.5895042,9.25424
524274,8.806367,2.341132
524937,7.6534257,9.826066
525569,4.762396,5.130543
526095,4.8144574,1.205485
526334,8.173421,5.449156
526868,5.9384117,1.590593
526930,4.7156415,0.53332156
526937,5.2487354,0.6079049
527792,9.121727,10.489295
527798,8.129729,4.902749
527828,10.138379,8.808248
528604,8.598109,10.75144
528849,6.2881565,7.51159
529473,8.349684,5.8885098
529475,7.289211,9.203686
530673,7.8931093,9.395256
530679,6.643259,7.903765
530936,6.7845745,3.5502825
532466,7.8266883,5.830313
533403,7.258481,9.193053
534028,8.994163,10.536152
534898,6.6438336,8.003763
534917,7.9029293,9.40103
535411,8.62404,10.709569
535428,8.033212,9.542086
535862,9.250925,10.277455
535866,8.997696,10.460096
535868,8.933528,10.587691
536703,9.093418,10.525605
536706,5.955551,1.5740402
536729,8.614928,10.75466
536842,2.8615408,4.4795637
621805,7.239542,0.84655714
622115,5.6380243,1.9574822
