external_id,baslik,Karar,Gerekce,mevcut_kategori,oneri_kategori,knn_oneri,oncelik,risk_skoru,glosh_skoru,hdbscan_kume,knn_baskinlik,tam_kategori_yollari,oneri_yol,label_sim_fark,knn_impurity,ortak_agac_derinligi,supheli_mi
1392146,UZAY MUHASEBESİNİ BEKLEYEN ZORLUKLARIN MUHASEBE VE DENETİM AÇISINDAN DEĞERLENDİRİLMESİ,TP-2,"Veritabanındaki ""Coğrafya"" etiketi tamamen hatalı; uzay ticareti ve muhasebesi üzerine melez çalışma.","Coğrafya, İşletme","Mühendislik, Hava ve Uzay",Astronomi ve Astrofizik,KRİTİK (Farklı Ana Disiplin),0.7559444684785375,0.9454334811376608,-1,0.5,Sosyal > Sosyal > Coğrafya | Sosyal > Sosyal > İşletme,"Fen > Mühendislik > Mühendislik, Hava ve Uzay",0.3416745662689209,1.0,0,1
1406776,İklim değişikliği karşısında hastane dayanıklılık stratejilerinin analizi: Bulanık AHS yaklaşımı,TP-2,"Sağlık yönetimi, afet dayanıklılığı ve çevre sağlığı stratejisi kesişimidir; İşletme yanına Halk ve Çevre Sağlığı eklenmelidir.","İşletme, İşletme Finans",Halk ve Çevre Sağlığı,Çevre Bilimleri,KRİTİK (Farklı Ana Disiplin),0.753864297021864,0.9289327849922104,-1,0.3,Sosyal > Sosyal > İşletme | Sosyal > Sosyal > İşletme Finans,Fen > Tıp > Halk ve Çevre Sağlığı,0.3475174307823181,1.0,0,1
1366500,Artificial Intelligence and Large Language Models: Editorial Reflections,TP-1,"Yapay zekâ ve büyük dil modellerinin editöryal yansımalarının incelendiği bir Bilgisayar Bilimleri ve Yapay Zeka çalışmasıdır; veri tabanındaki 'Anestezi' etiketi sistemsel çöp veridir. Hatalı tıp etiketi tamamen temizlenerek doğrudan Bilgisayar Bilimleri, Yapay Zeka alanına taşınmalıdır (TP-1 tam düzeltme).",Anestezi,"Bilgisayar Bilimleri, Yapay Zeka",Bilgisayar Bilimleri,YÜKSEK (Farklı Alt Alan),0.7332274255306401,0.7675617325905476,-1,0.8,Fen > Tıp > Anestezi,"Fen > Mühendislik > Bilgisayar Bilimleri, Yapay Zeka",0.4038199782371521,1.0,1,1
1305500,Turizm Sektöründe Çalışanlar Üzerine Yapılmış Lisansüstü Tezlerin Bibliyometrik Analizi (Bibliometric Analysis of Graduate Theses on Employees in the Tourism Sector),TP-1,Doğrudan veri girişi hatasıdır; makale nükleer bilimle ilgisiz olup tamamen turizm/otelcilik alanına aittir.,Nükleer Bilim ve Teknolojisi,"Otelcilik, Konaklama, Spor ve Turizm",Otelcilik,KRİTİK (Farklı Ana Disiplin),0.7240657742693206,0.9405833108719908,-1,0.3,Fen > Mühendislik > Nükleer Bilim ve Teknolojisi,"Sosyal > Sosyal > Otelcilik, Konaklama, Spor ve Turizm",0.2540569901466369,1.0,0,1
1436146,BİLGİ KURAMI BAĞLAMINDA KEHANET İLETİŞİMİ VE ASTROLOJİNİN SOSYAL MEDYADA YER ALIŞ BİÇİMLERİ,FP-1,"Sosyal medyada astroloji hesaplarının içerik ve iletişim analizi yapılmıştır; ""gezegen/astroloji"" kelimeleri modeli Astronomiye yanıltmıştır (Mevcut İletişim etiketi doğrudur).",İletişim,Astronomi ve Astrofizik,Astronomi ve Astrofizik,KRİTİK (Farklı Ana Disiplin),0.7229414532009064,0.8864338554633853,-1,0.5,Sosyal > Sosyal > İletişim,Fen > Temel Bilimler > Astronomi ve Astrofizik,0.2895228266716003,1.0,0,1
1402334,Farklı Işık Dalga Boylarında Kürlenen Harçların Mekanik Özelliklerinin İncelenmesi,TP-2,Farklı ışık dalga boylarında kürlenen inşaat harçlarının mekanik özelliklerinin incelendiği bir inşaat mühendisliği ve yapı malzemeleri araştırmasıdır; modelin 'Optik' önerisi ışık dalga boyu ifadesinden kaynaklanan terim yanılgısıdır. Mevcut İnşaat Mühendisliği etiketinin yanına Malzeme Bilimleri alanı eklenmelidir (TP-2 melez çalışma).,"İnşaat Mühendisliği, İnşaat ve Yapı Teknolojisi",Optik,Malzeme Bilimleri,YÜKSEK (Farklı Alt Alan),0.7186242848437181,0.952747660796305,-1,0.5,Fen > Mühendislik > İnşaat Mühendisliği | Fen > Mühendislik > İnşaat ve Yapı Teknolojisi,Fen > Temel Bilimler > Optik,0.2298210561275482,1.0,1,1
1326736,Limon servi (Cupressus Macrocarpa) odununun seçili özelliklerinin belirlenmesi ve diğer bazı ağaç türü odunları ile karşılaştırılması,TP-1,Limon servi (Cupressus Macrocarpa) odununun anatomik ve fizyolojik özelliklerinin diğer ağaç türleriyle karşılaştırıldığı bir orman ürünleri ve orman mühendisliği araştırmasıdır; veri tabanındaki 'Optik' etiketi sistemsel çöp veridir. Hatalı etiket tamamen silinerek Orman Mühendisliği alanı ile düzeltilmelidir (TP-1 tam düzeltme).,Optik,Orman Mühendisliği,Malzeme Bilimleri,YÜKSEK (Farklı Alt Alan),0.7039710470054353,0.9216223837986806,-1,0.9,Fen > Temel Bilimler > Optik,Fen > Mühendislik > Orman Mühendisliği,0.2101870030164718,1.0,1,1
1406530,AMBALAJ TASARIMINDA KARTON MAKET YAPIMININ ROLÜ VE BİR UYGULAMA,FP-1,"Ambalaj tasarımında karton maket prototipleme ve estetik-işlevsellik incelemesidir; ""karton/kâğıt"" kelimeleri modeli hatalı şekilde Kâğıt Malzeme Bilimleri alanına yanıltmıştır (Grafik Tasarım/Sanat konusudur).",Sanat,"Malzeme Bilimleri, Kâğıt ve Ahşap",Malzeme Bilimleri,KRİTİK (Farklı Ana Disiplin),0.7022378255554068,0.803181375912042,-1,0.6,Sosyal > Sosyal > Sanat,"Fen > Mühendislik > Malzeme Bilimleri, Kâğıt ve Ahşap",0.289835661649704,1.0,0,1
1238171,Increasing the Biomethane Yield of Hazelnut By-Products by Low Temperature Thermal Pretreatment,TP-1,"Fındık kabuğu lignoselülozik biyokütlesine düşük sıcaklıkta ısıl ön işlem uygulanarak anaerobik sindirimle biyometan/biyogaz eldesi veriminin artırılması ve Gompertz kinetik modellemesinin yapıldığı doğrudan bir biyoyakıt, biyoenerji ve biyokütle enerjisi araştırmasıdır; mevcut kategorideki 'Fizik, Katı Hal, Fizik, Partiküller ve Alanlar' etiketleri tamamen absürt sistemsel çöp veridir. Modelin 'Malzeme Bilimleri, Biyomalzemeler' önerisi biyokütle atığını implant/biyomalzeme sanan bir model yanılgısı olup k-NN yerel uzlaşısının tam isabetle belirlediği Enerji ve Yakıtlar ana disiplinine aktarılmalıdır (TP-1 kategori değişimi).","Fizik, Katı Hal, Fizik, Partiküller ve Alanlar","Malzeme Bilimleri, Biyomalzemeler",Enerji ve Yakıtlar,YÜKSEK (Farklı Alt Alan),0.6972597970653602,0.93479354941409,-1,0.4,"Fen > Temel Bilimler > Fizik, Katı Hal | Fen > Temel Bilimler > Fizik, Partiküller ve Alanlar","Fen > Mühendislik > Malzeme Bilimleri, Biyomalzemeler",0.1816040277481079,1.0,1,1
1360548,Naringeninin Lipozom Yöntemiyle Enkapsülasyonu ve Karakterizasyonu,TP-2,"Düşük biyoyararlanıma sahip naringeninin fosfatidilkolin ve kolesterol ile lipozomal nano-taşıyıcı enkapsülasyonunun geliştirildiği, partikül boyutu (207 nm), zeta potansiyeli, enkapsülasyon etkinliği (%94.6) ve in vitro salım kinetiğinin karakterize edildiği doğrudan bir farmasötik teknoloji, ilaç taşıyıcı sistemler ve nanobiyomalzeme araştırmasıdır; çalışmada in vivo metabolik/endokrin deneme bulunmayıp modelin 'Endokrinoloji ve Metabolizma' önerisi model yanılgısıdır (FP-1). Mevcut 'Malzeme Bilimleri, Biyomalzemeler' omurgası korunmalı ve k-NN yerel uzlaşısının tam isabetle belirlediği Farmakoloji ve Eczacılık alanı ikincil etiket olarak eklenmelidir (TP-2 melez çalışma).","Malzeme Bilimleri, Biyomalzemeler",Endokrinoloji ve Metabolizma,Farmakoloji ve Eczacılık,YÜKSEK (Farklı Alt Alan),0.6964885119982157,0.9356225090772284,-1,0.4,"Fen > Mühendislik > Malzeme Bilimleri, Biyomalzemeler",Fen > Tıp > Endokrinoloji ve Metabolizma,0.1788082420825958,1.0,1,1
1403252,Türkiye’de Ayakkabı İmalatı Sektöründe Kümelenme: Mekansal Dağılım Üzerine Bir İnceleme,TP-2,Ekonomik coğrafya ve imalat/tekstil sektörel analizi melez çalışmasıdır; disiplinlerarası etiketlenmelidir.,Coğrafya,"Malzeme Bilimleri, Tekstil",Malzeme Bilimleri,KRİTİK (Farklı Ana Disiplin),0.6958212080603536,0.9377013576053363,-1,0.4,Sosyal > Sosyal > Coğrafya,"Fen > Mühendislik > Malzeme Bilimleri, Tekstil",0.1754167675971985,1.0,0,1
1387357,"De Nunzio Nomogramı, Semirigid Üreteroskopi Sonrası Taşsızlık Oranlarını Güvenilir Şekilde Öngörebilir mi? Retrospektif Bir Eksternal Validasyon Çalışması",TP-1,"Bariz veri girişi hatası: Üroloji cerrahisi ve böbrek taşı makalesi sisteme ""Arkeoloji"" olarak girilmiş, model doğru disipline (Tıp/Cerrahi) çekmiştir.",Arkeoloji,"Radyoloji, Nükleer Tıp, Tıbbi Görüntüleme",Cerrahi,KRİTİK (Farklı Ana Disiplin),0.6943043093294754,0.7465259712580261,-1,0.3,Sosyal > Sosyal > Arkeoloji,"Fen > Tıp > Radyoloji, Nükleer Tıp, Tıbbi Görüntüleme",0.3076366186141968,1.0,0,1
1278959,FAZLA KİLOLU BİREYLERDE UYKU KALİTESİ VE YAŞAM DOYUMUNUN FİZYOLOJİK DEĞİŞKENLER AÇISINDAN İNCELENMESİ,TP-2,Obezite/kilo kontrolü ve uyku fizyolojisi analizi olup Beslenme ve Diyetetik ikincil etiket olarak uygundur.,"Fizyoloji, Psikiyatri",Beslenme ve Diyetetik,Beslenme ve Diyetetik,KRİTİK (Farklı Ana Disiplin),0.6908214461947404,0.8937201816419453,-1,0.4,Fen > Tıp > Fizyoloji | Fen > Tıp > Psikiyatri,Sosyal > Sosyal > Beslenme ve Diyetetik,0.192546859383583,1.0,0,1
1387804,Seeds of natural plants for surface water treatment: An alternative sustainable approach for developing countries,TP-2,"Nehir yüzey sularının arıtılması amacıyla Moringa stenopetala ve Cadaba farinosa tohumlarının doğal koagülant ve dezenfektan olarak kullanıldığı, bulanıklık giderimi (%73.3) ve E. coli inaktivasyon parametrelerinin incelendiği doğrudan bir su arıtma teknolojisi, çevre mühendisliği ve su kalitesi yönetimi melez araştırmasıdır; mevcut 'Çevre Mühendisliği' ana disiplini korunmalı ve yüzey suyu kalitesi ve su kaynakları yönetimi boyutu için modelin ve k-NN yerel uzlaşısının isabetle önerdiği Su Kaynakları alanı ikincil etiket olarak eklenmelidir (TP-2 melez çalışma).",Çevre Mühendisliği,Su Kaynakları,Su Kaynakları,YÜKSEK (Farklı Alt Alan),0.6847413052712021,0.8918523389475099,-1,0.3,Fen > Mühendislik > Çevre Mühendisliği,Fen > Temel Bilimler > Su Kaynakları,0.1765092015266418,1.0,1,1
1394532,"Tritikale'de genotip, özellik ve genotip verim, özellik kombinasyonlarının biplot yöntemi kullanılarak çeşitlerin çevreye adaptasyonunun belirlenmesi",TP-2,"Tritikale ıslah programında farklı genotiplerin çoklu lokasyon ve sezonlarda GT ve GYT biplot analizleri kullanılarak verim, agronomik özellikler ve çevreye adaptasyon/genotip-çevre etkileşiminin incelendiği doğrudan bir tarla bitkileri, bitki ıslahı ve kantitatif genetik melez araştırmasıdır; mevcut 'Bitki Bilimleri, Ziraat Mühendisliği' omurgası korunmalı ve genotipik varyasyon ile ıslah genetiği boyutu için modelin ve k-NN yerel uzlaşısının (%50) isabetle önerdiği Genetik ve Kalıtım alanı ikincil etiket olarak eklenmelidir (TP-2 melez çalışma).","Bitki Bilimleri, Ziraat Mühendisliği",Genetik ve Kalıtım,Genetik ve Kalıtım,YÜKSEK (Farklı Alt Alan),0.6748709468825456,0.8713775987560735,-1,0.5,Fen > Ziraat > Bitki Bilimleri | Fen > Ziraat > Ziraat Mühendisliği,Fen > Temel Bilimler > Genetik ve Kalıtım,0.1629329919815063,1.0,1,1
1333454,Akış Destekli Manyetik Rezonans Görüntüleme (Mrg) Ve Nmr Relaksometrenin Gıdalarda In Vitro Sindirim İzleme Aracı Olarak Kullanılması,TP-1,"Hidrokolloidler (ksantan, ayva çekirdeği müsilajı vb.) ve protein izolatları ile hazırlanan Pickering gıda emülsiyonlarının in vitro gastrointestinal sindirim davranışının akış destekli MRG, TD-NMR relaksometri, FTIR ve konfokal mikroskopi ile incelendiği doğrudan bir gıda bilimi, gıda teknolojisi ve gıda reolojisi araştırmasıdır; mevcut kategorideki 'Fotoğraf Teknolojisi, Matematik' etiketleri çöp veridir. Çalışmada klinik/tıbbi hasta verisi bulunmayıp in vitro gıda simülasyonu yapıldığından modelin 'Gastroenteroloji ve Hepatoloji' önerisi model yanılgısıdır (FP-1). Makale gerçek alanı olan Gıda Bilimi ve Teknolojisi ana disiplinine aktarılmalıdır (TP-1 kategori değişimi).","Görüntüleme Bilimi ve Fotoğraf Teknolojisi, Matematik, Mikroskopi",Gastroenteroloji ve Hepatoloji,Gastroenteroloji ve Hepatoloji,YÜKSEK (Farklı Alt Alan),0.6739529567122003,0.9563846954343878,-1,0.3,Fen > Mühendislik > Görüntüleme Bilimi ve Fotoğraf Teknolojisi | Fen > Temel Bilimler > Matematik | Fen > Temel Bilimler > Mikroskopi,Fen > Tıp > Gastroenteroloji ve Hepatoloji,0.0995908081531524,1.0,1,1
1406206,Yabancı Unsurlu Nüfus Kayıt Düzeltme Davalarında DNA İncelemesi ve Feth-i Kabir: Hâkimin Takdirinin Sınırları ve Alternatif Bilimsel Yöntemler,TP-2,Hukuki soybağı davalarında adli tıp ve genetik delil kullanımının disiplinlerarası hukuki-tıbbi analizidir.,Hukuk,Genetik ve Kalıtım,Adli Tıp,KRİTİK (Farklı Ana Disiplin),0.6739496786310272,0.8851442865188902,-1,0.4,Sosyal > Sosyal > Hukuk,Fen > Temel Bilimler > Genetik ve Kalıtım,0.2647531628608703,0.9,0,1
1235577,Bilim Kurgu Edebiyatı ve Sinemasında Zaman-Mekân Kavramları: Değiştirilmiş Karbon [Altered Carbon],TP-2,"Siberpunk türündeki Değiştirilmiş Karbon (Altered Carbon) romanı ve dizi uyarlaması üzerinden edebi mekânın görsel mekâna dönüşümü, sinema, edebiyat ve mimarlık etkileşiminde mekânsal analizlerin yapıldığı disiplinlerarası bir mimarlık ve edebiyat eleştirisi araştırmasıdır; mevcut kategorideki 'Astronomi ve Astrofizik' etiketi çöp veridir. Modelin 'Bilgisayar Bilimleri, Donanım ve Mimari' önerisi mekânsal mimarlık kavramını bilgisayar donanım mimarisi sanan bariz bir model yanılgısıdır (FP-1). Mevcut 'Beşeri Bilimler, Edebi Teori ve Eleştiri' korunmalı, çöp etiket temizlenmeli ve k-NN yerel uzlaşısının (%60) tam isabetle belirlediği Mimarlık alanı ikincil etiket olarak eklenmelidir (TP-2 melez çalışma ve etiket düzeltme).","Astronomi ve Astrofizik, Beşeri Bilimler, Edebi Teori ve Eleştiri","Bilgisayar Bilimleri, Donanım ve Mimari",Mimarlık,YÜKSEK (Farklı Alt Alan),0.6727661593041614,0.9234834902611552,-1,0.6,Fen > Temel Bilimler > Astronomi ve Astrofizik | Sosyal > Sosyal > Beşeri Bilimler | Sosyal > Sosyal > Edebi Teori ve Eleştiri,"Fen > Mühendislik > Bilgisayar Bilimleri, Donanım ve Mimari",0.1197008192539215,1.0,1,1
1383363,"ÇİVİT MAVİSİNİN ÖZELLİKLERİ, YAĞLI BOYA RESİMLERDE KULLANIMI VE BOZULMASININ İNCELENMESİ",TP-2,Yağlı boya pigmentlerinin kimyasal ve fiziksel bozulma analizi; Sanat/Arkeoloji ile Malzeme Bilimleri kesişimidir.,"Arkeoloji, Sanat","Malzeme Bilimleri, Kâğıt ve Ahşap",Malzeme Bilimleri,KRİTİK (Farklı Ana Disiplin),0.6725322078080788,0.7982894163973389,-1,0.8,Sosyal > Sosyal > Arkeoloji | Sosyal > Sosyal > Sanat,"Fen > Mühendislik > Malzeme Bilimleri, Kâğıt ve Ahşap",0.2084567248821258,1.0,0,1
1395166,GAZİANTEP İLİ NURDAĞI İLÇESİ KÖMÜRLER’DE TESPİT EDİLEN PALAS DOKUMALAR,TP-2,Geleneksel düz dokuma yaygıların teknik ve motif analizi; Folklor ile Tekstil/Malzeme kesişimidir.,Folklor,"Malzeme Bilimleri, Tekstil",Malzeme Bilimleri,KRİTİK (Farklı Ana Disiplin),0.6712087256944966,0.7908897667077351,-1,0.6,Sosyal > Sosyal > Folklor,"Fen > Mühendislik > Malzeme Bilimleri, Tekstil",0.3242465257644653,0.9,0,1
1405627,Farklı Üretim Yöntemleri ve Anodizasyon Parametrelerinin Rezin Siman-Titanyum Bağlantısına Etkisi: Bir in Vitro Çalışma,FP-1,"Protetik diş tedavisinde kullanılan titanyum materyallerin farklı üretim yöntemleri (frezeleme vs. selektif lazer eritme) ve yüzey modifikasyonlarının (alümina kumlama, fosforik asit anodizasyonu) termal siklus sonrasında rezin siman bağlanma dayanımı ve klinik tutuculuğu üzerindeki etkilerinin incelendiği doğrudan bir protetik diş tedavisi ve dental materyal araştırmasıdır; çalışmada genel metalürji mühendisliği prosesi bulunmayıp dental protez simantasyon performansı test edilmiştir. Modelin 'Metalürji Mühendisliği' önerisi dental protetik altyapı işlemlerini metalürji sanan bir model yanılgısıdır (FP-1). Mevcut 'Diş Hekimliği' ana disiplini tam, eksiksiz ve doğrudur.",Diş Hekimliği,Metalürji Mühendisliği,Malzeme Bilimleri,YÜKSEK (Farklı Alt Alan),0.6706701397571182,0.7648398493421931,-1,0.6,Fen > Diş Hekimliği > Diş Hekimliği,Fen > Mühendislik > Metalürji Mühendisliği,0.3413147926330566,0.9,1,1
1397945,M1 POLARİZE MAKROFAJ FARKLILAŞMASINDA GÜNCEL TEKNİKLER: KAVRAMSAL ÇERÇEVE ENTEGRASYONU İLE KARŞILAŞTIRMALI DENEYSEL ÇALIŞMA,FP-1,"U937 monositik hücre hattının PMA, LPS ve IFN-gama indüksiyonu ile M1 polarize makrofajlara farklılaşma protokollerinin karşılaştırıldığı ve CD68/CD206 yüzey belirteçlerinin akım sitometrisi (flow cytometry) ile fenotipik olarak analiz edildiği doğrudan bir hücresel immünoloji ve hücre biyolojisi araştırmasıdır; çalışmada mikroskopi geliştirme veya optik enstrümantasyon bulunmayıp modelin 'Mikroskopi' önerisi bir analiz aracı model yanılgısıdır (FP-1). Mevcut 'Hücre Biyolojisi, İmmünoloji' kategorizasyonu tam, eksiksiz ve %100 doğrudur.","Hücre Biyolojisi, İmmünoloji",Mikroskopi,Mühendislik,YÜKSEK (Farklı Alt Alan),0.6704105657148518,0.938067965431276,-1,0.4,Fen > Tıp > Hücre Biyolojisi | Fen > Tıp > İmmünoloji,Fen > Temel Bilimler > Mikroskopi,0.1025530695915222,1.0,1,1
1392709,Zehirli sofralar: Tehlikeli tatlara gastronomik bir bakış,TP-2,Gıdalardaki doğal ve yapay toksinlerin sağlık riskleri analizi; Gastronomi/Beslenme yanına Toksikoloji eklenmelidir.,"Antropoloji, Beslenme ve Diyetetik, Folklor",Toksikoloji,Toksikoloji,KRİTİK (Farklı Ana Disiplin),0.6692648692363472,0.8643144541716463,-1,0.5,Sosyal > Sosyal > Antropoloji | Sosyal > Sosyal > Beslenme ve Diyetetik | Sosyal > Sosyal > Folklor,Fen > Eczacılık > Toksikoloji,0.1519607305526733,1.0,0,1
1388561,Illegal and Original Toxin Discrimination with the Help of Wood’s Light,TP-1,Dermatolojide botulinum toksini (botoks) orijinalliği ve toksin güvenliği analizi; Adli Tıp etiketi kelime tuzağıdır (Toksikoloji doğru).,Adli Tıp,Toksikoloji,Toksikoloji,YÜKSEK (Farklı Alt Alan),0.6678203540165124,0.9317682191208594,-1,0.4,Fen > Tıp > Adli Tıp,Fen > Eczacılık > Toksikoloji,0.2139379978179931,0.9,1,1
1403660,Kendinden Asitli Primer ve Hidroflorik Asidin Kombine Uygulamasının Rezin Siman ve Polimer İnfiltre Seramik Ağ Materyali Arasındaki Mikrogerilim Bağlanma Dayanımına Etkisi,FP-1,"Restoratif/protetik diş hekimliğinde kullanılan hibrit polimer infiltre seramik ağ (PICN) materyali ile rezin siman arasındaki mikrogerilim bağlanma dayanımının (μTBS), yüzey pürüzlülüğünün (Ra) ve termal siklus yaşlandırma davranışının incelendiği doğrudan bir protetik/restoratif diş hekimliği ve dental materyal araştırmasıdır; çalışmada polimer sentezi veya makromoleküler polimer mühendisliği bulunmayıp hazır dental CAD/CAM bloklarının adeziv simantasyon performansı test edilmiştir. Modelin 'Polimer Bilimi' önerisi dental rezin/polimer terimlerinden kaynaklanan klasik bir model yanılgısıdır (FP-1). Mevcut 'Diş Hekimliği' ana disiplini tam, eksiksiz ve doğrudur.",Diş Hekimliği,Polimer Bilimi,Malzeme Bilimleri,YÜKSEK (Farklı Alt Alan),0.6665476337283582,0.7822868920205952,-1,0.4,Fen > Diş Hekimliği > Diş Hekimliği,Fen > Mühendislik > Polimer Bilimi,0.3170740306377411,0.9,1,1
1433874,"Kuzu Pnömonilerinde Respiratorik Sinsityal Virus (Rsv) İle Parainfluenza Tip 3 Virus (Pi3v) Koenfeksiyonlarının Tespiti Ve Cd3+, Cd4+, Cd8+, Cd19+ Lenfositlerin İmmunopatogenezde Rolleri",FP-1,"Kuzularda (4-12 aylık 100 kuzu akciğeri) RSV ve PI3V viral pnömoni koenfeksiyonlarının PCR, immünohistokimya (IHC) ve histopatoloji (HE) ile tespiti ve CD3+, CD4+, CD8+, CD19+ lenfosit alt gruplarının immünopatogenezdeki rollerinin incelendiği doğrudan bir veteriner patoloji, veteriner viroloji ve veteriner immünoloji araştırmasıdır; çalışmada beşeri/insan klinik tıp verisi bulunmayıp modelin 'Enfeksiyon Hastalıkları' (Tıp) önerisi beşeri tıp alanından kaynaklanan bir model yanılgısıdır (FP-1). Mevcut 'Veterinerlik' ana disiplini tam, eksiksiz ve %100 doğrudur (k-NN yerel uzlaşısı da %40 Viroloji yönündedir).",Veterinerlik,Enfeksiyon Hastalıkları,Viroloji,YÜKSEK (Farklı Alt Alan),0.6655210254604268,0.9221235481956194,-1,0.4,Fen > Veterinerlik > Veterinerlik,Fen > Tıp > Enfeksiyon Hastalıkları,0.214257538318634,0.9,1,1
1388449,"Simultaneous determination and variability over time of Cr, Cu, Zn, As, Se, Sr, Cd, Sb, Hg, Tl, Pb concentrations in fingernail samples by ICP-MS method",FP-1,Tırnak örneklerinde ICP-MS ile ağır metal ve adli maruziyet tayinidir; model keratinize doku analizini hatalı şekilde Diş Hekimliği olarak sınıflandırmıştır (Adli Toksikoloji/Analitik Kimya konusudur).,"Toksikoloji, Adli Tıp",Diş Hekimliği,Diş Hekimliği,YÜKSEK (Farklı Alt Alan),0.6649804363341403,0.9260147043829248,-1,0.5,Fen > Eczacılık > Toksikoloji | Fen > Tıp > Adli Tıp,Fen > Diş Hekimliği > Diş Hekimliği,0.0956478863954544,1.0,1,1
1364871,Agramatik Broca afazisinde fiil üretimi eğitiminin sistematik bir incelemesi,FP-1,"Agramatik Broca afazisi olan bireylerde fiil hatırlama ve fiil çekimi eğitimlerinin isimlendirme doğruluğu, cümle üretimi ve genelleme üzerindeki etkilerinin PRISMA 2020 kılavuzuna göre incelendiği doğrudan bir kliniki nöroloji, dil ve konuşma bozuklukları patolojisi ve nörolinguistik araştırmasıdır; sistemin ve modelin önerdiği 'Bahçe Bitkileri' ve 'Tarımsal Ekonomi' etiketleri tamamen absürt sistemsel çöp verilerdir (FP-1). Mevcut 'Klinik Nöroloji, Odyoloji ve Konuşma-Dil Patolojisi, Psikiyatri' ana kategorisi tam, eksiksiz ve %100 doğrudur.","Klinik Nöroloji, Odyoloji ve Konuşma-Dil Patolojisi, Psikiyatri",Bahçe Bitkileri,Tarımsal Ekonomi ve Politika,YÜKSEK (Farklı Alt Alan),0.6606259620443782,0.8714216197553476,-1,0.4,Fen > Tıp > Klinik Nöroloji | Fen > Tıp > Odyoloji ve Konuşma-Dil Patolojisi | Fen > Tıp > Psikiyatri,Fen > Ziraat > Bahçe Bitkileri,0.1222015917301178,1.0,1,1
1387808,"Lawsonia inermis (Henna) extracts as a sustainable solution to combat multidrug-resistant gram-negative bacteria in surface water, sewage, and abattoir leachate: A quantitative antimicrobial analysis",TP-2,"Yüzey suyu, kanalizasyon ve mezbaha atıksularından elde edilen çoklu ilaç dirençli (MDR) gram-negatif bakterilere karşı Lawsonia inermis (kına) ekstraktlarının (metanol/sulu) antimikrobiyal aktivitesinin, MIC ve MBC değerlerinin incelendiği doğrudan bir çevre mühendisliği ve uygulamalı mikrobiyoloji melez araştırmasıdır; mevcut 'Çevre Mühendisliği' omurgası korunmalı ve bitkisel antimikrobiyal ajanlar ile mikrobiyal dirençle mücadele boyutu için modelin isabetle önerdiği Biyoteknoloji ve Uygulamalı Mikrobiyoloji alanı ikincil etiket olarak eklenmelidir (TP-2 melez çalışma).",Çevre Mühendisliği,Biyoteknoloji ve Uygulamalı Mikrobiyoloji,Farmakoloji ve Eczacılık,YÜKSEK (Farklı Alt Alan),0.6580393808756724,0.557913107742649,269,0.4,Fen > Mühendislik > Çevre Mühendisliği,Fen > Tıp > Biyoteknoloji ve Uygulamalı Mikrobiyoloji,0.3387460112571716,1.0,1,1
1366967,The Effect of Purple Carrot Powder on the Microbiological and Physicochemical Properties of Vacuum-Packed Meatballs During Storage (4°C),TP-1,"Vakumlu ambalajda 4°C'de depolanan köftelere mor havuç tozu (MHT) ilavesinin mikrobiyolojik sayımlar (TAMB, maya-küf, S. aureus), TBARS oksidasyon, pH, renk ve toplam fenolik/antioksidan özellikleri üzerine etkisinin incelendiği doğrudan bir gıda bilimi, et teknolojisi ve gıda mikrobiyolojisi araştırmasıdır; mevcut kategorideki 'Ziraat, Toprak Bilimi' etiketi yanlıştır. Makale k-NN yerel uzlaşısının (%70) isabetle belirlediği Gıda Bilimi ve Teknolojisi ana disiplinine aktarılmalı ve mikrobiyolojik analiz boyutu için modelin önerdiği Biyoteknoloji ve Uygulamalı Mikrobiyoloji alanı eklenmelidir (TP-1 kategori değişimi).","Ziraat, Toprak Bilimi",Biyoteknoloji ve Uygulamalı Mikrobiyoloji,Gıda Bilimi ve Teknolojisi,YÜKSEK (Farklı Alt Alan),0.6572561618766986,0.8644155937758294,-1,0.7,"Fen > Ziraat > Ziraat, Toprak Bilimi",Fen > Tıp > Biyoteknoloji ve Uygulamalı Mikrobiyoloji,0.1175778955221176,1.0,1,1
1454381,KAPADOKYA KIRSALINDA BİR YERLEŞİM MONOGRAFİSİ: GÖRE BELDESİ’NİN MİMARİ VE KÜLTÜREL MİRASI,FP-1,"Kapadokya Göre beldesinin geleneksel kırsal mimarisi, kaya oyma/yığma yapı teknikleri ve mimari belgelemesidir; modelin 'Ziraat, Toprak Bilimi' önerisi metindeki 'kırsal zirai yapılar/ambar' ve 'volkanik tüf/topoğrafya' ifadelerinden kaynaklanan hatalı bir kelime tuzağı ve model yanılgısıdır (FP-1). Mevcut Mimarlık etiketi tam ve doğrudur.",Mimarlık,"Ziraat, Toprak Bilimi",Mühendislik,YÜKSEK (Farklı Alt Alan),0.6560502410552498,0.7680393936719876,156,0.4,Fen > Mühendislik > Mimarlık,"Fen > Ziraat > Ziraat, Toprak Bilimi",0.1829725503921508,1.0,1,1
1366997,Genetic Characterization and Brown Rust Resistance Screening of Gamma Irradiated Bread Wheat M4 Populations by DNA Markers,TP-1,Gama ışınlamasıyla oluşturulan ekmeklik buğday M4 popülasyonlarında retrotranspozon DNA belirteçleri (iPBS primerleri) ve Lr direnç genleri ile moleküler genetik karakterizasyon ve mutasyon ıslahı çalışmasıdır; mevcut 'Toprak Bilimi' etiketi tamamen hatalıdır ve modelin 'Genetik ve Kalıtım' tespitiyle doğrudan yer değiştirmelidir (TP-1).,"Ziraat, Toprak Bilimi",Genetik ve Kalıtım,Genetik ve Kalıtım,YÜKSEK (Farklı Alt Alan),0.655794288285633,0.8739006736598811,-1,0.4,"Fen > Ziraat > Ziraat, Toprak Bilimi",Fen > Temel Bilimler > Genetik ve Kalıtım,0.2209117710590362,0.9,1,1
1227997,CAPS-SSR Markırları Kullanılarak Pamuk Kromozom Subsitüsyon Hatlarının Belirlenmesi,FP-1,"Pamukta (Gossypium L.) moleküler sitogenetik, kromozom sübstitüsyon hatları ve CAPS-SSR DNA markırları ile bitki ıslahı çalışmasıdır; modelin 'Malzeme Bilimleri, Tekstil' önerisi giriş cümlesindeki genel pamuk/tekstil sektörü ifadelerinden kaynaklanan bir model yanılgısıdır (FP-1). Mevcut 'Biyoloji, Genetik ve Kalıtım, Bitki Bilimleri' etiketleri doğru olup veri tabanındaki alakasız 'Paleontoloji' etiketi veri giriş hatasıdır.","Biyoloji, Genetik ve Kalıtım, Paleontoloji, Bitki Bilimleri","Malzeme Bilimleri, Tekstil",Malzeme Bilimleri,YÜKSEK (Farklı Alt Alan),0.6546060017109674,0.8923294152262854,-1,0.7,Fen > Temel Bilimler > Biyoloji | Fen > Temel Bilimler > Genetik ve Kalıtım | Fen > Temel Bilimler > Paleontoloji | Fen > Ziraat > Bitki Bilimleri,"Fen > Mühendislik > Malzeme Bilimleri, Tekstil",0.0900675654411315,1.0,1,1
1407255,BitigDiz: Türkçe Metin Dizinleme ve Analiz Programı,TP-2,Doğal dil işleme (NLP) ve metin madenciliği yazılımı geliştirmesidir; Bilgisayar Bilimleri eklenmelidir.,Dil ve Dil Bilim,"Bilgisayar Bilimleri, Yapay Zeka",Bilgisayar Bilimleri,KRİTİK (Farklı Ana Disiplin),0.6527026500681957,0.8905732951084455,-1,0.7,Sosyal > Sosyal > Dil ve Dil Bilim,"Fen > Mühendislik > Bilgisayar Bilimleri, Yapay Zeka",0.2001695036888122,0.9,0,1
1348463,Yenilebilir Yabani Otların Kullanım Biçimleri ve Yenilebilir Yabani Otlara İlişkin Geleneksel Bilginin Aktarımı: Orta Karadeniz Örneği,FP-1,"Orta Karadeniz'de yenilebilir yabani otların mutfak kültürü, geleneksel bilginin sözlü aktarımı ve folklorik boyutunun 18 katılımcı ile mülakat yapılarak incelendiği nitel bir sosyal bilim/kültür araştırmasıdır; modelin 'Bahçe Bitkileri' (Ziraat) önerisi yabani ot ve etnobotanik terimlerinden kaynaklanan hatalı bir model yanılgısıdır (FP-1). Mevcut 'Antropoloji, Beşeri Bilimler, Folklor' etiketleri tam ve doğrudur.","Antropoloji, Beşeri Bilimler, Folklor",Bahçe Bitkileri,Biyoloji Çeşitliliğinin Korunması,KRİTİK (Farklı Ana Disiplin),0.6526378247634308,0.9386365284505432,-1,0.3,Sosyal > Sosyal > Antropoloji | Sosyal > Sosyal > Beşeri Bilimler | Sosyal > Sosyal > Folklor,Fen > Ziraat > Bahçe Bitkileri,0.1656534075736999,0.9,0,1
1339723,Comparison of the Sensitive Volume Response of the Three Different Cylindrical Ionization Chambers with GEANT4 Simulations Using the Concept of Output Factor,FP-1,"Radyoterapide (TrueBeam STx) kullanılan farklı iyon odası dedektörlerinin dozimetrik yanıtlarının ve çıktı faktörlerinin GEANT4 Monte Carlo simülasyonu ile doğrulanmasıdır (Tıbbi Radyasyon Fiziği ve Radyasyon Onkolojisi); modelin 'Malzeme Bilimleri, Özellik ve Test' önerisi iyon odası ölçüm/kalibrasyon ifadelerinden kaynaklanan bir model yanılgısıdır (FP-1). Mevcut 'Biyofizik, Onkoloji' etiketleri tam ve doğrudur.","Biyofizik, Onkoloji","Malzeme Bilimleri, Özellik ve Test",Fizik,YÜKSEK (Farklı Alt Alan),0.6518739620236509,0.7675522305122825,-1,0.5,Fen > Tıp > Biyofizik | Fen > Tıp > Onkoloji,"Fen > Mühendislik > Malzeme Bilimleri, Özellik ve Test",0.1713882982730865,1.0,1,1
1349447,"Yoğun bakım ünitesinde yatan hasta ailelerinin gereksinimleri, psikolojik sıkıntıları ve sosyal destek düzeylerinin incelenmesi",TP-2,Yoğun bakım hasta yakınlarının psikososyal bakım ve destek analizi; Tıp yanına Hemşirelik/Sağlık Hizmetleri eklenmelidir.,"Psikiyatri, Yoğun Bakım, Tıp",Sağlık Politikaları ve Hizmetleri,Hemşirelik,KRİTİK (Farklı Ana Disiplin),0.6514874563734001,0.8099340741317532,-1,0.3,"Fen > Tıp > Psikiyatri | Fen > Tıp > Yoğun Bakım, Tıp",Sosyal > Sosyal > Sağlık Politikaları ve Hizmetleri,0.1400112509727478,1.0,0,1
1243292,Demir Bazlı Manyetik Nanopartiküllerin Genotoksik Etkilerinin Drosophila  melanogaster’de Araştırılması,TP-1,"Manyetik nanopartiküllerin (Fe3O4, NiFe2O4 vb.) model organizma Drosophila melanogaster üzerinde genotoksisite ve DNA hasarı analizidir; mevcut 'Kuş Bilimi' ve 'Parazitoloji' etiketleri veri tabanı hatası olup modelin 'Nanobilim ve Nanoteknoloji' tespitiyle düzeltilmelidir (TP-1).","Kuş Bilimi, Parazitoloji, Tıbbi Araştırmalar Deneysel",Nanobilim ve Nanoteknoloji,Nanobilim ve Nanoteknoloji,YÜKSEK (Farklı Alt Alan),0.6514097911169567,0.8373327839574964,-1,0.2,Fen > Temel Bilimler > Kuş Bilimi | Fen > Temel Bilimler > Parazitoloji | Fen > Tıp > Tıbbi Araştırmalar Deneysel,Fen > Mühendislik > Nanobilim ve Nanoteknoloji,0.1202188432216644,1.0,1,1
1348124,Tomruk Çarpmasına Bağlı Ölümler: Bir Otopsi Çalışması: Retrospektif Çalışma,FP-1,"Ormancılık sektöründe tomruk çarpmasına bağlı ölüm olgularının Adli Tıp Kurumu otopsi kayıtları üzerinden künt travma ve ölüm nedenleri açısından incelendiği adli tıp ve iş sağlığı araştırmasıdır; travmanın orman iş kazası kaynaklı olması çalışmayı mühendislik yapmaz, modelin 'Orman Mühendisliği' önerisi sektörel bağlamdan kaynaklanan bir model yanılgısıdır (FP-1). Mevcut 'Adli Tıp, Temel Sağlık Hizmetleri' etiketleri tam ve doğrudur.","Adli Tıp, Temel Sağlık Hizmetleri",Orman Mühendisliği,Orman Mühendisliği,YÜKSEK (Farklı Alt Alan),0.6483654948474458,0.727444333792325,16,0.3,Fen > Tıp > Adli Tıp | Fen > Tıp > Temel Sağlık Hizmetleri,Fen > Mühendislik > Orman Mühendisliği,0.1900126039981842,1.0,1,1
1206718,Budist Anlatı Metinlerine Ait Muhtelif Eski Uygurca Fragmanlar,TP-1,"Berlin Turfan Koleksiyonu'ndaki Eski Uygurca Budist anlatı metinlerinin filolojik neşri, harf çevirisi ve sözlük çalışmasıdır; veri tabanındaki mevcut 'Astronomi, Biyoloji, Zooloji, Paleontoloji' etiketleri tamamen sistemsel bir hata/çöp veri olup modelin 'Asya Çalışmaları' önerisiyle doğrudan yer değiştirilmelidir (TP-1 tam düzeltme).","Astronomi ve Astrofizik, Biyoloji, Biyoloji Çeşitliliğinin Korunması, Paleontoloji, Zooloji",Asya Çalışmaları,Antropoloji,KRİTİK (Farklı Ana Disiplin),0.6482545927376856,0.734545227969213,-1,0.4,Fen > Temel Bilimler > Astronomi ve Astrofizik | Fen > Temel Bilimler > Biyoloji | Fen > Temel Bilimler > Biyoloji Çeşitliliğinin Korunması | Fen > Temel Bilimler > Paleontoloji | Fen > Temel Bilimler > Zooloji,Sosyal > Sosyal > Asya Çalışmaları,0.1846236735582351,1.0,0,1
1422963,Çok ölçekli morfolojik arka plan tahmini ve adaptif histogram modifikasyonu ile tıbbi görüntülerde tübüler yapıların iyileştirilmesi,FP-1,"Tıbbi görüntülerde (anjiyogram ve retina) tübüler damar yapılarının çok ölçekli morfolojik filtreleme ve sigmoid histogram modifikasyonu ile kontrastının artırılmasına yönelik biyomedikal görüntü işleme çalışmasıdır; modelin 'Göz Hastalıkları' (Tıp) önerisi retina test veri setinden kaynaklanan bir model yanılgısıdır (FP-1). Mevcut 'Görüntüleme Bilimi ve Fotoğraf Teknolojisi, Biyotıp Mühendisliği' etiketleri doğru ve yeterlidir.","Görüntüleme Bilimi ve Fotoğraf Teknolojisi, Mühendislik, Biyotıp",Göz Hastalıkları,Bilgisayar Bilimleri,YÜKSEK (Farklı Alt Alan),0.6472920044860012,0.935681072314885,-1,0.5,"Fen > Mühendislik > Görüntüleme Bilimi ve Fotoğraf Teknolojisi | Fen > Mühendislik > Mühendislik, Biyotıp",Fen > Tıp > Göz Hastalıkları,0.1524906754493713,0.9,1,1
1404477,İki Farklı Yöntemle Uygulanan Sitrik Asidin Pürüzlendirilmiş ve Pürüzlendirilmemiş Titanyum Yüzeylerinde Neden Olduğu Fiziksel Değişimler,FP-1,Diş hekimliğinde kullanılan titanyum implant yüzeylerinin sitrik asit dekontaminasyonu sonrası yüzey pürüzlülüğü ve temas açısı (ıslanabilirlik) değişimlerinin incelendiği dental implantoloji ve biyomalzeme yüzey karakterizasyonu çalışmasıdır; çalışmada hücre kültürü veya doku iskelesi bulunmayıp modelin 'Hücre ve Doku Mühendisliği' önerisi biyofilm ve yüzey modifikasyonu terimlerinden kaynaklanan bir model yanılgısıdır (FP-1). Mevcut 'Diş Hekimliği' etiketi doğrudur.,Diş Hekimliği,Hücre ve Doku Mühendisliği,Malzeme Bilimleri,YÜKSEK (Farklı Alt Alan),0.6405395154650714,0.8916023427230936,-1,0.5,Fen > Diş Hekimliği > Diş Hekimliği,Fen > Mühendislik > Hücre ve Doku Mühendisliği,0.1646826565265655,0.9,1,1
1393862,Modeling Early Growth of Honamlı Kids Using Nonlinear Growth Curves,FP-1,"Honamlı keçisi oğlaklarında (Honamlı kids) canlı ağırlık artışı ve erken dönem büyüme dinamiklerinin doğrusal olmayan büyüme eğrileri (Gompertz, Lojistik vb.) ile modellenmesine dayalı bir Zootekni/Ziraat Mühendisliği çalışmasıdır; modelin 'Pediatri' (Çocuk Sağlığı) önerisi İngilizce 'kids' (oğlak/çocuk) ve 'early growth' kelimelerinin çok anlamlılığından kaynaklanan bariz bir kelime tuzağı ve model yanılgısıdır (FP-1). Mevcut 'Ziraat Mühendisliği' etiketi tam ve doğrudur.",Ziraat Mühendisliği,Pediatri,Pediatri,YÜKSEK (Farklı Alt Alan),0.640347537073884,0.9334643893376732,-1,0.2,Fen > Ziraat > Ziraat Mühendisliği,Fen > Tıp > Pediatri,0.134232684969902,0.9,1,1
1403644,Konvansiyonel ve Hibrit Maksiller Genişletmenin Burun Dokusu Üzerindeki Etkilerinin Karşılaştırmalı Değerlendirilmesi,TP-2,"Ortodontik maksiller genişletme (RME ve hibrit apareyler) uygulamalarının burun yumuşak/sert dokuları ve nazal kavite boyutları üzerindeki anatomik etkilerinin KIBT ile incelendiği disiplinlerarası bir klinik çalışmadır; mevcut Diş Hekimliği etiketinin yanına burun dokusu/nazal anatomi boyutuyla Kulak, Burun, Boğaz alanı eklenmelidir (TP-2 melez çalışma).",Diş Hekimliği,"Kulak, Burun, Boğaz",Kulak,YÜKSEK (Farklı Alt Alan),0.6353041076690701,0.7412482357147322,-1,0.4,Fen > Diş Hekimliği > Diş Hekimliği,"Fen > Tıp > Kulak, Burun, Boğaz",0.1428344249725341,1.0,1,1
1399848,"Artificial intelligence in mycology: a systematic review of species identification, biotechnological assessment, and explainable deep learning methods",TP-2,"Mantar biliminde (mikoloji) tür teşhisi, toksik tür tespiti ve habitat analizinde kullanılan derin öğrenme (CNN, YOLO, UNet) ve açıklanabilir yapay zeka (Grad-CAM, SHAP, LIME) metodolojilerinin sistematik derlemesidir; mevcut Mantar Bilimi etiketinin yanına çalışmanın bilişim boyutu olan Bilgisayar Bilimleri, Yapay Zeka alanı eklenmelidir (TP-2 melez çalışma).",Mantar Bilimi,"Bilgisayar Bilimleri, Yapay Zeka",Bilgisayar Bilimleri,YÜKSEK (Farklı Alt Alan),0.632829910228144,0.9496209592004252,-1,0.9,Fen > Temel Bilimler > Mantar Bilimi,"Fen > Mühendislik > Bilgisayar Bilimleri, Yapay Zeka",0.2154990583658218,0.8,1,1
1376002,Adli Vaka ve Adli Delil Yönetimi Eğitimi: Paramedik Öğrenci Örneği,TP-2,"Paramedik öğrencilerine yönelik adli vaka ve delil yönetimi eğitiminin etkinliğinin ön test-son test yarı deneysel modeli ile ölçüldüğü tıp/sağlık eğitimi araştırmasıdır; mevcut Adli Tıp etiketinin yanına çalışmanın pedagojik ve eğitimsel metodolojisi boyutuyla Eğitim, Eğitim Araştırmaları alanı eklenmelidir (TP-2 melez çalışma).",Adli Tıp,"Eğitim, Eğitim Araştırmaları",Eğitim,KRİTİK (Farklı Ana Disiplin),0.6307236283002067,0.675529288839407,-1,0.3,Fen > Tıp > Adli Tıp,"Sosyal > Sosyal > Eğitim, Eğitim Araştırmaları",0.1766894459724426,1.0,0,1
1453957,Potentials of Avocado Pear Seed Meal as Replacement for Maize in the Diets of Starter Local Turkeys,FP-1,"Hindi yavrularında (starter local turkeys) rasyona katılan avokado çekirdeği ununun büyüme performansı, karkas verimi ve organ ağırlıklarına etkisinin incelendiği bir hayvan besleme ve rasyon (Veterinerlik/Zootekni) çalışmasıdır; modelin 'Gıda Bilimi ve Teknolojisi' önerisi rasyon bileşimi ve fitokimyasal besin analiz terimlerinden kaynaklanan bir model yanılgısıdır (FP-1). Mevcut 'Veterinerlik' etiketi tam ve doğrudur.",Veterinerlik,Gıda Bilimi ve Teknolojisi,Gıda Bilimi ve Teknolojisi,YÜKSEK (Farklı Alt Alan),0.6292641282484805,0.8579347171012065,-1,0.4,Fen > Veterinerlik > Veterinerlik,Fen > Mühendislik > Gıda Bilimi ve Teknolojisi,0.1565155684947967,0.9,1,1
1395909,"Exploring the potential of Skeletonema costatum, natural  shrimp  as  an  antihyperglycemic  and  antihypercholesterolemic therapy for diabetes mellitus in  mice",TP-2,"Diyabet ve hiperkolesterolemi fare modellerinde denizel mikroalg Skeletonema costatum ekstraktının glukoz regülasyonu, insülin duyarlılığı ve lipid metabolizması üzerindeki farmakolojik etkinliğinin incelendiği melez bir çalışmadır; mevcut Farmakoloji ve Eczacılık etiketinin yanına patofizyolojik hedef alan olan Endokrinoloji ve Metabolizma alanı eklenmelidir (TP-2 melez çalışma).",Farmakoloji ve Eczacılık,Endokrinoloji ve Metabolizma,Endokrinoloji ve Metabolizma,YÜKSEK (Farklı Alt Alan),0.6288928083373597,0.6346245703273972,-1,0.3,Fen > Eczacılık > Farmakoloji ve Eczacılık,Fen > Tıp > Endokrinoloji ve Metabolizma,0.2006761878728866,1.0,1,1
1387800,Leveraging machine learning to assess the environmental impact of food production: A comparative analysis of carbon footprints,FP-1,Gıda üretiminin karbon ayak izi ve sera gazı emisyonlarının makine öğrenmesi (Random Forest) regresyon modelleri ile tahmin edildiği bir çevre mühendisliği ve veri bilimi çalışmasıdır; modelin 'Tarımsal Ekonomi ve Politika' önerisi 'policymakers' ve gıda sistemleri ifadelerinden kaynaklanan bir model yanılgısıdır (FP-1). Mevcut 'Çevre Mühendisliği' etiketi doğru ve yerindedir (k-NN bilişim/makine öğrenmesi boyutunu yakalamıştır).,Çevre Mühendisliği,Tarımsal Ekonomi ve Politika,Bilgisayar Bilimleri,YÜKSEK (Farklı Alt Alan),0.6275424921447413,0.9322391164042062,-1,0.8,Fen > Mühendislik > Çevre Mühendisliği,Fen > Ziraat > Tarımsal Ekonomi ve Politika,0.0985220372676849,0.9,1,1
1405610,Tek-Renk Kompozit Rezinin Vickers Sertliğinin In Vitro İncelenmesi,TP-2,"Restoratif diş hekimliğinde kullanılan kompozit dolgu rezinlerinin (Zenchroma vb.) farklı ışık polimerizasyon modlarında Vickers yüzey sertliği ve SEM/EDS mikroyapı testleriyle incelendiği dental biyomalzeme karakterizasyonu çalışmasıdır; mevcut Diş Hekimliği etiketinin yanına deneysel malzeme testi boyutuyla Malzeme Bilimleri, Özellik ve Test alanı eklenmelidir (TP-2 melez çalışma).",Diş Hekimliği,"Malzeme Bilimleri, Özellik ve Test",Malzeme Bilimleri,YÜKSEK (Farklı Alt Alan),0.6245453468180187,0.928093857851222,-1,0.7,Fen > Diş Hekimliği > Diş Hekimliği,"Fen > Mühendislik > Malzeme Bilimleri, Özellik ve Test",0.3214910924434662,0.7,1,1
1260203,"Er,Cr:YSGG Lazer Debonding'in Yaşlandırılmış ve Yaşlandırılmamış Lityum Disilikat Seramiklerin Mekanik Özelliklerine Etkisi",FP-1,"Diş hekimliğinde protetik restorasyonda kullanılan lityum disilikat cam seramiklerin lazer debonding sonrası mekanik ve morfolojik (üç nokta eğme, Vickers, AFM, FESEM) özelliklerinin test edilmesidir; incelenen malzeme inorganik cam seramik olup metal içermez, modelin 'Metalürji Mühendisliği' önerisi malzeme test terimlerinden kaynaklanan bir model yanılgısıdır (FP-1; nitekim k-NN Malzeme Bilimleri demiştir). Mevcut Diş Hekimliği etiketi doğrudur.","Diş Hekimliği, Kimya, Tıbbi, Mikroskopi, Spektroskopi",Metalürji Mühendisliği,Malzeme Bilimleri,YÜKSEK (Farklı Alt Alan),0.6226050787850728,0.8421431432900863,-1,0.6,"Fen > Diş Hekimliği > Diş Hekimliği | Fen > Temel Bilimler > Kimya, Tıbbi | Fen > Temel Bilimler > Mikroskopi | Fen > Temel Bilimler > Spektroskopi",Fen > Mühendislik > Metalürji Mühendisliği,0.1487694084644317,0.9,1,1
1368767,Bilgi ve Belge Yönetimi Bölümü Öğrencilerinin Yapay Zekâ Okuryazarlığı Düzeyleri Üzerine Bir Araştırma,FP-1,"Bilgi ve Belge Yönetimi (BBY) bölümü lisans öğrencilerinin yapay zekâ okuryazarlık ve farkındalık düzeylerinin ölçek/anket yöntemiyle incelendiği nicel bir sosyal bilim/kütüphanecilik araştırmasıdır; çalışmada YZ algoritması geliştirme veya teknik mühendislik bulunmayıp modelin 'Bilgisayar Bilimleri, Yapay Zeka' (Mühendislik) önerisi başlıktaki ve anketteki 'yapay zekâ' teriminden kaynaklanan klasik bir kelime tuzağı ve model yanılgısıdır (FP-1). Mevcut 'Bilgi, Belge Yönetimi' etiketi tam ve doğrudur.","Bilgi, Belge Yönetimi","Bilgisayar Bilimleri, Yapay Zeka",Bilgisayar Bilimleri,KRİTİK (Farklı Ana Disiplin),0.6193856123147548,0.6626665783159494,-1,0.6,"Sosyal > Sosyal > Bilgi, Belge Yönetimi","Fen > Mühendislik > Bilgisayar Bilimleri, Yapay Zeka",0.1534827649593353,1.0,0,1
1304846,Di-(2-etilhekzil) Ftalat (DEHP) Kaynaklı Testis Toksisitesine karşı Hesperedinin Etkilerinin İncelenmesi,TP-2,"DEHP kaynaklı testis hasarı ve oksidatif stres parametreleri (MDA, GSH, SOD) üzerinde hesperidinin koruyucu etkilerinin incelendiği deneysel bir üreme toksikolojisi çalışmasıdır; mevcut Androloji ve Tıbbi Biyokimya etiketlerinin yanına çalışmanın kimyasal etki ve toksisite mekanizması boyutuyla Toksikoloji alanı eklenmelidir (TP-2 melez çalışma).","Androloji, Biyokimya ve Moleküler Biyoloji, Tıbbi Araştırmalar Deneysel",Toksikoloji,Toksikoloji,YÜKSEK (Farklı Alt Alan),0.6188571844590451,0.921981808381377,-1,0.3,Fen > Tıp > Androloji | Fen > Tıp > Biyokimya ve Moleküler Biyoloji | Fen > Tıp > Tıbbi Araştırmalar Deneysel,Fen > Eczacılık > Toksikoloji,0.1953192353248596,0.8,1,1
1367000,Green Onion (Allium Cepa L.) Leaves As Natural Additive For Improving Vegetable Oil Quality In Canned Tuna,TP-1,"Ton balığı konservelerinde (canned tuna) soya yağı oksidasyonunu önlemek ve yağ kalitesini artırmak için taze soğan yaprağı tozu ilavesinin (fenolik madde, peroksit değeri, yağ asitleri, sterilizasyon) incelendiği doğrudan bir gıda işleme ve koruma çalışmasıdır; mevcut 'Toprak Bilimi' etiketi tamamen hatalı bir veri girişi olup model ve k-NN'in ortak tespiti olan 'Gıda Bilimi ve Teknolojisi' ile değiştirilmelidir (TP-1 tam düzeltme).","Ziraat, Toprak Bilimi",Gıda Bilimi ve Teknolojisi,Gıda Bilimi ve Teknolojisi,YÜKSEK (Farklı Alt Alan),0.6157624074522926,0.7707253258245282,-1,0.4,"Fen > Ziraat > Ziraat, Toprak Bilimi",Fen > Mühendislik > Gıda Bilimi ve Teknolojisi,0.1802316457033157,0.9,1,1
1443940,İLETİŞİM ARAŞTIRMALARINDA DİJİTAL SİMÜLASYON YAKLAŞIMLARI: SİSTEMATİK BİR İNCELEME,FP-1,"İletişim bilimlerinde dijital simülasyon yöntemlerinin araştırma metodolojisi olarak kullanım olanaklarını inceleyen sistematik bir sosyal bilim/içerik analizi derlemesidir; metinde yapay zekâ, makine öğrenmesi ve yapay sinir ağlarının açıkça 'kapsam dışı bırakıldığı' belirtilmesine rağmen model bu kavramları algılayarak 'Bilgisayar Bilimleri, Yapay Zeka' önerisinde bulunmuştur (FP-1 model yanılgısı). Mevcut 'İletişim' etiketi tam ve doğrudur.",İletişim,"Bilgisayar Bilimleri, Yapay Zeka",Bilgisayar Bilimleri,KRİTİK (Farklı Ana Disiplin),0.6155852618856724,0.9492617905312764,-1,0.9,Sosyal > Sosyal > İletişim,"Fen > Mühendislik > Bilgisayar Bilimleri, Yapay Zeka",0.2807708978652954,0.7,0,1
1432781,"Afazide Aile Yaşamı Etki Ölçeği’nin Türkçeye Uyarlanması,  Geçerlik ve Güvenirlik: Metodolojik Çalışma",TP-2,"İnme sonrası afazili hastaların aile bireyleri ve bakımverenleri üzerindeki psikososyal etkilerini ölçen FAMLI ölçeğinin psikometrik uyarlamasıdır; mevcut Klinik Nöroloji, Konuşma-Dil Patolojisi ve Rehabilitasyon etiketlerinin yanına aile/bakımveren dinamiği boyutuyla Aile Çalışmaları alanı eklenmelidir (TP-2 melez çalışma).","Klinik Nöroloji, Odyoloji ve Konuşma-Dil Patolojisi, Rehabilitasyon",Aile Çalışmaları,Aile Çalışmaları,KRİTİK (Farklı Ana Disiplin),0.615294228503515,0.4273569465057439,117,0.5,Fen > Tıp > Klinik Nöroloji | Fen > Tıp > Odyoloji ve Konuşma-Dil Patolojisi | Fen > Tıp > Rehabilitasyon,Sosyal > Sosyal > Aile Çalışmaları,0.3098714053630829,1.0,0,1
1341217,Portatif sagital plan omurga  eğriliği ölçüm sistemi tasarımı ve ön değerlendirmesi,FP-1,"Torakal ve lomber omurga eğriliğini deri üzerinden ölçen radyasyonsuz, bilgisayar destekli portatif biyomedikal cihaz/prototip (OmÖS) tasarımı ve gonyometre karşılaştırmalı doğrulama çalışmasıdır; modelin tamamen alakasız şekilde 'Oşinografi' (Okyanus/Deniz Bilimi) önermesi bariz bir model halüsinasyonudur (FP-1; nitekim k-NN Mühendislik demiştir). Mevcut 'Biyofizik, Sağlık Bilimleri ve Hizmetleri' etiketleri geçerlidir.","Biyofizik, Sağlık Bilimleri ve Hizmetleri",Oşinografi,Mühendislik,YÜKSEK (Farklı Alt Alan),0.6151534652401254,0.9703165744500336,-1,0.4,Fen > Tıp > Biyofizik | Fen > Tıp > Sağlık Bilimleri ve Hizmetleri,Fen > Temel Bilimler > Oşinografi,0.1502123475074768,0.8,1,1
1393716,Yüksekten Düşme Sendromlu Kedilerde Klinik ve Nörolojik Bulguların Retrospektif Değerlendirilmesi: 174 Olgu,FP-1,"Atatürk Üniversitesi Veteriner Fakültesi Hayvan Hastanesi'ne getirilen yüksekten düşme sendromlu kedilerde nörolojik durumun (Modifiye Glasgow Koma Ölçeği), travma ve komplikasyonların incelendiği bir veteriner klinik/cerrahi araştırmasıdır; modelin insan tıbbına ait 'Klinik Nöroloji' (Tıp) önerisi klinik/nörolojik terimlerden kaynaklanan bir model yanılgısıdır (FP-1). Mevcut 'Veterinerlik' etiketi tam ve doğrudur.",Veterinerlik,Klinik Nöroloji,Klinik Nöroloji,YÜKSEK (Farklı Alt Alan),0.6125839978575629,0.9378249121188802,-1,0.2,Fen > Veterinerlik > Veterinerlik,Fen > Tıp > Klinik Nöroloji,0.1660793423652649,0.8,1,1
1206068,Finite element analysis of the cervical spine and soft tissue of the neck at different flexion angles,FP-1,"Farklı boyun fleksiyon açılarında servikal omurga ve yumuşak dokulardaki gerilme dağılımlarının sonlu elemanlar analizi (ANSYS) ile incelendiği bir biyomekanik ve ergonomi çalışmasıdır; modelin tamamen ilgisiz biçimde 'Oşinografi' (Okyanus/Deniz Bilimi) önermesi bariz bir model halüsinasyonudur (FP-1). Mevcut 'Biyofizik, Sağlık Bilimleri' etiketleri geçerlidir.","Biyofizik, Nörolojik Bilimler, Sağlık Bilimleri ve Hizmetleri, Spor Bilimleri",Oşinografi,Anestezi,YÜKSEK (Farklı Alt Alan),0.6125469623103972,0.7165251605094415,-1,0.4,Fen > Tıp > Biyofizik | Fen > Tıp > Nörolojik Bilimler | Fen > Tıp > Sağlık Bilimleri ve Hizmetleri | Fen > Tıp > Spor Bilimleri,Fen > Temel Bilimler > Oşinografi,0.0954733490943908,1.0,1,1
1393029,Kanal Eğiminin Ötesinde: Tekrarlanan Kullanımda Modern NiTi Sistemlerinin Performans ve Yapısal Bütünlüğünün Değerlendirilmesi,TP-1,"Endodontik kök kanal tedavisinde kullanılan NiTi döner eğe sistemlerinin şekillendirme performansı, apikal transportasyon ve otoklav sterilizasyonu sonrası yapısal bütünlüğünün karşılaştırıldığı doğrudan bir Endodonti/Diş Hekimliği çalışmasıdır; veri tabanındaki genel 'Cerrahi' (Tıp) etiketi hatalı olup model ve k-NN'in ortak tespiti olan 'Diş Hekimliği' ile düzeltilmelidir (TP-1 tam düzeltme).",Cerrahi,Diş Hekimliği,Diş Hekimliği,YÜKSEK (Farklı Alt Alan),0.612085357668142,0.6599340393628298,122,0.6,Fen > Tıp > Cerrahi,Fen > Diş Hekimliği > Diş Hekimliği,0.1345767080783844,1.0,1,1
1400625,"PSYLLİUM, BEZELYE VE YULAF KAYNAKLI BESİNSEL LİF İLAVESİNİN AYRANDA AROMA GELİŞİMİ VE DUYUSAL KARAKTERİSTİKLERİ ÜZERİNE ETKİSİ",FP-1,"Ayran üretiminde fonksiyonel diyet lifi (psyllium, bezelye, yulaf) ilavesinin depolama süresince aroma bileşikleri (asetaldehit, diasetil), renk (L*, a*, b*) ve duyusal özelliklere etkisinin incelendiği bir gıda teknolojisi ve fonksiyonel beslenme çalışmasıdır; modelin 'Toksikoloji' önerisi uçucu aroma kimyasalları (etanol, asetaldehit) terimlerinden kaynaklanan bir model yanılgısıdır (FP-1). Mevcut 'Gıda Bilimi ve Teknolojisi, Beslenme ve Diyetetik' etiketleri tam ve doğrudur.","Gıda Bilimi ve Teknolojisi, Beslenme ve Diyetetik",Toksikoloji,Toksikoloji,YÜKSEK (Farklı Alt Alan),0.6108529367607541,0.8661878119157582,-1,0.2,Fen > Mühendislik > Gıda Bilimi ve Teknolojisi | Sosyal > Sosyal > Beslenme ve Diyetetik,Fen > Eczacılık > Toksikoloji,0.0980170965194702,0.9,1,1
1399944,Yeni Nesil Terapötik Rekreasyon Yöntemlerine Kavramsal Bir Bakış,TP-1,"Yaşlılar ve psikolojik desteğe ihtiyaç duyan bireylerde VR ve robotik destekli terapötik rekreasyon uygulamalarının tematik olarak incelendiği bir rehabilitasyon ve yaşam kalitesi araştırmasıdır; veri tabanındaki 'Otelcilik, Konaklama, Spor ve Turizm' gibi dağınık torba etiketler ayıklanarak model ve k-NN'in ortak tespiti olan 'Rehabilitasyon' alanına taşınmalıdır (TP-1).","Hemşirelik, Otelcilik, Konaklama, Spor ve Turizm, Sağlık Politikaları ve Hizmetleri, Sosyal Çalışma",Rehabilitasyon,Rehabilitasyon,KRİTİK (Farklı Ana Disiplin),0.6106980818200192,0.7207313822460495,-1,0.4,"Sosyal > Sosyal > Hemşirelik | Sosyal > Sosyal > Otelcilik, Konaklama, Spor ve Turizm | Sosyal > Sosyal > Sağlık Politikaları ve Hizmetleri | Sosyal > Sosyal > Sosyal Çalışma",Fen > Tıp > Rehabilitasyon,0.2014721035957336,0.9,0,1
1387565,"Determination of Zearalenone in Corn and Wheat Consumed by Animals, in the Territory of Albania by Liquid Chromatography-Tandem Mass Spectrometry Method",TP-2,"Arnavutluk'ta hayvan yemi olarak tüketilen mısır ve buğdayda Fusarium kaynaklı miyotoksin zearalenonun LC-MS/MS ile kuantifikasyonu, endokrin bozucu etkileri ve toksisite analizinin yapıldığı disiplinlerarası bir çalışmadır; mevcut Kimya, Analitik ve Veterinerlik etiketlerinin yanına miyotoksin toksisitesi boyutuyla Toksikoloji alanı eklenmelidir (TP-2 melez çalışma).","Kimya, Analitik, Veterinerlik",Toksikoloji,Mantar Bilimi,YÜKSEK (Farklı Alt Alan),0.609497157814762,0.8594527293549415,-1,0.4,"Fen > Temel Bilimler > Kimya, Analitik | Fen > Veterinerlik > Veterinerlik",Fen > Eczacılık > Toksikoloji,0.0989542156457901,0.9,1,1
1365901,"In vivo evaluation of the efficacy of Cymbopogon citratus (lemongrass), Allium sativum (garlic), Leptospermum scoparium (manuka), and Litsea cubeba essential oils on Varroosis and Nosemosis co-infection in honey bees under field conditions",FP-1,"Bal arılarında (Apis mellifera) kovan içi Varroosis (akar) ve Nosemosis (mikrosporidya) karma paraziter enfestasyonlarına karşı uçucu yağların in vivo etkinliğinin incelendiği bir veteriner parazitolojisi ve arı sağlığı araştırmasıdır; modelin 'Tropik Tıp' (Tıp) önerisi bitki isimleri (lemongrass vb.) ve enfeksiyon terimlerinden kaynaklanan bir model yanılgısıdır (FP-1). Mevcut 'Parazitoloji, Veterinerlik' etiketleri tam ve doğrudur.","Parazitoloji, Veterinerlik",Tropik Tıp,Mantar Bilimi,YÜKSEK (Farklı Alt Alan),0.6088147591847329,0.8582421323848363,-1,0.4,Fen > Temel Bilimler > Parazitoloji | Fen > Veterinerlik > Veterinerlik,Fen > Tıp > Tropik Tıp,0.0978692173957824,0.9,1,1
1350390,Erken Cumhuriyet Döneminde Ekmek: Toplum ve Ekonomi Üzerindeki Etkiler,TP-1,"1923-1950 Erken Cumhuriyet döneminde ekmek üretimi, hububat politikaları, fiyat denetimleri ve kıtlık krizlerinin arşiv belgeleriyle incelendiği bir iktisat tarihi ve tarım politikası araştırmasıdır; veri tabanındaki 'Transplantasyon' (Organ Nakli) etiketi sistemsel bir hata/çöp veri olup temizlenmeli, model ve k-NN'in tespiti olan 'Tarımsal Ekonomi ve Politika' alanı eklenmelidir (TP-1 tam düzeltme).","Transplantasyon, İktisat",Tarımsal Ekonomi ve Politika,Tarımsal Ekonomi ve Politika,YÜKSEK (Farklı Alt Alan),0.6058098771345569,0.803454904227238,108,0.3,Fen > Tıp > Transplantasyon | Sosyal > Sosyal > İktisat,Fen > Ziraat > Tarımsal Ekonomi ve Politika,0.2427032887935638,0.8,1,1
1233821,İstismara Uğramış Bireylerde Kullanılan Ergoterapi Yaklaşımlarının İncelenmesi,TP-1,"İstismara uğramış bireylerde ergoterapi (iş ve uğraşı terapisi) yaklaşımlarının, okupasyonel performans ve günlük yaşam aktivitelerine etkilerinin incelendiği bir rehabilitasyon ve psikososyal sağlık araştırmasıdır; mevcut 'Mühendislik, Biyotıp' etiketi tamamen sistemsel bir hata/çöp veri olup temizlenmeli, model ve k-NN'in ortak tespiti olan 'Rehabilitasyon' alanı ile düzeltilmelidir (TP-1).","Mühendislik, Biyotıp, Davranış Bilimleri, Kriminoloji ve Ceza Bilimi, Sağlık Politikaları ve Hizmetleri, Sosyal Çalışma",Rehabilitasyon,Rehabilitasyon,YÜKSEK (Farklı Alt Alan),0.6045306247047461,0.7410229466644431,-1,0.4,"Fen > Mühendislik > Mühendislik, Biyotıp | Sosyal > Sosyal > Davranış Bilimleri | Sosyal > Sosyal > Kriminoloji ve Ceza Bilimi | Sosyal > Sosyal > Sağlık Politikaları ve Hizmetleri | Sosyal > Sosyal > Sosyal Çalışma",Fen > Tıp > Rehabilitasyon,0.1693568229675293,0.9,1,1
1384010,Çocuk Evleri Sitesinde Koruma Altında Bulunan 0-1 Yaş Grubu Bebeklerle Çalışan Bakım Elemanlarının Duyarlı Bakım Sunma Becerilerinin Çeşitli Değişkenler Açısından İncelenmesi,TP-2,Çocuk Evleri Sitesi'nde koruma altındaki 0-1 yaş bebeklerin bakımından sorumlu personelin duyarlı bakım becerilerinin incelendiği bir sosyal hizmet ve erken çocukluk gelişimi araştırmasıdır; mevcut Sosyal Çalışma etiketinin yanına bebek bakımı ve erken çocukluk sağlığı/gelişimi boyutuyla Pediatri alanı eklenmelidir (TP-2 melez çalışma).,Sosyal Çalışma,Pediatri,Pediatri,KRİTİK (Farklı Ana Disiplin),0.6021335607814682,0.6981247663688229,-1,0.3,Sosyal > Sosyal > Sosyal Çalışma,Fen > Tıp > Pediatri,0.1931496262550354,0.9,0,1
1406146,TÜRK HALK KÜLTÜRÜNDE DOĞUM ÂDETLERİ BAĞLAMINDA DÜŞÜKTEN KORUNMA YÖNTEMLERİ: RİZE YÖRESİ SAHA ARAŞTIRMASI,FP-1,"Rize yöresinde doğum âdetleri, düşükten korunma pratikleri (türbe ziyareti, dua, nazar, bele ip bağlama) ve eski Türk inançlarının saha derlemesiyle incelendiği bir halk bilimi (folklor) araştırmasıdır; çalışmada klinik obstetrik/jinekoloji bulunmayıp modelin 'Kadın Hastalıkları ve Doğum' (Tıp) önerisi başlıktaki ve özetteki 'doğum/düşük' kelimelerinden kaynaklanan bariz bir kelime tuzağı ve model yanılgısıdır (FP-1). Mevcut 'Folklor' etiketi tam ve doğrudur.",Folklor,Kadın Hastalıkları ve Doğum,Kadın Hastalıkları ve Doğum,KRİTİK (Farklı Ana Disiplin),0.6015852616267591,0.3543975512334459,21,0.4,Sosyal > Sosyal > Folklor,Fen > Tıp > Kadın Hastalıkları ve Doğum,0.4371024966239929,0.9,0,1
1395564,Giyilebilir Teknoloji Ürünlerinin Bedenleşme ve Zihinsel Bütünleşmesinin Kullanım Algısı Üzerindeki Etkisinin İncelenmesi,FP-1,"Giyilebilir teknoloji kullanan bireylerde bedenleşme ve zihinsel bütünleşmenin algılanan fayda, estetik ve kullanım devamlılığına etkilerinin AMOS yol analizi ve doğrulayıcı faktör analiziyle incelendiği bir tüketici davranışı, pazarlama ve işletme araştırmasıdır; çalışmada telekomünikasyon donanımı veya haberleşme mühendisliği bulunmayıp modelin 'Telekomünikasyon' (Mühendislik) önerisi başlıktaki ve özetteki 'teknoloji' kelimesinden kaynaklanan bir model yanılgısıdır (FP-1). Mevcut 'Davranış Bilimleri, İşletme' etiketleri tam ve doğrudur.","Davranış Bilimleri, İşletme",Telekomünikasyon,Bilgisayar Bilimleri,KRİTİK (Farklı Ana Disiplin),0.6004653289447672,0.9538057754558108,-1,0.3,Sosyal > Sosyal > Davranış Bilimleri | Sosyal > Sosyal > İşletme,Fen > Mühendislik > Telekomünikasyon,0.1200396716594696,0.8,0,1
1382746,Spatio-temporal modeling of fire hotspots using GSTAR(1;1) model with meteorology based weight matrices,TP-2,Orman ve arazi yangınlarının yayılımının GSTAR(1;1) uzay-zaman otoregresif istatistiksel modeli ve rüzgar hızı/yağış odaklı dinamik meteorolojik ağırlık matrisleri ile modellendiği melez bir çalışmadır; mevcut İstatistik ve Olasılık etiketinin yanına atmosferik veri ve meteorolojik modelleme boyutuyla Meteoroloji ve Atmosferik Bilimler alanı eklenmelidir (TP-2 melez çalışma).,İstatistik ve Olasılık,Meteoroloji ve Atmosferik Bilimler,Orman Mühendisliği,YÜKSEK (Farklı Alt Alan),0.6003530565431832,0.6678731217110626,-1,0.4,Fen > Temel Bilimler > İstatistik ve Olasılık,Fen > Mühendislik > Meteoroloji ve Atmosferik Bilimler,0.0953850746154785,1.0,1,1
1354198,XCOM PROGRAMI VE DENEYSEL VERİLERLE SEKİZ AĞAÇ TÜRÜNÜN RADYASYON TUTUCULUK ÖZELLİKLERİNİN ARAŞTIRILMASI,FP-1,"Sekiz farklı ahşap/ağaç türünün gama radyasyon zayıflatma ve zırhlama parametrelerinin (LAC, MAC, HVL, TVL, MFP) NaI(Tl) dedektörü ve XCOM nükleer simülasyonu ile incelendiği bir radyasyon fiziği ve malzeme karakterizasyonu çalışmasıdır; çalışmada klinik görüntüleme veya nükleer tıp bulunmayıp modelin 'Radyoloji, Nükleer Tıp, Tıbbi Görüntüleme' (Tıp) önerisi radyasyon/spektroskopi terimlerinden kaynaklanan bir model yanılgısıdır (FP-1; nitekim k-NN Fizik demiştir). Mevcut Malzeme Bilimleri etiketleri korunmalıdır.","Malzeme Bilimleri, Kaplamalar ve Filmler, Polimer Bilimi","Radyoloji, Nükleer Tıp, Tıbbi Görüntüleme",Fizik,YÜKSEK (Farklı Alt Alan),0.6001846102328958,0.4126829971678502,26,0.5,"Fen > Mühendislik > Malzeme Bilimleri, Kaplamalar ve Filmler | Fen > Mühendislik > Polimer Bilimi","Fen > Tıp > Radyoloji, Nükleer Tıp, Tıbbi Görüntüleme",0.2771824598312378,1.0,1,1
1333478,Evaluation of physical and chemical condition of a group of waterlogged archaeological woods from the Yenikapı 16 shipwreck,TP-2,"Yenikapı 16 batığından çıkarılan arkeolojik su altı ahşap örneklerinin (çınar, çam, göknar vb.) odun anatomisi, hücre duvarı yapısı (trakeitler), yoğunluk, holoselüloz/lignin kimyasal bozunmasının SEM, FTIR ve XRF ile incelendiği bir odun teknolojisi ve biyomalzeme çalışmasıdır; mevcut kimya ve mikroskopi etiketlerinin yanına odun yapısı ve ağaç türü karakterizasyonu boyutuyla Orman Mühendisliği alanı eklenmelidir (TP-2 melez çalışma).","Deniz ve Tatlı Su Biyolojisi, Kimya, Organik, Kimya, Uygulamalı, Mikroskopi, Paleontoloji",Orman Mühendisliği,Malzeme Bilimleri,YÜKSEK (Farklı Alt Alan),0.598507630367876,0.9495109849762952,-1,0.6,"Fen > Temel Bilimler > Deniz ve Tatlı Su Biyolojisi | Fen > Temel Bilimler > Kimya, Organik | Fen > Temel Bilimler > Kimya, Uygulamalı | Fen > Temel Bilimler > Mikroskopi | Fen > Temel Bilimler > Paleontoloji",Fen > Mühendislik > Orman Mühendisliği,0.1175139546394348,0.8,1,1
1351889,Caesar Şifrelemesinin Tarihsel ve Kriptografik Analizi,TP-2,"Antik çağda askeri ve diplomatik iletişim güvenliğinde kullanılan Sezar ikame şifrelemesinin edebi kaynaklar ışığında tarihsel gerçekliği ve modern kriptografiye etkilerinin incelendiği disiplinlerarası bir araştırmadır; mevcut Tarih, Bilim Tarihi ve Bilgi Yönetimi etiketlerinin yanına kriptografi ve şifreleme sistemleri boyutuyla Bilgisayar Bilimleri, Sibernetik alanı eklenmelidir (TP-2 melez çalışma).","Bilgi, Belge Yönetimi, Bilim Felsefesi ve Tarihi, Tarih","Bilgisayar Bilimleri, Sibernitik",Bilgisayar Bilimleri,KRİTİK (Farklı Ana Disiplin),0.595953078871044,0.650526429434905,151,0.8,"Sosyal > Sosyal > Bilgi, Belge Yönetimi | Sosyal > Sosyal > Bilim Felsefesi ve Tarihi | Sosyal > Sosyal > Tarih","Fen > Mühendislik > Bilgisayar Bilimleri, Sibernitik",0.0952042043209075,1.0,0,1
1406756,Üretim planlama ve kontrol süreçlerinde yapay zekâ kullanımına yönelik risklerin bulanık FMEA ile analizi,TP-2,"Üretim planlama ve kontrol (ÜPK) süreçlerinde yapay zekâ kullanımından doğan risklerin Bulanık FMEA (Fuzzy Failure Mode and Effects Analysis) karar verme metodolojisi ile önceliklendirildiği bir endüstri mühendisliği, operasyon yönetimi ve yapay zekâ araştırmasıdır; mevcut İşletme etiketinin yanına çalışmanın teknolojik ve metodolojik boyutuyla Bilgisayar Bilimleri, Yapay Zeka (veya Endüstri Mühendisliği) alanı eklenmelidir (TP-2 melez çalışma).","İşletme, İşletme Finans","Bilgisayar Bilimleri, Yapay Zeka",Endüstri Mühendisliği,KRİTİK (Farklı Ana Disiplin),0.5959289203326172,0.5662640350024961,201,0.4,Sosyal > Sosyal > İşletme | Sosyal > Sosyal > İşletme Finans,"Fen > Mühendislik > Bilgisayar Bilimleri, Yapay Zeka",0.2696083188056946,0.9,0,1
1326235,Soyut ve Somut Kültürel Miras Olarak Topkapı Sarayı Mutfakları –Matbah-ı Amire,FP-1,"Topkapı Sarayı Matbah-ı Amire yapılarının mimari düzeni, Mimar Sinan restorasyonları, mekânsal işlevleri ve Osmanlı saray yemek kültürünün somut/soyut kültürel miras kapsamında incelendiği bir mimarlık tarihi ve beşeri bilimler araştırmasıdır; çalışmada deniz teknolojisi bulunmayıp modelin 'Mühendislik, Deniz' önerisi bariz bir model halüsinasyonudur (FP-1; nitekim k-NN Mimarlık demiştir). Mevcut Beşeri Bilimler / Sosyal Bilimler etiketleri geçerlidir.","Beşeri Bilimler, Sosyoloji","Mühendislik, Deniz",Mimarlık,KRİTİK (Farklı Ana Disiplin),0.5956312145972029,0.6435670813654962,-1,0.5,Sosyal > Sosyal > Beşeri Bilimler | Sosyal > Sosyal > Sosyoloji,"Fen > Mühendislik > Mühendislik, Deniz",0.2135412693023681,0.9,0,1
493224,Deli Bal Zehirlenmelerinde Acil Servis Gözlemi Yeterli Midir? Vaka Sunumu,TP-2,Ormangülü kaynaklı grayanotoksin (deli bal) maruziyetine bağlı gelişen bradikardi ve acil servis takip/tedavi sürecinin ele alındığı bir klinik toksikoloji ve acil tıp olgu sunumudur; mevcut Acil Tıp etiketinin yanına zehirlenme mekanizması ve toksin boyutuyla Toksikoloji alanı eklenmelidir (TP-2 melez çalışma).,"Acil Tıp, Tropik Tıp",Toksikoloji,Toksikoloji,YÜKSEK (Farklı Alt Alan),0.5934206957569643,0.9384726218187504,-1,0.4,Fen > Tıp > Acil Tıp | Fen > Tıp > Tropik Tıp,Fen > Eczacılık > Toksikoloji,0.1108644008636474,0.8,1,1
1451106,Water-driven reactivation of photosystem II in Plagiochasma appendiculatum,FP-1,Kurumaya dayanıklı bir karasal ciğerotu/karayosunu (Plagiochasma appendiculatum) türünde su alımıyla (rehidrasyon) Fotosistem II aktivasyonunun klorofil a floresans kinetiğiyle incelendiği bir bitki fizyolojisi ve biyofizik çalışmasıdır; organizma karasal bir briyofit olup modelin 'Deniz ve Tatlı Su Biyolojisi' önerisi başlıktaki ve özetteki 'water/rehydration' kelimelerinden kaynaklanan bir model yanılgısıdır (FP-1; nitekim k-NN genel Biyoloji demiştir). Mevcut 'Bitki Bilimleri' etiketi tam ve doğrudur.,Bitki Bilimleri,Deniz ve Tatlı Su Biyolojisi,Biyoloji,YÜKSEK (Farklı Alt Alan),0.5924212713077013,0.7923540465173499,-1,0.4,Fen > Ziraat > Bitki Bilimleri,Fen > Temel Bilimler > Deniz ve Tatlı Su Biyolojisi,0.0980935990810394,0.9,1,1
1345007,"Web Tabanlı Uygulamaya Dayalı Temel Yaşam Desteği Eğitiminin Algılanan Öğrenme, Bilgi, Memnuniyet ve Özgüven Üzerindeki Etkisi: Bir Karma Yöntem Çalışması",FP-1,"Hemşirelik öğrencilerine yönelik web tabanlı temel yaşam desteği (CPR) simülasyon eğitiminin öğrenme çıktıları, bilgi düzeyi, memnuniyet ve özgüven üzerindeki etkilerinin ön-son test ve karma yöntemle incelendiği bir hemşirelik eğitimi araştırmasıdır; çalışmada yazılım mimarisi veya bilişim mühendisliği geliştirimi bulunmayıp modelin 'Bilgisayar Bilimleri, Bilgi Sistemleri' önerisi başlıktaki ve özetteki 'web tabanlı / bilgisayar destekli' ifadelerinden kaynaklanan bir model yanılgısıdır (FP-1). Mevcut 'Hemşirelik' etiketi geçerlidir.","Tıbbi Etik, Hemşirelik","Bilgisayar Bilimleri, Bilgi Sistemleri",Bilgisayar Bilimleri,YÜKSEK (Farklı Alt Alan),0.5914834178081996,0.6118857529130963,-1,0.7,Fen > Tıp > Tıbbi Etik | Sosyal > Sosyal > Hemşirelik,"Fen > Mühendislik > Bilgisayar Bilimleri, Bilgi Sistemleri",0.1100342273712158,1.0,1,1
1346894,Effect of Lavender Oral Drops in Reducing Dental Anxiety Among Patients Requiring Endodontic Treatment: A Randomised Clinical Trial,TP-1,"Semptomatik irreversibl pulpitisli hastalarda endodontik kök kanal tedavisi öncesi oral lavanta ekstraktının dental anksiyeteyi azaltma etkisinin çift kör randomize klinik çalışmayla incelendiği doğrudan bir Endodonti ve Diş Hekimliği araştırmasıdır; veri tabanındaki 'Adli Tıp, Anatomi ve Morfoloji' etiketleri tamamen sistemsel bir hata/çöp veri olup temizlenmeli, model ve k-NN'in ortak tespiti olan 'Diş Hekimliği' alanı ile düzeltilmelidir (TP-1 tam düzeltme).","Adli Tıp, Anatomi ve Morfoloji",Diş Hekimliği,Diş Hekimliği,YÜKSEK (Farklı Alt Alan),0.591141180252821,0.6546618062487869,123,0.6,Fen > Tıp > Adli Tıp | Fen > Tıp > Anatomi ve Morfoloji,Fen > Diş Hekimliği > Diş Hekimliği,0.1927877962589264,0.9,1,1
1394703,"Antrodia cinnamomea, Doksorubisin Kaynaklı Kardiyotoksisitede Oksidatif Hasarı Azaltarak Kalp Histolojisini Koruyor",TP-2,Sıçanlarda doksorubisin kaynaklı miyokardiyal oksidatif hasar ve kardiyotoksisiteye karşı Antrodia cinnamomea ekstraktının kardiyoprotektif ve histopatolojik etkilerinin incelendiği bir preklinik kardiyoloji ve farmakoloji çalışmasıdır; mevcut Veterinerlik etiketinin yanına kardiyotoksisite ve miyokard dokusu koruma boyutuyla Kalp ve Kalp Damar Sistemi alanı eklenmelidir (TP-2 melez çalışma).,Veterinerlik,Kalp ve Kalp Damar Sistemi,Kalp ve Kalp Damar Sistemi,YÜKSEK (Farklı Alt Alan),0.5910447688364019,0.3738834267707784,135,0.3,Fen > Veterinerlik > Veterinerlik,Fen > Tıp > Kalp ve Kalp Damar Sistemi,0.2787826061248779,1.0,1,1
1405453,TELIF HUKUKU KAPSAMINDA METIN VE VERI MADENCILIĞINE ILIŞKIN MUKAYESELI BIR ANALIZ VE TÜRK HUKUKU IÇIN MODEL ÖNERISI,FP-1,"Metin ve veri madenciliği (TDM) ile yapay zekâ model eğitiminde telif hakları, çoğaltma istisnaları ve mukayeseli yasal düzenlemelerin (AB CDSM Direktifi, ABD adil kullanım vb.) incelendiği bir fikri mülkiyet ve bilişim hukuku araştırmasıdır; çalışmada teknik algoritma veya yazılım geliştirme bulunmayıp modelin 'Bilgisayar Bilimleri, Sibernitik' (Mühendislik) önerisi başlıktaki ve özetteki 'veri madenciliği / yapay zekâ' ifadelerinden kaynaklanan bir model yanılgısıdır (FP-1). Mevcut 'Hukuk' etiketi tam ve doğrudur.",Hukuk,"Bilgisayar Bilimleri, Sibernitik",Bilgisayar Bilimleri,KRİTİK (Farklı Ana Disiplin),0.5909266573121712,0.7878197157107056,-1,0.4,Sosyal > Sosyal > Hukuk,"Fen > Mühendislik > Bilgisayar Bilimleri, Sibernitik",0.0970620810985565,0.9,0,1
1339701,"Determination of Aflatoxin B1 and Total Aflatoxin (B1, B2, G1, and G2) Risk in Pistachios and Dried Figs Collected from Local Markets in Şanlıurfa by High Performance Liquid Chromatography Method",TP-2,"Şanlıurfa yerel pazarından toplanan antep fıstığı ve kuru incirlerde Aspergillus kaynaklı aflatoksinlerin (AFB1, AFB2, AFG1, AFG2) HPLC ile tayini, gıda güvenliği ve karsinojenik risk değerlendirmesinin yapıldığı melez bir çalışmadır; mevcut Mantar Bilimi ve Biyoteknoloji/Mikrobiyoloji etiketlerinin yanına miyotoksin maruziyeti ve gıda toksikolojisi boyutuyla Toksikoloji alanı eklenmelidir (TP-2 melez çalışma).","Mantar Bilimi, Biyoteknoloji ve Uygulamalı Mikrobiyoloji",Toksikoloji,Gıda Bilimi ve Teknolojisi,YÜKSEK (Farklı Alt Alan),0.5882972017560347,0.9223649277821953,-1,0.4,Fen > Temel Bilimler > Mantar Bilimi | Fen > Tıp > Biyoteknoloji ve Uygulamalı Mikrobiyoloji,Fen > Eczacılık > Toksikoloji,0.1077313423156738,0.8,1,1
1289239,Çaldağ-Manisa (Batı Anadolu) Lateritik Ni-Co Yatağındaki Skandiyum Zenginleşmesinin Ön Çalışması,TP-2,"Çaldağ lateritik Ni-Co yatağında kritik metal skandiyumun (Sc) serpantinit protolit, limonit ve hematit zonlarındaki dağılımı ve alterasyon mekanizmalarının incelendiği bir cevher jeolojisi ve jeokimya araştırmasıdır; mevcut Jeokimya ve Metalürji etiketlerinin yanına cevher parajenezi ve kayaç mineralojisi boyutuyla Mineraloji alanı eklenmelidir (TP-2 melez çalışma).","Jeokimya ve Jeofizik, Metalürji Mühendisliği",Mineraloji,Malzeme Bilimleri,YÜKSEK (Farklı Alt Alan),0.5861564661095613,0.9245595745365116,-1,0.4,Fen > Mühendislik > Jeokimya ve Jeofizik | Fen > Mühendislik > Metalürji Mühendisliği,Fen > Temel Bilimler > Mineraloji,0.1000473499298095,0.8,1,1
1443950,BEBEKLERİMİZİ BÖYLE BESLERİZ: TÜRKİYE'DE BEBEK MAMASI REKLAMLARINDA NEOLİBERAL ANNELİK,FP-1,"Türkiye'deki bebek maması televizyon reklamlarının Foucaultcu yönetimsellik kuramı ve tematik söylem analiziyle incelendiği bir medya, reklam ve iletişim çalışmaları araştırmasıdır; çalışmada klinik obstetrik/jinekoloji veya medikal tedavi bulunmayıp modelin 'Kadın Hastalıkları ve Doğum' (Tıp) önerisi başlıktaki ve özetteki 'bebek/annelik/besleme' kelimelerinden kaynaklanan bariz bir kelime tuzağı ve model yanılgısıdır (FP-1). Mevcut 'İletişim' etiketi tam ve doğrudur.",İletişim,Kadın Hastalıkları ve Doğum,Pediatri,KRİTİK (Farklı Ana Disiplin),0.5858191540884864,0.6981247663688229,-1,0.3,Sosyal > Sosyal > İletişim,Fen > Tıp > Kadın Hastalıkları ve Doğum,0.146537035703659,0.9,0,1
1389173,Gürültülü İşyerlerinde İşle İlgili Faktörler ve İşitme Koruyucu Cihaz Kullanımı Arasındaki İlişki: Kesitsel Araştırma,FP-1,"Gürültülü işyerlerinde çalışan 423 personelde işitme koruyucu donanım/cihaz (İKC) kullanımına etki eden davranışsal faktörlerin, iş sağlığı güvenliği ve risk tutumlarının anket ve ölçeklerle incelendiği bir odyoloji, iş sağlığı ve halk sağlığı araştırmasıdır; çalışmada kablosuz iletişim, sinyal işleme veya telekomünikasyon mühendisliği bulunmayıp modelin 'Telekomünikasyon' (Mühendislik) önerisi 'cihaz/gürültü' kelimelerinden kaynaklanan bir model yanılgısıdır (FP-1). Mevcut 'Odyoloji ve Konuşma-Dil Patolojisi, Sağlık Politikaları ve Hizmetleri' etiketleri tam ve doğrudur.","Odyoloji ve Konuşma-Dil Patolojisi, Sağlık Politikaları ve Hizmetleri",Telekomünikasyon,Akustik,YÜKSEK (Farklı Alt Alan),0.5831349748506637,0.7244622874794369,-1,0.5,Fen > Tıp > Odyoloji ve Konuşma-Dil Patolojisi | Sosyal > Sosyal > Sağlık Politikaları ve Hizmetleri,Fen > Mühendislik > Telekomünikasyon,0.1200554370880127,0.9,1,1
1376717,Evaluation of Antioxidant and Cytotoxic Activities of Rosa pisiformis (Christ) Sosn. Endemic to Türkiye,TP-2,"Türkiye'ye endemik Rosa pisiformis türünün yaprak ve meyve ekstraktlarının CUPRAC antioksidan aktivitesi ile kanser hücre hatlarındaki (MCF-7, HT-29, A-549) sitotoksik/antikanser etkilerinin incelendiği bir farmakognozi, fitokimya ve tıbbi bitki araştırmasıdır; mevcut Tamamlayıcı ve Entegre Tıp etiketinin yanına endemik takson karakterizasyonu ve fitokimya boyutuyla Bitki Bilimleri (veya Biyoloji) alanı eklenmelidir (TP-2 melez çalışma).",Tamamlayıcı ve Entegre Tıp,Bitki Bilimleri,Biyoloji,YÜKSEK (Farklı Alt Alan),0.5824659939005413,0.4009294402179869,271,0.6,Fen > Tıp > Tamamlayıcı ve Entegre Tıp,Fen > Ziraat > Bitki Bilimleri,0.2349532395601272,1.0,1,1
1373578,"Sosyal Medya, Estetik Cerrahi ve Psikososyal Faktörler: Karşılaştırmalı Bir Çalışma",TP-2,"Sosyal medya kullanıcıları ve estetik cerrahi planlanan bireylerde sosyal medya bağımlılığı, beden imgesi, benlik saygısı, beden doyumu ve depresyon düzeylerinin karşılaştırıldığı bir psikososyal ve klinik araştırma çalışmasıdır; mevcut Psikiyatri etiketinin yanına beden algısı, bağımlılık ve psikososyal ölçek boyutuyla Psikoloji alanı eklenmelidir (TP-2 melez çalışma).","Dermatoloji, Psikiyatri",Psikoloji,Madde Bağımlılığı,KRİTİK (Farklı Ana Disiplin),0.582271400900085,0.7302429422195721,-1,0.4,Fen > Tıp > Dermatoloji | Fen > Tıp > Psikiyatri,Sosyal > Sosyal > Psikoloji,0.2277447581291198,0.8,0,1
1405145,İŞLETMELERİN BİST SÜRDÜRÜLEBİLİRLİK ENDEKSİNDE YER ALMALARININ FİNANSAL PERFORMANSLARI ÜZERİNDEKİ ETKİSİ: AB SINIRDA KARBON DÜZENLEME MEKANİZMASI KAPSAMINDAKİ SEKTÖRLERİN ANALİZİ,TP-2,"AB Sınırda Karbon Düzenleme Mekanizması (SKDM) kapsamındaki şirketlerin BİST Sürdürülebilirlik Endeksi'ne dahil olmalarının finansal performans oranları (ROA, ROE, PD/DD) üzerindeki etkisinin panel ekonometri ile incelendiği bir kurumsal finans ve sürdürülebilirlik araştırmasıdır; mevcut İşletme ve İşletme Finans etiketlerinin yanına yeşil dönüşüm ve karbon mekanizmaları boyutuyla Yeşil, Sürdürülebilir Bilim ve Teknoloji alanı eklenmelidir (TP-2 melez çalışma).","İşletme, İşletme Finans","Yeşil, Sürdürülebilir Bilim ve Teknoloji",Yeşil,KRİTİK (Farklı Ana Disiplin),0.5807619587012756,0.2947446085725732,215,0.3,Sosyal > Sosyal > İşletme | Sosyal > Sosyal > İşletme Finans,"Fen > Mühendislik > Yeşil, Sürdürülebilir Bilim ve Teknoloji",0.4202165901660919,0.9,0,1
1396593,TİRE KÜLTÜREL MEKÂN FOLKLORU,FP-1,"İzmir Tire'deki tarihi cami, külliye, tekke, zaviye ve türbelerin mekân folkloru ve kültürel bellek bağlamında mülakat yöntemiyle incelendiği bir halk bilimi (folklor) araştırmasıdır; çalışmada deniz teknolojisi bulunmayıp modelin 'Mühendislik, Deniz' önerisi bariz bir model halüsinasyonudur (FP-1; nitekim k-NN yapılı çevre boyutuyla Mimarlık demiştir). Mevcut 'Folklor' etiketi tam ve doğrudur.",Folklor,"Mühendislik, Deniz",Mimarlık,KRİTİK (Farklı Ana Disiplin),0.5807588026289864,0.5268832327384642,-1,0.5,Sosyal > Sosyal > Folklor,"Fen > Mühendislik > Mühendislik, Deniz",0.1401085555553436,1.0,0,1
1372974,TBDY-2018 Esaslı Zemin Sıvılaşma Potansiyelinin Çözümlenmesinde Enerji Oranı Düzeltme Katsayısının Etkisi,FP-1,"TBDY-2018 deprem yönetmeliği kapsamında SPT deneyi enerji düzeltme katsayısının (CE) zemin sıvılaşma potansiyeli ve güvenlik katsayısı üzerindeki etkilerinin incelendiği doğrudan bir geoteknik ve deprem/inşaat mühendisliği çalışmasıdır; çalışmada hidroloji veya su kaynakları yönetimi bulunmayıp modelin 'Su Kaynakları' önerisi 'sıvılaşma/su' kelimelerinden kaynaklanan bir model yanılgısıdır (FP-1). Mevcut 'Mühendislik, Jeoloji, İnşaat Mühendisliği' etiketleri tam ve doğrudur.","Mühendislik, Jeoloji, İnşaat Mühendisliği",Su Kaynakları,Su Kaynakları,YÜKSEK (Farklı Alt Alan),0.5806024924190516,0.7274865723735786,-1,0.3,"Fen > Mühendislik > Mühendislik, Jeoloji | Fen > Mühendislik > İnşaat Mühendisliği",Fen > Temel Bilimler > Su Kaynakları,0.1106595695018768,0.9,1,1
1382058,Investigation of the relationship between depression levels and nutritional status in elderly patients receiving home health care services,TP-2,"Evde sağlık hizmeti alan yaşlı hastalarda depresyon düzeyleri ile beslenme durumu (MNA ölçeği ve malnütrisyon riski) arasındaki ilişkinin incelendiği bir geriatri, halk sağlığı ve klinik beslenme araştırmasıdır; mevcut Geriatri, Psikiyatri ve Temel Sağlık Hizmetleri etiketlerinin yanına malnütrisyon ve nutrisyonel değerlendirme boyutuyla Beslenme ve Diyetetik alanı eklenmelidir (TP-2 melez çalışma).","Geriatri ve Gerontoloji, Psikiyatri, Temel Sağlık Hizmetleri",Beslenme ve Diyetetik,Beslenme ve Diyetetik,KRİTİK (Farklı Ana Disiplin),0.5805265818129127,0.8927568642656581,-1,0.4,Fen > Tıp > Geriatri ve Gerontoloji | Fen > Tıp > Psikiyatri | Fen > Tıp > Temel Sağlık Hizmetleri,Sosyal > Sosyal > Beslenme ve Diyetetik,0.1066781878471374,0.8,0,1
1447310,Millet Meclisi’nde Bingöl İlinin Sorunları ve Çözüm Arayışları (1961-1980),FP-1,"1961-1980 yılları arasındaki TBMM meclis tutanakları üzerinden Bingöl milletvekillerinin dile getirdiği kentsel altyapı, eğitim, sağlık ve tarım-hayvancılık gibi sosyo-ekonomik sorunların incelendiği bir siyasi tarih ve parlamento tarihi araştırmasıdır; çalışmada ziraat mühendisliği veya tarımsal ekonomi modellemesi bulunmayıp modelin 'Tarımsal Ekonomi ve Politika' (Ziraat) önerisi özetteki 'çiftçi/tarım/hayvancılık' kelimelerinden kaynaklanan bariz bir kelime tuzağı ve model yanılgısıdır (FP-1). Mevcut 'Siyasi Bilimler, Tarih' etiketleri tam ve doğrudur.","Siyasi Bilimler, Tarih",Tarımsal Ekonomi ve Politika,Tarımsal Ekonomi ve Politika,KRİTİK (Farklı Ana Disiplin),0.5805147701630382,0.8886860037364119,-1,0.3,Sosyal > Sosyal > Siyasi Bilimler | Sosyal > Sosyal > Tarih,Fen > Ziraat > Tarımsal Ekonomi ve Politika,0.2238379120826721,0.7,0,1
1403661,Sonik Uygulama Modunun İki Farklı Adeziv Sistemin Mikrogerilim Bağlanma Dayınımı Değerleri Üzerindeki Etkisi,FP-1,İnsan molar dişlerinde farklı dental adeziv sistemlerin sonik aktivasyonla uygulanmasının dentine mikrogerilim bağlanma dayanımı (μTBS) ve kompozit rezin restorasyonu üzerindeki etkilerinin incelendiği bir restoratif diş hekimliği ve dental biyomalzeme araştırmasıdır; çalışmada ses dalgaları fiziği veya akustik modelleme bulunmayıp modelin 'Akustik' önerisi başlıktaki ve özetteki dental 'sonik aktivasyon' el aleti teriminden kaynaklanan bir kelime tuzağı ve model yanılgısıdır (FP-1; nitekim k-NN dental biyomalzeme boyutuyla Malzeme Bilimleri demiştir). Mevcut 'Diş Hekimliği' etiketi tam ve doğrudur.,Diş Hekimliği,Akustik,Malzeme Bilimleri,YÜKSEK (Farklı Alt Alan),0.5792787915671807,0.7490478576044007,-1,0.4,Fen > Diş Hekimliği > Diş Hekimliği,Fen > Temel Bilimler > Akustik,0.0914766490459442,0.9,1,1
1403071,Onarım Tercih Oranı: AB Ülkelerinde Onarım Hizmetleri Talebinin Analizi,FP-1,"19 AB üyesi ülkede elektronik ürünlerin onarım hizmetleri talebi ve tüketici tercihlerinin Sistem GMM Dinamik Panel Ekonometri yöntemiyle modellendiği bir mikroiktisat, çevre iktisadı ve tüketici talebi araştırmasıdır; çalışmada telekomünikasyon şebekesi, haberleşme veya donanım mühendisliği bulunmayıp modelin 'Telekomünikasyon' (Mühendislik) önerisi özetteki 'elektronik ürünler' ifadesinden kaynaklanan bir model yanılgısıdır (FP-1). Mevcut 'İktisat' etiketi tam ve doğrudur.",İktisat,Telekomünikasyon,Endüstri Mühendisliği,KRİTİK (Farklı Ana Disiplin),0.579254171388864,0.7905816810827234,-1,0.4,Sosyal > Sosyal > İktisat,Fen > Mühendislik > Telekomünikasyon,0.1760250031948089,0.8,0,1
1403662,Yapıştırma İşlemlerinin Yaşlanmış Üniversal Kompozitlerin Onarım Bağ Dayanımına Etkisi,FP-1,Yaşlanmış dental üniversal kompozit rezinlerin farklı yüzey işlemleri ve dental adeziv sistemlerle onarım makaslama bağ dayanımının (MPa) ve kırılma tiplerinin incelendiği bir restoratif diş hekimliği ve dental biyomalzeme araştırmasıdır; çalışmada polimer sentezi veya kimyasal polimer mühendisliği bulunmayıp modelin 'Polimer Bilimi' (Mühendislik) önerisi dental kompozit ve yapıştırıcı ifadelerinden kaynaklanan bir model yanılgısıdır (FP-1; nitekim k-NN dental biyomalzeme boyutuyla Malzeme Bilimleri demiştir). Mevcut 'Diş Hekimliği' etiketi tam ve doğrudur.,Diş Hekimliği,Polimer Bilimi,Malzeme Bilimleri,YÜKSEK (Farklı Alt Alan),0.5776393475358954,0.7784365495941123,-1,0.6,Fen > Diş Hekimliği > Diş Hekimliği,Fen > Mühendislik > Polimer Bilimi,0.1800863146781921,0.8,1,1
1396886,Van Gölü Havzası Seramiklerinde Kullanılan Motifler ve Boyalar,FP-1,"Van Gölü Havzası'nda Kalkolitik Çağ'dan Urartu Krallığı'na kadar seramik üretimindeki pigment kullanımı, motif repertuarı, tipoloji ve bezeme tekniklerinin incelendiği bir arkeoloji ve arkeometri araştırmasıdır; çalışmada deniz teknolojisi bulunmayıp modelin 'Mühendislik, Deniz' önerisi başlıktaki ve özetteki 'Van Gölü / Havzası' ifadelerinden kaynaklanan bariz bir model halüsinasyonudur (FP-1; nitekim k-NN seramik boyutuyla Malzeme Bilimleri demiştir). Mevcut 'Arkeoloji' etiketi tam ve doğrudur.",Arkeoloji,"Mühendislik, Deniz",Malzeme Bilimleri,KRİTİK (Farklı Ana Disiplin),0.5763197394414918,0.7349212190326753,-1,0.3,Sosyal > Sosyal > Arkeoloji,"Fen > Mühendislik > Mühendislik, Deniz",0.207398384809494,0.8,0,1
1379499,UZUN METRAJLI ÜRÜNLER İÇİN YENİ BİR NİTELİKSEL TUTARLILIK ANALİZİ YAKLAŞIMI,TP-2,"Tekstil sektöründe kumaş üretimi yapan bir firmanın kalite kontrol süreçlerinde uzun metrajlı ürünler için geliştirilen Niteliksel Tutarlılık Analizi (ölçüm sistemleri analizi / MSA ve operatör uyumu) yaklaşımının incelendiği bir istatistiksel kalite kontrol araştırmasıdır; mevcut Endüstri Mühendisliği ve Malzeme Bilimleri/Tekstil etiketlerinin yanına ölçüm güvenilirliği, varyans ve uyum analizi metodolojisi boyutuyla İstatistik ve Olasılık alanı eklenmelidir (TP-2 melez çalışma).","Endüstri Mühendisliği, Malzeme Bilimleri, Tekstil",İstatistik ve Olasılık,İstatistik ve Olasılık,YÜKSEK (Farklı Alt Alan),0.5762364112698688,0.5581295344685131,201,0.3,"Fen > Mühendislik > Endüstri Mühendisliği | Fen > Mühendislik > Malzeme Bilimleri, Tekstil",Fen > Temel Bilimler > İstatistik ve Olasılık,0.1048686504364013,1.0,1,1
1383848,Osmaniye İli Anadolu Mandalarının Süt Verim Özellikleri ve Yağ Asidi Bileşimi,TP-1,"Osmaniye'de yetiştirilen Anadolu Mandalarının süt verimi, süt kimyasal bileşimi (protein, laktoz, yağ) ve yağ asidi kompozisyonunun incelendiği bir hayvansal gıda bilimi ve süt teknolojisi araştırmasıdır; veri tabanındaki 'Bitki Bilimleri' etiketi bariz bir sistemsel hatadır (manda hayvandır). Hatalı etiket silinerek model ve k-NN'in ortak tespiti olan 'Gıda Bilimi ve Teknolojisi' alanı ile düzeltilmelidir (TP-1 tam düzeltme).","Kimya, Uygulamalı, Bitki Bilimleri",Gıda Bilimi ve Teknolojisi,Gıda Bilimi ve Teknolojisi,YÜKSEK (Farklı Alt Alan),0.572499502251028,0.8704999480624155,-1,0.2,"Fen > Temel Bilimler > Kimya, Uygulamalı | Fen > Ziraat > Bitki Bilimleri",Fen > Mühendislik > Gıda Bilimi ve Teknolojisi,0.0996414721012115,0.8,1,1
1328079,Pirinanın Yetiştirme Ortamı Olarak Şişe Kültüründe Sarı Enoki Mantarı (Flammulina velutipes) Yetiştiriciliğinde Kullanımı,TP-2,Sarı enoki kültür mantarı yetiştiriciliğinde zeytin pirinası ve talaş bazlı yetiştirme ortamlarının misel gelişimi ve ürün verimi üzerindeki etkilerinin incelendiği bir mikoloji ve kültür mantarcılığı/ziraat araştırmasıdır; mevcut Mantar Bilimi etiketinin yanına ziraat/kültür yetiştiriciliği boyutuyla Bahçe Bitkileri alanı eklenmelidir (TP-2 melez çalışma).,"Biyoloji Çeşitliliğinin Korunması, Mantar Bilimi",Bahçe Bitkileri,Bitki Bilimleri,YÜKSEK (Farklı Alt Alan),0.5721874222849302,0.557448087014553,-1,0.5,Fen > Temel Bilimler > Biyoloji Çeşitliliğinin Korunması | Fen > Temel Bilimler > Mantar Bilimi,Fen > Ziraat > Bahçe Bitkileri,0.2080725729465484,0.9,1,1
1433884,Zeytinyağı Üretim Süreci Atıklarının Omurilik Yaralanması Modelinde Gıda Takviyesi Ve/Veya Tedavi Ajanı Olarak Değerlendirilmesi,TP-2,"Zeytinyağı üretim yan ürünlerinin (yaprak, pirina, karasu) fitokimyasal ekstraksiyonu, nutrasötik/gıda takviyesi olarak kullanımı ve sıçan omurilik yaralanması modelinde nöroprotektif terapötik etkilerinin incelendiği çok disiplinli bir biyomedikal ve gıda teknolojisi araştırmasıdır; mevcut Nörolojik Bilimler, Farmakoloji ve Tıbbi Araştırmalar etiketlerinin yanına gıda yan ürünleri valorizasyonu ve gıda takviyesi boyutuyla Gıda Bilimi ve Teknolojisi alanı eklenmelidir (TP-2 melez çalışma).","Farmakoloji ve Eczacılık, Nörolojik Bilimler, Tıbbi Araştırmalar Deneysel",Gıda Bilimi ve Teknolojisi,Gıda Bilimi ve Teknolojisi,YÜKSEK (Farklı Alt Alan),0.5712040573198327,0.5504477083042177,271,0.3,Fen > Eczacılık > Farmakoloji ve Eczacılık | Fen > Tıp > Nörolojik Bilimler | Fen > Tıp > Tıbbi Araştırmalar Deneysel,Fen > Mühendislik > Gıda Bilimi ve Teknolojisi,0.0959775149822235,1.0,1,1
1366874,MADEN ADLARININ KÖKEN BİLİMİ AÇISINDAN İNCELENMESİ,TP-1,"Altın, demir, gümüş, bakır, tunç ve çelik gibi maden adlarının Türk dili tarihi, lehçeleri, ses bilgisi ve anlam bilimi açısından incelendiği doğrudan bir etimoloji ve Türk dili araştırmasıdır; veri tabanındaki 'Malzeme Bilimleri, Kâğıt ve Ahşap' ile 'Metalürji Mühendisliği' etiketleri ve modelin 'Mineraloji' / k-NN'in 'Maden İşletme' önerileri başlıktaki 'maden' kelimesinden kaynaklanan bariz bir kelime tuzağıdır. Hatalı mühendislik/fen etiketleri silinerek yalnızca 'Dil ve Dil Bilim' etiketi bırakılmalıdır (TP-1 tam düzeltme).","Malzeme Bilimleri, Kâğıt ve Ahşap, Metalürji Mühendisliği, Dil ve Dil Bilim",Mineraloji,Maden İşletme ve Cevher Hazırlama,YÜKSEK (Farklı Alt Alan),0.570449392417651,0.8579520711087447,-1,0.7,"Fen > Mühendislik > Malzeme Bilimleri, Kâğıt ve Ahşap | Fen > Mühendislik > Metalürji Mühendisliği | Sosyal > Sosyal > Dil ve Dil Bilim",Fen > Temel Bilimler > Mineraloji,0.1027467846870422,0.8,1,1
1366994,Effects of Phson Plant Metabolism and Development,TP-2,"Protein hidrolizatlarının (PHs) tarımda biyostimülant olarak primer/sekonder metabolizma, enzim aktivitesi, gen ekspresyonu ve biyokimyasal yollar üzerindeki düzenleyici etkilerinin incelendiği bir bitki biyokimyası ve tarımsal bitki besleme araştırmasıdır; mevcut Ziraat ve Toprak Bilimi etiketinin yanına hücresel metabolizma, enzim regülasyonu ve gen modülasyonu boyutuyla Biyokimya ve Moleküler Biyoloji alanı eklenmelidir (TP-2 melez çalışma).","Ziraat, Toprak Bilimi",Biyokimya ve Moleküler Biyoloji,Bitki Bilimleri,YÜKSEK (Farklı Alt Alan),0.5697544125806318,0.7107625965639055,-1,0.4,"Fen > Ziraat > Ziraat, Toprak Bilimi",Fen > Tıp > Biyokimya ve Moleküler Biyoloji,0.2058964669704437,0.8,1,1
1389941,Türkiye Üniversitelerinin Jeomorfoloji Alanındaki Lisansüstü Tezlerinin Bibliyometrik Analizi,FP-1,"1944-2025 yılları arasında Coğrafya disiplini altında hazırlanmış 624 jeomorfoloji lisansüstü tezinin zamansal gelişimi, konu dağılımı ve Web-CBS haritalandırmasının yapıldığı bir fiziki coğrafya, bilim tarihi ve bibliyometri araştırmasıdır; çalışmada doğrudan jeoloji mühendisliği saha analizi bulunmayıp (özette belirtildiği üzere özellikle Coğrafya disiplini incelenmiştir) modelin 'Mühendislik, Jeoloji' önerisi 'jeomorfoloji' kelimesinden kaynaklanan bir model yanılgısıdır (FP-1; nitekim k-NN bibliyometri boyutuyla Bilgi/Kütüphanecilik demiştir). Mevcut 'Bilim Felsefesi ve Tarihi, Coğrafya' etiketleri tam ve doğrudur.","Bilim Felsefesi ve Tarihi, Coğrafya","Mühendislik, Jeoloji",Bilgi,KRİTİK (Farklı Ana Disiplin),0.5686754244351906,0.4695953260996034,203,0.6,Sosyal > Sosyal > Bilim Felsefesi ve Tarihi | Sosyal > Sosyal > Coğrafya,"Fen > Mühendislik > Mühendislik, Jeoloji",0.1465045511722564,1.0,0,1
1283877,ERZİNCAN OVASI VE ÇEVRESİNİN DEPREMSELLİĞİ İLE DEPREMLERİN MEKÂNSAL ve YOĞUNLUK ANALİZLERİ,TP-2,"Erzincan Ovası ve çevresinde KAFZ, KDAF ve Ovacık faylarının tektonik yapısı ile aletsel dönem deprem verilerinin CBS tabanlı mekânsal yoğunluk ve yerleşime uygunluk analizlerinin yapıldığı bir fiziki/mekânsal coğrafya ve deprem jeolojisi araştırmasıdır; mevcut Coğrafya etiketinin yanına tektonik, fay mekaniği ve depremsellik boyutuyla Mühendislik, Jeoloji alanı eklenmelidir (TP-2 melez çalışma; veri tabanındaki Fizik ve Matematik çöp etiketleri temizlenmelidir).","Fizik, Matematik, Coğrafya","Mühendislik, Jeoloji",Mühendislik,YÜKSEK (Farklı Alt Alan),0.5672226209430156,0.7665050629728067,156,0.6,"Fen > Temel Bilimler > Fizik, Matematik | Sosyal > Sosyal > Coğrafya","Fen > Mühendislik > Mühendislik, Jeoloji",0.2731324434280395,0.7,1,1
1404088,Stomalı Bireylerde Beden İmajı ve Stomaya Uyum Arasındaki İlişki,TP-2,"Kolostomi ve ileostomi açılmış stomalı hastalarda stoma bakımı, beden imajı algısı ve stomaya uyum düzeylerinin incelendiği bir stoma bakım hemşireliği, cerrahi ve gastrointestinal sistem araştırmasıdır; mevcut Hemşirelik etiketinin yanına stoma tipi (kolostomi/ileostomi) ve sindirim sistemi cerrahisi klinik boyutuyla Gastroenteroloji ve Hepatoloji alanı eklenmelidir (TP-2 melez çalışma).",Hemşirelik,Gastroenteroloji ve Hepatoloji,Gastroenteroloji ve Hepatoloji,KRİTİK (Farklı Ana Disiplin),0.5652717987379615,0.2725355365598933,65,0.5,Sosyal > Sosyal > Hemşirelik,Fen > Tıp > Gastroenteroloji ve Hepatoloji,0.2775368988513946,1.0,0,1
1404093,"Üniversite Öğrencilerinde Sağlık Okuryazarlığı, Siberkondri Ciddiyeti ve İlişkili Faktörlerin İncelenmesi",TP-2,"Üniversite öğrencilerinde Türkiye Sağlık Okuryazarlığı Ölçeği (TSOY-32) ve Siberkondri Ciddiyet Ölçeği ile dijital sağlık arama davranışı, reçetesiz ürün kullanımı ve sağlık anksiyetesinin incelendiği bir halk sağlığı ve koruyucu sağlık araştırmasıdır; mevcut Hemşirelik (Halk Sağlığı Hemşireliği) etiketinin yanına sağlık okuryazarlığı ve birinci basamak koruyucu toplum sağlığı boyutuyla Temel Sağlık Hizmetleri alanı eklenmelidir (TP-2 melez çalışma).",Hemşirelik,Temel Sağlık Hizmetleri,Sağlık Bilimleri ve Hizmetleri,KRİTİK (Farklı Ana Disiplin),0.5644063462889305,0.7771169158125365,-1,0.3,Sosyal > Sosyal > Hemşirelik,Fen > Tıp > Temel Sağlık Hizmetleri,0.1432203352451324,0.8,0,1
1375992,Elle Yazılıp İmzalandıktan Sonra İstiflenen Kağıt Belgeler Arasında Difüzyona İzin Veren Bir Ortamda GC-MS Yöntemiyle Mürekkep Yaşı Tayininin Değerlendirilmesi,FP-1,"Adli belge sahteciliğinin tespiti amacıyla tükenmez kalem mürekkebindeki fenoksietanol uçucu bileşeninin gaz kromatografisi-kütle spektrometrisi (GC-MS) ile kimyasal yaş tayininin yapıldığı doğrudan bir adli bilimler ve adli kimya araştırmasıdır; çalışmada kütüphanecilik veya arşiv tasnifi bulunmayıp modelin 'Bilgi, Belge Yönetimi' önerisi başlıktaki ve özetteki 'belge' kelimesinden kaynaklanan bariz bir kelime tuzağı ve model yanılgısıdır (FP-1). Mevcut 'Adli Tıp' (Adli Bilimler) etiketi korunmalıdır.",Adli Tıp,"Bilgi, Belge Yönetimi",Hukuk,KRİTİK (Farklı Ana Disiplin),0.5635022965451285,0.9364775039276304,-1,0.3,Fen > Tıp > Adli Tıp,"Sosyal > Sosyal > Bilgi, Belge Yönetimi",0.1410940587520599,0.7,0,1
1406203,Otomatikleştirilmiş ve Otonom Sistemlerce Gerçekleştirilen Sözleşmelerde Sözleşmenin Kurulmasına Yönelik Hukuki Meseleler,TP-2,"Yapay zekâ asistanları ve otonom robotik sistemlerce kurulan sözleşmelerin borçlar hukuku, irade beyanı, iradi temsil ve habercilik (ulak) doktrini çerçevesinde incelendiği bir bilişim hukuku ve yapay zekâ hukuku araştırmasıdır; mevcut Hukuk ana etiketinin yanına otonom sistemler ve algoritmik ajanlar boyutuyla Bilgisayar Bilimleri, Yapay Zeka alanı eklenmelidir (TP-2 melez çalışma).",Hukuk,"Bilgisayar Bilimleri, Yapay Zeka",Bilgisayar Bilimleri,KRİTİK (Farklı Ana Disiplin),0.562933036752922,0.7870021691655423,-1,0.6,Sosyal > Sosyal > Hukuk,"Fen > Mühendislik > Bilgisayar Bilimleri, Yapay Zeka",0.2462356984615326,0.7,0,1
1355949,ORTA ÇAĞ İNGİLTERE MANOR ÇİFTLİKLERİNDE ÜRETİM VE SÜRDÜRÜLEBİLİRLİK,FP-1,"Orta Çağ İngiltere'sindeki feodal malikâne (manor) sisteminde köylülerin tarımsal üretim yapısı, iş gücü örgütlenmesi ve feodal ekosistemin çöküşünün incelendiği doğrudan bir Orta Çağ tarihi ve iktisat tarihi araştırmasıdır; çalışmada modern ziraat mühendisliği veya güncel tarım politikası bulunmayıp modelin 'Tarımsal Ekonomi ve Politika' (Ziraat) önerisi özetteki 'tarım/çiftçi/üretim' kelimelerinden kaynaklanan bariz bir kelime tuzağı ve model yanılgısıdır (FP-1). Mevcut 'Ortaçağ ve Rönesans Çalışmaları, Tarih' etiketleri tam ve doğrudur.","Ortaçağ ve Rönesans Çalışmaları, Tarih",Tarımsal Ekonomi ve Politika,Tarımsal Ekonomi ve Politika,KRİTİK (Farklı Ana Disiplin),0.5627729876649261,0.2070274229096892,116,0.3,Sosyal > Sosyal > Ortaçağ ve Rönesans Çalışmaları | Sosyal > Sosyal > Tarih,Fen > Ziraat > Tarımsal Ekonomi ve Politika,0.317188948392868,1.0,0,1
1358914,The Myriad Role of Human Endogenous Retroviruses in the Pathogenesis of Diseases,TP-2,"İnsan endojen retrovirüslerinin (HERVs) genomik yapısı, immün yanıttaki regülasyonu, otoimmün ve nörodejeneratif hastalıklar ile kanser patogenezindeki rollerinin incelendiği bir derlemedir; mevcut Biyokimya, Nöroloji, Onkoloji ve İmmünoloji etiketlerinin yanına çalışmanın retroviral omurgası boyutuyla Viroloji alanı eklenmelidir (TP-2 melez çalışma).","Biyokimya ve Moleküler Biyoloji, Klinik Nöroloji, Onkoloji, İmmünoloji",Viroloji,Viroloji,YÜKSEK (Farklı Alt Alan),0.5626430595582547,0.8328655233644728,-1,0.5,Fen > Tıp > Biyokimya ve Moleküler Biyoloji | Fen > Tıp > Klinik Nöroloji | Fen > Tıp > Onkoloji | Fen > Tıp > İmmünoloji,Fen > Temel Bilimler > Viroloji,0.0983619391918182,0.8,1,1
1404618,Akıllı Ulaşım Sistemlerinin Trafik Sorununa Çözüm Potansiyeli,TP-2,Akıllı Ulaşım Sistemleri'nin (AUS) kent içi trafik yönetimi ve seyahat süreleri üzerindeki etkilerinin 424 katılımcı anketiyle incelendiği bir ulaştırma teknolojisi ve kentsel hareketlilik araştırmasıdır; mevcut teknik Taşınım Bilimi ve Teknolojisi etiketinin yanına kent içi ulaşım yönetimi ve kullanıcı algısı boyutuyla Kentsel Çalışmalar alanı eklenmelidir (TP-2 melez çalışma).,Taşınım Bilimi ve Teknolojisi,Kentsel Çalışmalar,Kamu Yönetimi,KRİTİK (Farklı Ana Disiplin),0.5623610041691987,0.5088680772599092,-1,0.3,Fen > Mühendislik > Taşınım Bilimi ve Teknolojisi,Sosyal > Sosyal > Kentsel Çalışmalar,0.1004113852977752,1.0,0,1
1393426,Blinking without eyelids: first video-documented evidence of a blink-like reflex in Ophisops elegans (Reptilia: Lacertidae),FP-1,"Göz kapağı bulunmayan tarla kertenkelesinde (Ophisops elegans) oküler kas kontraksiyonları ve göz kırpma benzeri refleks adaptasyonunun video-endoskopik olarak incelendiği doğrudan bir zooloji, herpetoloji ve karşılaştırmalı hayvan fizyolojisi araştırmasıdır; çalışmada insan klinik oftalmolojisi veya göz patolojisi bulunmayıp modelin 'Göz Hastalıkları' (Tıp) önerisi metindeki 'ocular/blinking/eyelids' kelimelerinden kaynaklanan bariz bir kelime tuzağı ve model yanılgısıdır (FP-1). Mevcut 'Biyoloji, Zooloji' etiketleri tam ve doğrudur.","Biyoloji, Zooloji",Göz Hastalıkları,Göz Hastalıkları,YÜKSEK (Farklı Alt Alan),0.5602666456324662,0.6477246520212511,44,0.4,Fen > Temel Bilimler > Biyoloji | Fen > Temel Bilimler > Zooloji,Fen > Tıp > Göz Hastalıkları,0.2238156646490097,0.8,1,1
1405173,NÖROBİLİM VE TASARIMIN KESİŞİM NOKTALARI: NÖROTASARIM ARAŞTIRMASININ KAPSAM İNCELEMESİ,TP-2,"Tasarım süreçlerinde fMRI, EEG ve göz izleme gibi bilişsel nörobilim araçlarının kullanımını (nörotasarım) PRISMA-ScR metodolojisiyle inceleyen disiplinlerarası bir tasarım ve bilişsel nörobilim araştırmasıdır; mevcut İletişim (Görsel Tasarım) etiketinin yanına nörobilişsel ölçüm araçları ve beyin görüntüleme boyutuyla Nörolojik Bilimler alanı eklenmelidir (TP-2 melez çalışma).",İletişim,Nörolojik Bilimler,Bilgisayar Bilimleri,KRİTİK (Farklı Ana Disiplin),0.55910589580922,0.0351444675599997,38,0.4,Sosyal > Sosyal > İletişim,Fen > Tıp > Nörolojik Bilimler,0.4294850826263428,1.0,0,1
1319566,Sivas Yöresi Düz Dokuma Yastık Örnekleri,TP-2,"Sivas yöresi geleneksel cicim, zili, sumak ve kilim dokuma yastıklarının motif, renk, kaynak kişi görüşmeleri ve dokuma teknikleri açısından incelendiği bir halk bilimi (folklor), etnografya ve geleneksel dokuma sanatı araştırmasıdır; mevcut Beşeri Bilimler ve Folklor etiketlerinin yanına geleneksel el dokuma teknikleri boyutuyla Malzeme Bilimleri, Tekstil alanı eklenmelidir (TP-2 melez çalışma).","Beşeri Bilimler, Folklor","Malzeme Bilimleri, Tekstil",Mimarlık,KRİTİK (Farklı Ana Disiplin),0.5590362449980029,0.617455851831535,-1,0.5,Sosyal > Sosyal > Beşeri Bilimler | Sosyal > Sosyal > Folklor,"Fen > Mühendislik > Malzeme Bilimleri, Tekstil",0.1276350915431976,0.9,0,1
1418778,UZAKTAN ÇALIŞMA YÖNTEMİNİN MENTAL İYİ OLUŞ ÜZERİNDEKİ ETKİSİNDE PROSOSYAL MOTİVASYONUN ARACI ROLÜ,FP-1,"Uzaktan çalışma yönteminin çalışanların mental iyi oluşu ve prososyal motivasyonu üzerindeki etkilerinin 224 katılımcı anketiyle incelendiği bir örgütsel davranış, insan kaynakları yönetimi ve iş psikolojisi araştırmasıdır; çalışmada petrol arama, sondaj veya petrol mühendisliği bulunmayıp modelin 'Mühendislik, Petrol' önerisi giriş cümlesindeki '1970 petrol krizi' tarihsel arka plan ifadesinden kaynaklanan bariz bir kelime tuzağı ve model yanılgısıdır (FP-1). Mevcut 'Psikoloji, İşletme' etiketleri tam ve doğrudur.","Psikoloji, İşletme","Mühendislik, Petrol",Enerji ve Yakıtlar,KRİTİK (Farklı Ana Disiplin),0.5578594313353965,0.5773610632779872,54,0.3,Sosyal > Sosyal > Psikoloji | Sosyal > Sosyal > İşletme,"Fen > Mühendislik > Mühendislik, Petrol",0.152911901473999,0.9,0,1
1407072,Cumhuriyet modernleşmesinin kırsal ölçekte kurgulanan tarımsal araştırma enstitüleri (yerleşkeleri): Adapazarı Tohum Islah ve Deneme İstasyonu,FP-1,"Erken Cumhuriyet dönemi modernleşmesi bağlamında Adapazarı (Arifiye) Tohum Islah ve Deneme İstasyonu yerleşkesinin mekânsal kurgusu, fiziksel yapılanması ve kırsal mimari miras değerinin incelendiği bir mimarlık tarihi ve Cumhuriyet tarihi araştırmasıdır; çalışmada ziraat mühendisliği veya tarımsal ekonomi analizi bulunmayıp modelin 'Tarımsal Ekonomi ve Politika' önerisi 'tarımsal araştırma/üretim' kelimelerinden kaynaklanan bariz bir kelime tuzağı ve model yanılgısıdır (FP-1). Mevcut 'Mimarlık, Tarih' etiketleri tam ve doğrudur.","Mimarlık, Tarih",Tarımsal Ekonomi ve Politika,Tarımsal Ekonomi ve Politika,YÜKSEK (Farklı Alt Alan),0.5576190489656448,0.8916510201004029,-1,0.6,Fen > Mühendislik > Mimarlık | Sosyal > Sosyal > Tarih,Fen > Ziraat > Tarımsal Ekonomi ve Politika,0.2705894112586975,0.6,1,1
1269979,Ekvatorda Iyonosferin Bazı Kritik Yüksekliklerinde  Difüzyon Katsayılarının Ekinoks Günlerinde Değişimi,TP-2,"Ekvatorda ekinoks dönemlerinde iyonosfer tabakasındaki plazma difüzyon tensörü, manyetik anomali ve iletkenlik değişimlerinin incelendiği bir üst atmosfer fiziği ve jeofizik araştırmasıdır; mevcut Fizik/Matematik etiketlerinin yanına üst atmosfer ve iyonosferik modelleme boyutuyla Meteoroloji ve Atmosferik Bilimler alanı eklenmelidir (TP-2 melez çalışma).","Fizik, Matematik, Fizik, Partiküller ve Alanlar",Meteoroloji ve Atmosferik Bilimler,Jeokimya ve Jeofizik,YÜKSEK (Farklı Alt Alan),0.5572982495118558,0.9276732810693504,-1,0.4,"Fen > Temel Bilimler > Fizik, Matematik | Fen > Temel Bilimler > Fizik, Partiküller ve Alanlar",Fen > Mühendislik > Meteoroloji ve Atmosferik Bilimler,0.1296569406986236,0.7,1,1
1342012,Atık yağ geri kazanım tesislerinden kaynaklanan atıksuların karakterizasyonu ve insan sağlığı üzerindeki potansiyel risklerin değerlendirilmesi,TP-2,"Atık yağ geri kazanım tesisi atıksularının ağır metal/kirletici karakterizasyonu ve insan sağlığı risk değerlendirmesinin (kanserojen/kanserojen olmayan tehlike katsayıları) yapıldığı bir çevre mühendisliği, ekotoksikoloji ve çevre sağlığı araştırmasıdır; veri tabanındaki alakasız 'Meteoroloji ve Atmosferik Bilimler' ile 'Nanobilim ve Nanoteknoloji' çöp etiketleri temizlenmeli, mevcut 'Çevre Bilimleri' etiketinin yanına insan sağlığı ve toksikolojik risk boyutuyla 'Halk ve Çevre Sağlığı' alanı eklenmelidir (TP-2 melez çalışma).","Meteoroloji ve Atmosferik Bilimler, Nanobilim ve Nanoteknoloji, Çevre Bilimleri",Halk ve Çevre Sağlığı,Malzeme Bilimleri,YÜKSEK (Farklı Alt Alan),0.5571251590440077,0.937355238751333,-1,0.6,Fen > Mühendislik > Meteoroloji ve Atmosferik Bilimler | Fen > Mühendislik > Nanobilim ve Nanoteknoloji | Fen > Temel Bilimler > Çevre Bilimleri,Fen > Tıp > Halk ve Çevre Sağlığı,0.1222467124462127,0.7,1,1
1327434,Akut Difenokonazol’ün Daphnia magna üzerindeki Genotoksik Etkileri,TP-2,"Tarımsal fungisit difenokonazolün sucul model organizma Daphnia magna üzerindeki genotoksik ve sitogenetik hasar etkilerinin (Comet testi ve OECD standartları) incelendiği doğrudan bir ekotoksikoloji ve sucul toksikoloji araştırmasıdır; mevcut Biyoloji ve Kimya etiketlerinin yanına DNA hasarı, genotoksisite ve toksisite testleri boyutuyla Toksikoloji alanı eklenmelidir (TP-2 melez çalışma).","Biyoloji, Kimya, Tıbbi",Toksikoloji,Toksikoloji,YÜKSEK (Farklı Alt Alan),0.557030283590807,0.68510944040876,-1,0.3,"Fen > Temel Bilimler > Biyoloji | Fen > Temel Bilimler > Kimya, Tıbbi",Fen > Eczacılık > Toksikoloji,0.1878654956817627,0.8,1,1
1230282,HAKAS MASALI “ZENGİNLE AVCI”NIN VLADİMİR PROPP’UN YAPISAL ANLATI ÇÖZÜMLEME YÖNTEMİ KAPSAMINDA İNCELENMESİ,TP-1,"Hakas Türkçesi masalının Vladimir Propp'un biçimbilimsel yapısal anlatı çözümleme yöntemiyle motif, mitolojik öge ve işlevler açısından incelendiği doğrudan bir halk edebiyatı, edebi teori ve dilbilim araştırmasıdır; veri tabanındaki 'Kuş Bilimi' etiketi ile modelin 'Mühendislik, Deniz' önerisi 'avcı' ve 'yapısal çözümleme' ifadelerinden kaynaklanan bariz kelime tuzakları ve sistem yanılgılarıdır (TP-1 tam düzeltme; k-NN'in Edebi Teori tespiti doğrudur).","Kuş Bilimi, Antropoloji, Beşeri Bilimler, Dil ve Dil Bilim","Mühendislik, Deniz",Edebi Teori ve Eleştiri,YÜKSEK (Farklı Alt Alan),0.5563152520257809,0.5990788012339984,-1,0.4,Fen > Temel Bilimler > Kuş Bilimi | Sosyal > Sosyal > Antropoloji | Sosyal > Sosyal > Beşeri Bilimler | Sosyal > Sosyal > Dil ve Dil Bilim,"Fen > Mühendislik > Mühendislik, Deniz",0.1329872906208038,0.9,1,1
1390705,Anthemis cretica subsp. anatolica (Boiss.) Grierson bitkisi ve toprak arasındaki elementel etkileşim analizi,TP-2,"Anthemis cretica subsp. anatolica taksonunda toprak-bitki ağır metal etkileşimi, biyokonsantrasyon ve translokasyon faktörleri ile fitoremediasyon potansiyelinin incelendiği bir bitki fizyolojisi/botanik ve çevre biyolojisi araştırmasıdır; mevcut Biyoloji ve Çevre Bilimleri etiketlerinin yanına taksonomik bitki dokusu ve translokasyon boyutuyla Bitki Bilimleri alanı eklenmelidir (TP-2 melez çalışma).","Biyoloji, Çevre Bilimleri",Bitki Bilimleri,Bitki Bilimleri,YÜKSEK (Farklı Alt Alan),0.5559007612070644,0.7235426009500836,-1,0.3,Fen > Temel Bilimler > Biyoloji | Fen > Temel Bilimler > Çevre Bilimleri,Fen > Ziraat > Bitki Bilimleri,0.1571860313415527,0.8,1,1
1393994,YAPAY ZEKA İLE TERAPİ: TERAPÖTİK SÜREÇTE ALGORİTMALARIN ETKİSİ VE ETİK SORUNLAR,TP-2,"Yapay zekâ ve algoritmaların psikoterapi ve klinik danışmanlık süreçlerindeki rolü ile veri gizliliği, algoritmik önyargı ve terapötik ilişki bağlamındaki biyoetik/klinik etik meselelerinin incelendiği disiplinlerarası bir araştırma alanıdır; mevcut Psikoloji ve Etik etiketlerinin yanına klinik terapi etiği boyutuyla Tıbbi Etik alanı eklenmelidir (TP-2 melez çalışma).","Etik, Psikoloji",Tıbbi Etik,Bilgisayar Bilimleri,KRİTİK (Farklı Ana Disiplin),0.555160820557792,0.926108246144132,-1,0.9,Sosyal > Sosyal > Etik | Sosyal > Sosyal > Psikoloji,Fen > Tıp > Tıbbi Etik,0.1246678829193115,0.7,0,1
1388642,Yer Altında Uzun Süreli Çalışmaya Bağlı Gerçekleşen Elektrofizyolojik Değişimlerin Olaya İlişkin Osilasyonlar Yöntemi ile İncelenmesi,TP-1,"Yeraltında çalışan madencilerde bilişsel yıkım ve elektrofizyolojik değişimlerin 20 kanallı EEG (alfa/delta/teta osilasyonları) ve nöropsikolojik test bataryalarıyla incelendiği doğrudan bir bilişsel nörobilim, klinik nörofizyoloji ve işçi sağlığı araştırmasıdır; veri tabanındaki absürt 'Mühendislik, Makine' ve 'Otelcilik, Konaklama' etiketleri ile modelin 'Mineraloji' / k-NN'in 'Maden İşletme' önerileri 'maden/yeraltı' kelimesinden kaynaklanan bariz kelime tuzakları ve sistem yanılgılarıdır. Hatalı etiketler silinerek Nörolojik Bilimler ve Nöropsikoloji/İş Sağlığı alanı ile düzeltilmelidir (TP-1 tam düzeltme).","Mühendislik, Makine, Otelcilik, Konaklama, Spor ve Turizm, Psikoloji, Sosyal Çalışma, Sosyoloji",Mineraloji,Maden İşletme ve Cevher Hazırlama,YÜKSEK (Farklı Alt Alan),0.5544690907136296,0.8762219238820457,-1,0.4,"Fen > Mühendislik > Mühendislik, Makine | Sosyal > Sosyal > Otelcilik, Konaklama, Spor ve Turizm | Sosyal > Sosyal > Psikoloji | Sosyal > Sosyal > Sosyal Çalışma | Sosyal > Sosyal > Sosyoloji",Fen > Temel Bilimler > Mineraloji,0.1583245992660522,0.7,1,1
1406510,KOZMOS MODELİ TASARIMI ANLATISINDA SES UNSURUNUN KULLANILMASINA BİR ÖRNEK: 2001: A SPACE ODYSSEY,FP-1,"Stanley Kubrick'in '2001: A Space Odyssey' filminde sesin sembolik/kozmolojik anlatı unsuru olarak kullanımı ile sesin felsefi ve kültürel kozmogoni bağlamındaki yerinin incelendiği bir sinema kuramı, ses tasarımı ve sanat felsefesi araştırmasıdır; çalışmada dalga fiziği, ses şiddeti ölçümü veya mimari/teknik akustik bulunmayıp model ve k-NN'in 'Akustik' (Fizik) önerisi metindeki 'ses' kelimesinden kaynaklanan bariz bir kelime tuzağı ve model yanılgısıdır (FP-1). Mevcut 'Felsefe, Film, Radyo, Televizyon, Müzik' etiketleri tam ve doğrudur.","Felsefe, Film, Radyo, Televizyon, Müzik",Akustik,Akustik,KRİTİK (Farklı Ana Disiplin),0.5536281515078645,0.3398378542728822,33,0.4,"Sosyal > Sosyal > Felsefe | Sosyal > Sosyal > Film, Radyo, Televizyon | Sosyal > Sosyal > Müzik",Fen > Temel Bilimler > Akustik,0.3104819655418396,0.9,0,1
1389206,Kırık Camlar Teorisi üzerine bibliyometrik analiz,FP-1,"Web of Science veri tabanında Kırık Camlar Teorisi (Broken Windows Theory) odaklı 506 yayının VOSviewer ile yazar, ülke, anahtar kelime ve ağ haritalandırmasının yapıldığı bir kriminoloji literatürü ve bibliyometri araştırmasıdır; çalışmada teorik matematiksel istatistik veya olasılık teorisi bulunmayıp modelin 'İstatistik ve Olasılık' (Fen) önerisi bibliyometrik veri analizinden kaynaklanan bir model yanılgısıdır (FP-1). Mevcut 'Kriminoloji ve Ceza Bilimi' etiketi konunun özünü tam ve doğru yansıtmaktadır.",Kriminoloji ve Ceza Bilimi,İstatistik ve Olasılık,Bilgisayar Bilimleri,KRİTİK (Farklı Ana Disiplin),0.5512007496845501,0.2205458311604569,203,0.3,Sosyal > Sosyal > Kriminoloji ve Ceza Bilimi,Fen > Temel Bilimler > İstatistik ve Olasılık,0.2744694054126739,1.0,0,1
1391323,GÖNÜLLÜ RAPORLAMA ÇERÇEVELERİ VE STANDARTLARI KONUSUNDA YAYINLANAN ÇALIŞMALARIN BİBLİYOMETRİK ANALİZİ: WEB OF SCIENCE VE SCOPUS ÖRNEĞİ,FP-1,"Küresel Raporlama Girişimi (GRI), SASB, CDP ve Entegre Raporlama (IR) gibi kurumsal sürdürülebilirlik ve muhasebe standartları literatürünün VOSviewer ve R-Studio ile bibliyometrik haritalandırmasının yapıldığı bir kurumsal raporlama/muhasebe ve bibliyometri araştırmasıdır; çalışmada teorik matematiksel istatistik veya olasılık teorisi bulunmayıp modelin 'İstatistik ve Olasılık' (Fen) önerisi bibliyometrik veri analizinden kaynaklanan bariz bir model yanılgısıdır (FP-1). Mevcut 'Bilgi, Belge Yönetimi, İşletme' etiketleri çalışmanın iki temel ayağını tam ve doğru karşılamaktadır.","Bilgi, Belge Yönetimi, İşletme",İstatistik ve Olasılık,Çevre Bilimleri,KRİTİK (Farklı Ana Disiplin),0.550470828521866,0.9499570731664436,-1,0.3,"Sosyal > Sosyal > Bilgi, Belge Yönetimi | Sosyal > Sosyal > İşletme",Fen > Temel Bilimler > İstatistik ve Olasılık,0.2085187435150146,0.6,0,1
1317172,Doku Mühendisliği ve Oftalmoloji,TP-2,"Doku mühendisliği yöntemlerinin oftalmoloji alanında kornea, retina, optik sinir, glokom ve göz kapağı hastalıklarının tedavi ve doku rejenerasyonundaki uygulamalarını inceleyen doğrudan bir biyomühendislik ve klinik tıp derlemesidir; mevcut Hücre ve Doku Mühendisliği etiketinin yanına klinik uygulama ve tedavi alanı boyutuyla Göz Hastalıkları alanı eklenmelidir (TP-2 melez çalışma).",Hücre ve Doku Mühendisliği,Göz Hastalıkları,Göz Hastalıkları,YÜKSEK (Farklı Alt Alan),0.5485180316934488,0.6101040452994908,44,0.4,Fen > Mühendislik > Hücre ve Doku Mühendisliği,Fen > Tıp > Göz Hastalıkları,0.1028343439102172,0.9,1,1
1366995,Evaluation of the Chemical and Nutritional Composition of Legumes and Their Contribution to Diets,TP-1,"Baklagillerin kimyasal bileşimi, nem, yağ, protein, vitamin (B1, B2, E) ve polifenol içerikleri ile beslenmeye katkısının incelendiği bir gıda kimyası, beslenme ve bitki bilimi araştırmasıdır; veri tabanındaki 'Ziraat, Toprak Bilimi' etiketi hatalı olduğu gibi, modelin 'Endokrinoloji ve Metabolizma' (Tıp) önerisi de 'diyet/metabolizma' kelimelerinden kaynaklanan bir klinik tıp yanılgısıdır (TP-1 kategori düzeltme; k-NN'in Bitki Bilimleri/Gıda tespiti uygundur).","Ziraat, Toprak Bilimi",Endokrinoloji ve Metabolizma,Bitki Bilimleri,YÜKSEK (Farklı Alt Alan),0.5483285535704976,0.6641652166175386,-1,0.4,"Fen > Ziraat > Ziraat, Toprak Bilimi",Fen > Tıp > Endokrinoloji ve Metabolizma,0.1779635697603225,0.8,1,1
1389180,İşitme Kayıplı Eşi Olan Bireylerin Depresyon ve Eş Tükenmişlik Durumlarının İncelenmesi: Tanımlayıcı Kesitsel Araştırma,TP-2,"İşitme kayıplı bireylerin eşlerinde eş tükenmişliği ve depresyon düzeylerinin Eş Tükenmişlik Ölçeği ve Beck Depresyon Ölçeği ile incelendiği klinik odyoloji, ruh sağlığı ve aile psikolojisi araştırmasıdır; mevcut Odyoloji ve Psikiyatri etiketlerinin yanına evlilik dinamikleri ve tükenmişlik boyutuyla Psikoloji (veya Aile Çalışmaları) alanı eklenmelidir (TP-2 melez çalışma).","Odyoloji ve Konuşma-Dil Patolojisi, Psikiyatri",Psikoloji,Aile Çalışmaları,KRİTİK (Farklı Ana Disiplin),0.5462573589879488,0.9283357616258524,-1,0.4,Fen > Tıp > Odyoloji ve Konuşma-Dil Patolojisi | Fen > Tıp > Psikiyatri,Sosyal > Sosyal > Psikoloji,0.097638338804245,0.7,0,1
1445833,International Carriage of Goods Contracts Defeated by Coronavirus: An Attempt to Identify Carrier’s Liability through Multinational Carriage of Goods Conventions,FP-1,"Covid-19 pandemisi kaynaklı sınır kapanmaları ve karantina tedbirlerinin uluslararası eşya taşıma sözleşmelerine etkisi ile taşıyıcının uluslararası konvansiyonlar çerçevesindeki hukuki sorumluluğunun incelendiği bir taşıma hukuku ve uluslararası lojistik/ulaştırma araştırmasıdır; çalışmada viral patogenez veya viroloji laboratuvarı analizi bulunmayıp model ve k-NN'in 'Viroloji' önerisi metindeki 'Coronavirus/Covid-19' ifadelerinden kaynaklanan bariz bir kelime tuzağı ve model yanılgısıdır (FP-1). Mevcut 'Taşınım Bilimi ve Teknolojisi, Hukuk' etiketleri tam ve doğrudur.","Taşınım Bilimi ve Teknolojisi, Hukuk",Viroloji,Viroloji,YÜKSEK (Farklı Alt Alan),0.5447915063254751,0.3310304436893133,54,0.3,Fen > Mühendislik > Taşınım Bilimi ve Teknolojisi | Sosyal > Sosyal > Hukuk,Fen > Temel Bilimler > Viroloji,0.1772397011518478,1.0,1,1
1355171,Anaokulu Çocukları ve Ebeveynlerinde Ayrılma Anksiyetesi Sıklığı ve Etkileyen Faktörler,TP-2,"Anaokulu çocukları ve ebeveynlerinde ayrılma anksiyetesi sıklığının psikometrik ölçekler (Aile APGAR, Yetişkin Ayrılma Anksiyetesi) ile birinci basamak koruyucu sağlık hizmetleri ve çocuk-ergen ruh sağlığı bağlamında incelendiği bir araştırmadır; mevcut Psikiyatri ve Temel Sağlık Hizmetleri etiketlerinin yanına aile içi bağlanma ve disfonksiyonel aile dinamikleri boyutuyla Aile Çalışmaları alanı eklenmelidir (TP-2 melez çalışma).","Psikiyatri, Temel Sağlık Hizmetleri",Aile Çalışmaları,Eğitim,KRİTİK (Farklı Ana Disiplin),0.5435496923600672,0.2299714316030496,246,0.5,Fen > Tıp > Psikiyatri | Fen > Tıp > Temel Sağlık Hizmetleri,Sosyal > Sosyal > Aile Çalışmaları,0.245876669883728,1.0,0,1
1232196,Küreselleşme ve Ekolojik Ayak İzi Arasındaki İlişki: MIKTA Ülkeleri Örneği,TP-1,"MIKTA ülkelerinde küreselleşme, ekonomik büyüme ve enerji tüketiminin ekolojik ayak izi üzerindeki etkilerinin Panel ARDL ekonometrik modeliyle incelendiği doğrudan bir çevre ekonomisi, ekonometri ve makroiktisat araştırmasıdır; veri tabanındaki absürt 'Kimya, Uygulamalı', 'Oşinografi' ve 'Su Kaynakları' etiketleri ile modelin 'Tarımsal Ekonomi ve Politika' önerisi 'ekolojik ayak izi/büyüme' kelimelerinden kaynaklanan bariz kelime tuzakları ve sistem yanılgılarıdır. Hatalı etiketler temizlenerek İktisat / Çevre Ekonomisi ve Çevre Çalışmaları alanı ile düzeltilmelidir (TP-1 tam düzeltme; k-NN'in Çevre Çalışmaları tespiti uygundur).","Kimya, Uygulamalı, Oşinografi, Su Kaynakları, Çevre Bilimleri",Tarımsal Ekonomi ve Politika,Çevre Çalışmaları,YÜKSEK (Farklı Alt Alan),0.5428725759034365,0.5882474556942817,215,0.4,"Fen > Temel Bilimler > Kimya, Uygulamalı | Fen > Temel Bilimler > Oşinografi | Fen > Temel Bilimler > Su Kaynakları | Fen > Temel Bilimler > Çevre Bilimleri",Fen > Ziraat > Tarımsal Ekonomi ve Politika,0.1023163199424743,0.9,1,1
1430807,ROBOT VERGİSİNİN UYGULANABİLİRLİĞİ ÜZERİNE BİR İNCELEME,FP-1,"Endüstri 4.0 ve otomasyonun iş gücü piyasaları, gelir dağılımı, kamu maliyesi ve vergi gelirleri üzerindeki etkileri ile 'robot vergisi' maliye politikasının uygulanabilirliğinin incelendiği doğrudan bir kamu maliyesi, vergi hukuku ve iktisat araştırmasıdır; çalışmada robot kinematiği, mekanik tasarım, donanım veya kontrol mühendisliği bulunmayıp modelin 'Robotik' (Fen/Mühendislik) ve k-NN'in 'Bilgisayar Bilimleri' önerisi metindeki 'robot/otomasyon' kelimelerinden kaynaklanan bariz bir kelime tuzağı ve model yanılgısıdır (FP-1). Mevcut 'İktisat' (Maliye) etiketi tam ve doğrudur.",İktisat,Robotik,Bilgisayar Bilimleri,KRİTİK (Farklı Ana Disiplin),0.5423149574975726,0.4963586060923565,-1,0.7,Sosyal > Sosyal > İktisat,Fen > Mühendislik > Robotik,0.2806437313556671,0.8,0,1
1181471,Investigation of Solutions of 𝜷 −conformable Fractional Ordinary Differential Equation With  Artificial Neural Network,TP-1,"Beta-conformable kesirli mertebeden diferansiyel denklem sistemlerinin ileri beslemeli yapay sinir ağları (ANN / FNN) ile analitik ve nümerik çözümlerinin araştırıldığı doğrudan bir uygulamalı matematik, hesaplamalı matematik ve yapay zekâ araştırmasıdır; veri tabanındaki absürt 'Biyoloji, Kuş Bilimi, Parazitoloji, Viroloji, Zooloji, Mikrobiyoloji' etiketlerinin tamamı sistemsel çöp veridir. Hatalı etiketler tamamen silinerek Matematik (Diferansiyel Denklemler) ve Bilgisayar Bilimleri, Yapay Zeka alanı ile düzeltilmelidir (TP-1 tam düzeltme).","Biyoloji, Kuş Bilimi, Parazitoloji, Viroloji, Zooloji, Halk ve Çevre Sağlığı, Mikrobiyoloji","Bilgisayar Bilimleri, Yapay Zeka",Matematik,YÜKSEK (Farklı Alt Alan),0.5410604113645763,0.2953261323004606,76,0.6,Fen > Temel Bilimler > Biyoloji | Fen > Temel Bilimler > Kuş Bilimi | Fen > Temel Bilimler > Parazitoloji | Fen > Temel Bilimler > Viroloji | Fen > Temel Bilimler > Zooloji | Fen > Tıp > Halk ve Çevre Sağlığı | Fen > Tıp > Mikrobiyoloji,"Fen > Mühendislik > Bilgisayar Bilimleri, Yapay Zeka",0.1920825093984604,1.0,1,1
1414299,The effect of pH on the mechanical properties of beta titanium orthodontic arch wires,TP-2,"Ortodontik ark tellerinin (beta titanyum, NiTi ve paslanmaz çelik) farklı pH koşulları ve sürelerdeki çekme ve eğilme dayanımı gibi mekanik özelliklerinin test edildiği bir dental biyomalzeme ve ortodonti araştırmasıdır; mevcut Diş Hekimliği etiketinin yanına çekme/eğilme testleri ve mekanik karakterizasyon boyutuyla Malzeme Bilimleri, Özellik ve Test alanı eklenmelidir (TP-2 melez çalışma).",Diş Hekimliği,"Malzeme Bilimleri, Özellik ve Test",Malzeme Bilimleri,YÜKSEK (Farklı Alt Alan),0.5401993062338656,0.8293305191363597,-1,0.4,Fen > Diş Hekimliği > Diş Hekimliği,"Fen > Mühendislik > Malzeme Bilimleri, Özellik ve Test",0.1510476469993591,0.7,1,1
1307965,Nevşehir İline Ait Volkanik Taş Yüzeyine Seramik Sır Araştırmaları Ve Eserlerinde Malzeme Olarak Volkanik Taş Kullanan Sanatçılar,FP-1,"Nevşehir volkanik taş numuneleri üzerine seramik sır uygulamaları (üçgen faz diyagramı, fırınlama, ısıl dayanıklılık) ve volkanik taş kullanan sanatçıların artistik eserlerinin incelendiği doğrudan bir seramik ve cam tasarımı, seramik mühendisliği ve görsel sanatlar araştırmasıdır; çalışmada petrografik kristal yapı analizi veya mineralojik saha jeolojisi bulunmayıp model ve k-NN'in 'Mineraloji/Jeoloji' önerisi metindeki 'volkanik taş/magma' kelimelerinden kaynaklanan bariz bir kelime tuzağı ve model yanılgısıdır (FP-1). Mevcut 'Malzeme Bilimleri, Seramik, Sanat' etiketleri araştırmanın hem mühendislik hem de sanat boyutunu tam ve doğru karşılamaktadır.","Malzeme Bilimleri, Seramik, Sanat",Mineraloji,Jeoloji,YÜKSEK (Farklı Alt Alan),0.5400949309543512,0.7063429050746528,156,0.5,"Fen > Mühendislik > Malzeme Bilimleri, Seramik | Sosyal > Sosyal > Sanat",Fen > Temel Bilimler > Mineraloji,0.12431201338768,0.8,1,1
1392355,"Ekoturizm, Geleneksel Mimarlık ve Sürdürülebilir Yerleşimler",TP-1,"Geleneksel Türk evi mimarisinin ekoturizm tesislerine adaptasyonu, sürdürülebilir kırsal yerleşim tasarımı, enerji/su verimliliği ve çevreye uyumlu yapı tekniklerinin incelendiği doğrudan bir sürdürülebilir mimarlık, ekoturizm ve çevre çalışmaları araştırmasıdır; veri tabanındaki absürt 'Üroloji ve Nefroloji' etiketi sistemsel çöp veridir. Hatalı tıp etiketi temizlenerek Mimarlık omurgası korunmalı ve Çevre Çalışmaları ile Otelcilik/Turizm alanları eklenmelidir (TP-1 tam düzeltme).","Mimarlık, Üroloji ve Nefroloji",Çevre Çalışmaları,Otelcilik,KRİTİK (Farklı Ana Disiplin),0.5399532712646568,0.3055647341999386,71,0.5,Fen > Mühendislik > Mimarlık | Fen > Tıp > Üroloji ve Nefroloji,Sosyal > Sosyal > Çevre Çalışmaları,0.1816059648990631,1.0,0,1
1385427,"Teknoloji, Yenilenebilir Enerji ve Sürdürülebilir Büyüme Ekseninde Çevre Kalitesi: CS-ARDL Analizi",TP-2,"G-7 ülkelerinde yenilenebilir enerji, Ar-Ge harcamaları ve sürdürülebilir büyümenin karbon emisyonları üzerindeki etkilerinin CS-ARDL ekonometrik modeli ve Çevresel Kuznets Eğrisi (ÇKE) hipoteziyle incelendiği bir çevre ekonomisi ve enerji-sürdürülebilirlik araştırmasıdır; mevcut Çevre Bilimleri/İstatistik etiketlerinin yanına yenilenebilir enerji ve temiz teknoloji boyutuyla Yeşil, Sürdürülebilir Bilim ve Teknoloji alanı eklenmelidir (TP-2 melez çalışma).","Matematik, Çevre Bilimleri, İstatistik ve Olasılık","Yeşil, Sürdürülebilir Bilim ve Teknoloji",Enerji ve Yakıtlar,YÜKSEK (Farklı Alt Alan),0.5397257907797781,0.5509881979663718,215,0.4,Fen > Temel Bilimler > Matematik | Fen > Temel Bilimler > Çevre Bilimleri | Fen > Temel Bilimler > İstatistik ve Olasılık,"Fen > Mühendislik > Yeşil, Sürdürülebilir Bilim ve Teknoloji",0.2342249751091003,0.8,1,1
1450340,Carcass Characteristics and Economic Performance of Reciprocal Cross Hybrids between Anadolu-T and Commercial Broiler Parent Stocks,TP-2,"Anadolu-T ve ticari broiler hatlarının resiprokal melezlerinde karkas randımanı, et kalite parametreleri (pH, su tutma, renk) ve üretim kârlılığının incelendiği bir zootekni, hayvan ıslahı ve tarımsal ekonomi araştırmasıdır; mevcut Ziraat Mühendisliği ve Tarımsal Ekonomi etiketlerinin yanına etlik piliç karkas/et kalitesi ve hayvansal üretim boyutuyla Veterinerlik (Zootekni) alanı eklenmelidir (TP-2 melez çalışma).","Tarımsal Ekonomi ve Politika, Ziraat Mühendisliği",Veterinerlik,Veterinerlik,YÜKSEK (Farklı Alt Alan),0.539306752370253,0.8881164955554601,-1,0.3,Fen > Ziraat > Tarımsal Ekonomi ve Politika | Fen > Ziraat > Ziraat Mühendisliği,Fen > Veterinerlik > Veterinerlik,0.1065075099468231,0.7,1,1
1403237,Tatarlı Höyük Orta Demir Çağı Depolama Çukurları,FP-1,"Tatarlı Höyük Orta Demir Çağı (MÖ 850-609) tabakasında açığa çıkarılan taş ve kerpiç astarlı depolama çukurlarının inşa tekniği, kronolojisi, yerleşim içi konumu ve antik sosyo-ekonomik etkilerinin incelendiği doğrudan bir arkeolojik kazı ve yerleşim arkeolojisi araştırmasıdır; çalışmada modern gıda işleme, biyokimya veya gıda mühendisliği bulunmayıp modelin 'Gıda Bilimi ve Teknolojisi' ve k-NN'in 'Tarımsal Ekonomi' önerisi metindeki 'gıda depolama/besin stoklama' ifadelerinden kaynaklanan bariz bir kelime tuzağı ve model yanılgısıdır (FP-1). Mevcut 'Arkeoloji' etiketi tam ve doğrudur.",Arkeoloji,Gıda Bilimi ve Teknolojisi,Tarımsal Ekonomi ve Politika,KRİTİK (Farklı Ana Disiplin),0.5389323987949368,0.4275629017307266,116,0.3,Sosyal > Sosyal > Arkeoloji,Fen > Mühendislik > Gıda Bilimi ve Teknolojisi,0.0915476381778717,1.0,0,1
1393871,"Use of Fenugreek (Trigonella foenum-graecum L.) as an Alternative Feed Additive in the Nutrition of Sheep, Lambs and Rams and its Effects on Sustainable Productivity",TP-2,"Çemen otunun (Trigonella foenum-graecum L.) küçükbaş hayvan (koyun, kuzu, koç) beslenmesinde alternatif yem katkısı olarak kullanımı, sindirim fizyolojisi, süt verimi, bağışıklık ve üreme parametrelerine etkilerinin incelendiği bir hayvan besleme ve zootekni derlemesidir; mevcut Ziraat Mühendisliği etiketinin yanına küçükbaş hayvan besleme ve veteriner zootekni boyutuyla Veterinerlik alanı eklenmelidir (TP-2 melez çalışma).",Ziraat Mühendisliği,Veterinerlik,Gıda Bilimi ve Teknolojisi,YÜKSEK (Farklı Alt Alan),0.5384177103423239,0.5848202716442588,-1,0.4,Fen > Ziraat > Ziraat Mühendisliği,Fen > Veterinerlik > Veterinerlik,0.2063218355178833,0.8,1,1
1404129,Effect of Different Light Intensities on the Compressive Strength of Posterior Composite Resins,TP-2,Posterior diş dolgu kompozit rezinlerinin farklı LED ışık şiddetlerinde fotopolimerizasyon derecesi ve basma mukavemetinin (compressive strength) evrensel test cihazıyla incelendiği bir restoratif dental biyomalzeme araştırmasıdır; mevcut Diş Hekimliği etiketinin yanına fotopolimerizasyon ve rezin malzeme karakterizasyonu boyutuyla Polimer Bilimi (veya Malzeme Bilimleri) alanı eklenmelidir (TP-2 melez çalışma).,Diş Hekimliği,Polimer Bilimi,Malzeme Bilimleri,YÜKSEK (Farklı Alt Alan),0.5378873031210472,0.1198665602491572,207,0.8,Fen > Diş Hekimliği > Diş Hekimliği,Fen > Mühendislik > Polimer Bilimi,0.3083447515964508,1.0,1,1
1367705,SİNYAL GELİŞTİRME VE GÖRÜNTÜ BULANIKLIĞINI GİDERME İÇİN DEĞİŞTİRİLMİŞ Z-İTERATİF YÖNTEMİ,FP-1,"Banach uzaylarında genişlemeyen eşlemelerin sabit noktaları, güçlü/zayıf yakınsama teoremleri ve bu iteratif yöntemin görüntü bulanıklığı giderme (deblurring) ile sinyal iyileştirmede kullanımının incelendiği bir fonksiyonel analiz, optimizasyon ve sinyal/görüntü işleme araştırmasıdır; çalışmada olasılık veya stokastik modelleme bulunmayıp modelin 'İstatistik ve Olasılık' önerisi sayısal hesaplama ve hata yakınsamalarından kaynaklanan bir model yanılgısıdır (FP-1). Mevcut 'Görüntüleme Bilimi, Elektrik-Elektronik, Yazılım Mühendisliği' etiketleri teknik ve algoritmik yapıyı tam karşılamaktadır.","Bilgisayar Bilimleri, Yazılım Mühendisliği, Görüntüleme Bilimi ve Fotoğraf Teknolojisi, Mühendislik, Elektrik ve Elektronik",İstatistik ve Olasılık,Fizik,YÜKSEK (Farklı Alt Alan),0.5364443382650579,0.8056747686982018,-1,0.4,"Fen > Mühendislik > Bilgisayar Bilimleri, Yazılım Mühendisliği | Fen > Mühendislik > Görüntüleme Bilimi ve Fotoğraf Teknolojisi | Fen > Mühendislik > Mühendislik, Elektrik ve Elektronik",Fen > Temel Bilimler > İstatistik ve Olasılık,0.1572161316871643,0.7,1,1
1389453,YAPAY ZEKÂ VE SİYASET: DİJİTAL ÇAĞDA SİYASAL DÖNÜŞÜM,FP-1,"Yapay zekâ teknolojilerinin yönetişim, demokratik meşruiyet, dezenformasyon/kamuoyu manipülasyonu, dijital diplomasi ve jeopolitik güç dengeleri üzerindeki etkilerinin incelendiği doğrudan bir siyaset bilimi, uluslararası ilişkiler ve siyaset felsefesi araştırmasıdır; çalışmada algoritma geliştirme, yapay zekâ model eğitimi veya yazılım kodlaması bulunmayıp model ve k-NN'in 'Bilgisayar Bilimleri, Yapay Zeka' önerisi başlıktaki 'Yapay Zekâ' kelimesinden kaynaklanan bariz bir kelime tuzağı ve model yanılgısıdır (FP-1). Mevcut 'Bilim Felsefesi ve Tarihi, Siyasi Bilimler' etiketleri tam ve doğrudur.","Bilim Felsefesi ve Tarihi, Siyasi Bilimler","Bilgisayar Bilimleri, Yapay Zeka",Bilgisayar Bilimleri,KRİTİK (Farklı Ana Disiplin),0.5355924391028769,0.5011359700669792,-1,0.7,Sosyal > Sosyal > Bilim Felsefesi ve Tarihi | Sosyal > Sosyal > Siyasi Bilimler,"Fen > Mühendislik > Bilgisayar Bilimleri, Yapay Zeka",0.1437384188175201,0.9,0,1
1377998,Fenol uygulanan sazan (Cyprinus carpio)'da oksidatif stresin belirlenmesi,TP-2,"Sazan balıklarında (Cyprinus carpio) fenol maruziyetinin solungaç ve karaciğer dokularında oluşturduğu lipid peroksidasyonu (MDA) ve antioksidan/detoksifikasyon enzim aktivitelerinin (CAT, GSH-Px, GST) incelendiği bir su ürünleri ekotoksikolojisi ve sucul biyokimya araştırmasıdır; modelin 'Endokrinoloji ve Metabolizma' (Tıp) önerisi metabolik enzim kelimelerinden kaynaklanan bir klinik tıp yanılgısıdır. Mevcut 'Balıkçılık' etiketinin yanına k-NN'in isabetle tespit ettiği Toksikoloji (Ekotoksikoloji) alanı ikincil etiket olarak eklenmelidir (TP-2 melez çalışma).",Balıkçılık,Endokrinoloji ve Metabolizma,Toksikoloji,YÜKSEK (Farklı Alt Alan),0.534760275313064,0.5985437755934576,-1,0.4,Fen > Temel Bilimler > Balıkçılık,Fen > Tıp > Endokrinoloji ve Metabolizma,0.186069518327713,0.8,1,1
1405164,TÜRKİYE’DE İDEAL SAĞLIK YAYINCILIĞI İÇİN NORMATİF BİR ÇERÇEVE ÖNERİSİ,TP-2,"Türkiye'de sağlık haberciliği, medya etiği, kamuoyu sağlık bilgilendirmesi ve tıbbi deontoloji standartlarının normatif çerçevesinin incelendiği doğrudan bir sağlık iletişimi ve medya etiği araştırmasıdır; mevcut Etik ve İletişim etiketlerinin korunması gerekirken araştırmanın sağlık boyutu ve deontolojik boyutu için Tıbbi Etik alanı ikincil etiket olarak eklenmelidir (TP-2 melez çalışma).","Etik, İletişim",Tıbbi Etik,Temel Sağlık Hizmetleri,KRİTİK (Farklı Ana Disiplin),0.5341793163270993,0.3856428892021345,112,0.3,Sosyal > Sosyal > Etik | Sosyal > Sosyal > İletişim,Fen > Tıp > Tıbbi Etik,0.2221959829330444,0.9,0,1
1387319,Derin Ötektik Çözelti (Des) Esaslı Susuz Ön Terbiye Süreçlerinin Geliştirilmesi,TP-1,"Pamuklu kumaşların sulu ön terbiye işlemlerine alternatif olarak yeşil kimya temelli derin ötektik çözücüler (DES) ile susuz haşıl sökme ve terbiye süreçlerinin geliştirildiği doğrudan bir tekstil mühendisliği, kumaş terbiyesi ve yeşil kimya araştırmasıdır; veri tabanındaki absürt 'Üroloji ve Nefroloji' etiketi sistemsel çöp veridir. Model ve k-NN'in 'Su Kaynakları' önerisi ise metnin girişindeki su tasarrufu vurgusundan kaynaklanan bir bağlam kaymasıdır. Hatalı tıp etiketi tamamen temizlenerek Malzeme Bilimleri, Tekstil (ve Yeşil/Sürdürülebilir Kimya) alanı ile düzeltilmelidir (TP-1 tam düzeltme).","Malzeme Bilimleri, Tekstil, Üroloji ve Nefroloji",Su Kaynakları,Su Kaynakları,YÜKSEK (Farklı Alt Alan),0.5328655778664588,0.1991517183376309,259,0.4,"Fen > Mühendislik > Malzeme Bilimleri, Tekstil | Fen > Tıp > Üroloji ve Nefroloji",Fen > Temel Bilimler > Su Kaynakları,0.2373647093772888,1.0,1,1
1383483,Bazı Bitkisel Sabit ve Uçucu Yağların Üç Penicillium Türüne Karşı Antifungal Aktivitelerinin Belirlenmesi,FP-1,"Narenciye depolama sürecinde çürümeye yol açan Penicillium türlerine (P. digitatum, P. italicum, P. notatum) karşı bitkisel uçucu ve sabit yağların (kekik, nane, limon) antifungal/fungisidal aktivitelerinin incelendiği doğrudan bir fitopatoloji, bitki koruma ve mikoloji araştırmasıdır; çalışmada insan/hayvan toksikolojisi veya toksikolojik risk analizi bulunmayıp modelin 'Toksikoloji' önerisi MİK/MFK ve mikrobiyal inhibisyon terimlerinden kaynaklanan bir model yanılgısıdır (FP-1). Mevcut 'Mantar Bilimi, Bitki Bilimleri' etiketleri tam ve doğrudur.","Mantar Bilimi, Bitki Bilimleri",Toksikoloji,Farmakoloji ve Eczacılık,YÜKSEK (Farklı Alt Alan),0.5323469738807742,0.8610127539024612,-1,0.4,Fen > Temel Bilimler > Mantar Bilimi | Fen > Ziraat > Bitki Bilimleri,Fen > Eczacılık > Toksikoloji,0.1059822440147399,0.7,1,1
1384215,"Dijital Araçların Nitel Araştırmalara Etkisi: Fırsatlar, Sınırlılıklar ve Etik Sorumluluklar",FP-1,"Nitel araştırmalarda dijital veri analizi yazılımlarının (NVivo, MAXQDA, Atlas.ti) ve yapay zekâ araçlarının metodolojik, epistemolojik ve etik boyutlarının kaynak taramasıyla incelendiği doğrudan bir sosyal bilimler metodolojisi, araştırma etiği ve sosyoloji araştırmasıdır; çalışmada yazılım algoritması geliştirme, sibernetik sistem tasarımı veya kodlama bulunmayıp modelin 'Bilgisayar Bilimleri, Sibernitik' ve k-NN'in 'Bilgisayar Bilimleri' önerisi metindeki 'dijital araçlar / yazılım / yapay zekâ' ifadelerinden kaynaklanan bariz bir kelime tuzağı ve model yanılgısıdır (FP-1). Mevcut 'Bilim Felsefesi ve Tarihi, Felsefe, Sosyoloji' etiketleri tam ve doğrudur.","Bilim Felsefesi ve Tarihi, Felsefe, Sosyoloji","Bilgisayar Bilimleri, Sibernitik",Bilgisayar Bilimleri,KRİTİK (Farklı Ana Disiplin),0.530588121804427,0.4643469551914171,-1,0.3,Sosyal > Sosyal > Bilim Felsefesi ve Tarihi | Sosyal > Sosyal > Felsefe | Sosyal > Sosyal > Sosyoloji,"Fen > Mühendislik > Bilgisayar Bilimleri, Sibernitik",0.1557182371616363,0.9,0,1
1392054,Analysis and optimization of the adsorption of lead ions on a new material based on silica synthesized from blast furnace slag,TP-2,"Yüksek fırın cürufundan kimyasal ve termal işlemlerle silika bazlı yeni bir adsorban sentezlenmesi, malzeme karakterizasyonu ve sulu çözeltilerden kurşun (Pb) adsorpsiyon termodinamiğinin incelendiği bir inorganik kimya, çevre teknolojisi ve malzeme/metalürji mühendisliği araştırmasıdır; mevcut Kimya ve Çevre Bilimleri etiketlerinin yanına endüstriyel atık cüruf değerlendirme ve malzeme sentezi boyutuyla Metalürji Mühendisliği (veya Malzeme Bilimleri) alanı eklenmelidir (TP-2 melez çalışma).","Kimya, İnorganik ve Nükleer, Çevre Bilimleri",Metalürji Mühendisliği,Malzeme Bilimleri,YÜKSEK (Farklı Alt Alan),0.5305456494465268,0.933085064560094,-1,0.6,"Fen > Temel Bilimler > Kimya, İnorganik ve Nükleer | Fen > Temel Bilimler > Çevre Bilimleri",Fen > Mühendislik > Metalürji Mühendisliği,0.163641095161438,0.6,1,1
1393397,Cytotoxic and genotoxic effects of minor temperature changes and zinc oxide nanoparticles synthesized using Plantago major on Oncorhynchus mykiss gonadal cells,TP-2,"Plantago major yaprakları kullanılarak yeşil sentez yöntemiyle üretilen çinko oksit nanopartiküllerinin (ZnO NPs) gökkuşağı alabalığı (Oncorhynchus mykiss) hücrelerinde sıcaklığa bağlı sitotoksisite ve genotoksisitesinin (Comet assay) incelendiği bir nanotoksikoloji, sucul biyoloji ve yeşil nanoteknoloji araştırmasıdır; modelin 'Bitki Bilimleri' önerisi bitki adı kelime tuzağıdır. Mevcut 'Zooloji, Çevre Bilimleri' etiketlerinin yanına k-NN'in isabetle tespit ettiği Nanobilim ve Nanoteknoloji (veya Toksikoloji) alanı eklenmelidir (TP-2 melez çalışma).","Zooloji, Çevre Bilimleri",Bitki Bilimleri,Nanobilim ve Nanoteknoloji,YÜKSEK (Farklı Alt Alan),0.5296938041898899,0.8629324881447523,-1,0.4,Fen > Temel Bilimler > Zooloji | Fen > Temel Bilimler > Çevre Bilimleri,Fen > Ziraat > Bitki Bilimleri,0.0970305204391479,0.7,1,1
1401493,"Akkaya, M. A. (Ed.). (2025). Bilgi, Bilim ve Bilgi Merkezleri Odağında Etik. Hiperyayın. ISBN: 978-625-5884-70-1",FP-1,"Bilgi ve Belge Yönetimi (BBY), bilgi merkezleri, kütüphanecilik ve müzecilik etiği üzerine odaklanan bir akademik kitap incelemesidir; çalışmada tıp etiği, hasta hakları veya klinik biyoetik bulunmayıp modelin 'Tıbbi Etik' ve k-NN'in 'Bilgisayar Bilimleri' önerisi metindeki 'etik' ve 'dijital/teknoloji' kelimelerinden kaynaklanan bariz bir model yanılgısıdır (FP-1). Mevcut 'Bilgi, Belge Yönetimi, Etik' etiketleri tam ve doğrudur.","Bilgi, Belge Yönetimi, Etik",Tıbbi Etik,Bilgisayar Bilimleri,KRİTİK (Farklı Ana Disiplin),0.5290209187693238,0.9229299742487428,-1,0.4,"Sosyal > Sosyal > Bilgi, Belge Yönetimi | Sosyal > Sosyal > Etik",Fen > Tıp > Tıbbi Etik,0.1665383577346801,0.6,0,1
1307631,Turistlerin Algıladığı Marka Evangelizminin Belirlenmesine Yönelik Bir Araştırma: Balıkesir – Körfez Bölgesi Örneği,TP-1,"Balıkesir-Körfez bölgesindeki konaklama tesislerinde yerli turistlerin marka güveni, marka şeffaflığı ve marka evangelizmi (marka savunuculuğu) algısının anket ve regresyon analizleriyle incelendiği doğrudan bir turizm pazarlaması, otelcilik ve işletme araştırmasıdır; veri tabanındaki absürt 'Nükleer Bilim ve Teknolojisi' etiketi sistemsel bir çöp veridir. Hatalı etiket tamamen silinerek Otelcilik, Konaklama, Spor ve Turizm (ve Pazarlama/İşletme) alanı ile düzeltilmelidir (TP-1 tam düzeltme).",Nükleer Bilim ve Teknolojisi,"Otelcilik, Konaklama, Spor ve Turizm",Otelcilik,KRİTİK (Farklı Ana Disiplin),0.5285620525479316,0.0,71,0.5,Fen > Mühendislik > Nükleer Bilim ve Teknolojisi,"Sosyal > Sosyal > Otelcilik, Konaklama, Spor ve Turizm",0.3673201501369476,1.0,0,1
1147576,Markovian embedding of generalized Langevin equations with a nonlinear friction kernel and configuration-dependent mass,FP-1,"Doğrusal olmayan sürtünme çekirdeği ve konfigürasyona bağlı kütleye sahip genelleştirilmiş Langevin denklemlerinin projeksiyon operatörüyle Markovyen gömülmesini inceleyen doğrudan bir istatistiksel fizik, stokastik süreçler ve fizikokimyasal moleküler dinamik araştırmasıdır; çalışmada mekanik tasarım, makine imalatı veya triboloji bulunmayıp modelin 'Mühendislik, Makine' önerisi 'mass, force, friction' kelimelerinden kaynaklanan bariz bir kelime tuzağı ve model yanılgısıdır (FP-1). Mevcut 'Fizikokimya, Biyofizik' etiketleri ile k-NN'in işaret ettiği Fizik alanı araştırmayı tam ve doğru karşılamaktadır.","Fizikokimya, Biyofizik","Mühendislik, Makine",Fizik,YÜKSEK (Farklı Alt Alan),0.5270701509667707,0.3111530321650789,76,0.5,Fen > Temel Bilimler > Fizikokimya | Fen > Tıp > Biyofizik,"Fen > Mühendislik > Mühendislik, Makine",0.1408054083585739,1.0,1,1
1399925,COVID-19 Salgını Sırasında Yüksek Eğitimli Bir Örneklemde Sosyal Mesafe Önlemlerine Uyum: Tanımlayıcı Bir Yapısal Eşitlik Modelleme Çalışması,TP-2,"COVID-19 salgınında lisansüstü öğrencilerin sosyal mesafe önlemlerine uyumunun Korunmaya Güdülenme Teorisi, sağlık davranışı modelleri ve yapısal eşitlik modellemesiyle (YEM) incelendiği doğrudan bir halk sağlığı epidemiyolojisi, sağlık psikolojisi ve koruyucu davranış araştırmasıdır; mevcut 'Halk ve Çevre Sağlığı, Sağlık Bilimleri ve Hizmetleri' etiketlerinin korunması gerekirken araştırmanın psikososyal tutum ve motivasyon kuramı boyutu için Davranış Bilimleri alanı ikincil etiket olarak eklenmelidir (TP-2 melez çalışma).","Halk ve Çevre Sağlığı, Sağlık Bilimleri ve Hizmetleri",Davranış Bilimleri,Eğitim,KRİTİK (Farklı Ana Disiplin),0.5250268978933851,0.7170854668062371,54,0.3,Fen > Tıp > Halk ve Çevre Sağlığı | Fen > Tıp > Sağlık Bilimleri ve Hizmetleri,Sosyal > Sosyal > Davranış Bilimleri,0.1878729462623596,0.7,0,1
1404485,"Monolitik Zirkonyada Farklı Polisaj Sistemlerinin Yüzey Pürüzlülüğü, Mikrosertlik, Faz Dönüşümü ve Eğilme Dayanımı Üzerindeki Etkileri",FP-1,"Monolitik zirkonya (ZrO2) dental biyoseramik disklerinin yüzey parlatma sistemleri ve otoklav yaşlandırması sonrası yüzey pürüzlülüğü, Vickers sertliği, AFM/SEM morfolojisi, tetragonal-monoklinik faz dönüşümü ve eğilme dayanımının incelendiği bir protetik diş hekimliği ve dental seramik araştırmasıdır; zirkonya inorganik bir ileri teknoloji seramiği olup organik polimer değildir. Modelin 'Polimer Bilimi' önerisi malzeme kimyası açısından bariz bir model yanılgısıdır (FP-1). Mevcut 'Diş Hekimliği' etiketi ve k-NN uzlaşısı tam ve doğrudur.",Diş Hekimliği,Polimer Bilimi,Diş Hekimliği,YÜKSEK (Farklı Alt Alan),0.5248645870690152,0.9333893055934132,-1,0.5,Fen > Diş Hekimliği > Diş Hekimliği,Fen > Mühendislik > Polimer Bilimi,0.2614778876304626,0.5,1,1
1390366,YAPAY ZEKÂ YÖNETİM SİSTEMİ DENETİMİ VE SERTİFİKASYONU: ISO/IEC 42001 VE ISO/IEC 42006’NIN TÜRKİYE’DE SERTİFİKASYON AÇISINDAN DEĞERLENDİRİLMESİ,TP-2,"ISO/IEC 42001 ve ISO/IEC 42006 yapay zekâ yönetim sistemleri standartlarının denetimi, belgelendirme süreçleri, TÜRKAK/TSE akreditasyon altyapısı ve kurumsal uyum stratejilerinin incelendiği doğrudan bir Yönetim Bilişim Sistemleri (YBS), kalite yönetimi ve kurumsal işletme araştırmasıdır; mevcut İşletme ve BBY etiketleri kurumsal ve yönetsel omurgayı karşılamakta olup çalışmanın yapay zekâ standartları ve bilişim denetimi boyutu için Bilgisayar Bilimleri / Bilişim alanı ikincil etiket olarak ilişkilendirilebilir (TP-2 melez çalışma).","Bilgi, Belge Yönetimi, İşletme","Bilgisayar Bilimleri, Yapay Zeka",Bilgisayar Bilimleri,KRİTİK (Farklı Ana Disiplin),0.5240429746848314,0.5053183220791693,-1,0.7,"Sosyal > Sosyal > Bilgi, Belge Yönetimi | Sosyal > Sosyal > İşletme","Fen > Mühendislik > Bilgisayar Bilimleri, Yapay Zeka",0.2220382690429687,0.8,0,1
1316561,Investigation of Different Miniscrew Head Designs by Finite Element Analysis,TP-2,"Ortodontik tedavilerde ankraj amacıyla kullanılan mini vidaların farklı baş tasarımlarının SolidWorks ve Sonlu Elemanlar Analizi (FEA) ile kemik içi gerilme dağılımı ve primer stabilitesinin incelendiği bir ortodonti, dental biyomekanik ve biyomedikal mühendisliği araştırmasıdır; modelin 'Ortopedi' önerisi kemik/vida kelimelerinden kaynaklanan bir tıp yanılgısıdır. Mevcut 'Mühendislik, Biyotıp' etiketinin yanına k-NN'in isabetle tespit ettiği Diş Hekimliği (Ortodonti) alanı eklenmelidir (TP-2 melez çalışma).","Mühendislik, Biyotıp",Ortopedi,Diş Hekimliği,YÜKSEK (Farklı Alt Alan),0.5234768498890945,0.534776761910656,122,0.4,"Fen > Mühendislik > Mühendislik, Biyotıp",Fen > Tıp > Ortopedi,0.199379026889801,0.8,1,1
1443274,The Effect of Laser and Conventional Soldering on the Tensile Strength of Co-Cr Frameworks Fabricated by Different Methods,TP-2,"Kobalt-krom (Co-Cr) dental alaşım altyapılarının farklı üretim (döküm, lazer sinterleme, CAD/CAM) ve lehimleme (konvansiyonel ve lazer) teknikleri sonrasında çekme dayanımının (tensile strength) incelendiği bir dental biyomalzeme, metalurji ve protetik diş hekimliği araştırmasıdır; mevcut Diş Hekimliği etiketinin yanına alaşım özellikleri, lehimleme mekaniği ve mekanik testler boyutuyla Metalürji Mühendisliği (veya Malzeme Bilimleri) alanı eklenmelidir (TP-2 melez çalışma).",Diş Hekimliği,Metalürji Mühendisliği,Malzeme Bilimleri,YÜKSEK (Farklı Alt Alan),0.522397592399602,0.1341619242592051,212,0.8,Fen > Diş Hekimliği > Diş Hekimliği,Fen > Mühendislik > Metalürji Mühendisliği,0.2538774609565735,1.0,1,1
1386912,Elle Yapılan Elma Hasadında Çalışan İşçilerinin Duruş Pozisyonlarının Değerlendirilmesi,TP-2,"Isparta ve Afyon'daki elma bahçelerinde elle hasat yapan işçilerin OWAS yöntemiyle ergonomik duruş pozisyonlarının ve risk derecelerinin incelendiği doğrudan bir ziraat mühendisliği, tarım makineleri ve bahçe bitkileri araştırmasıdır; modelin 'Orman Mühendisliği' önerisi ağaç kelimesinden kaynaklanan bir model yanılgısıdır. Mevcut 'Ziraat Mühendisliği' etiketinin yanına işçilik/hasat fizyolojisi ve meyvecilik boyutuyla k-NN'in isabetle tespit ettiği Bahçe Bitkileri alanı eklenmeli, aradaki alakasız Sosyoloji etiketi temizlenmelidir (TP-2 melez çalışma).","Ziraat Mühendisliği, Sosyoloji",Orman Mühendisliği,Bahçe Bitkileri,YÜKSEK (Farklı Alt Alan),0.5219602881194612,0.8901555972581944,-1,0.4,Fen > Ziraat > Ziraat Mühendisliği | Sosyal > Sosyal > Sosyoloji,Fen > Mühendislik > Orman Mühendisliği,0.1697753965854644,0.6,1,1
1401119,Tavşan böbrek dokusunda eswl ile indüklenen oksidatif hasar üzerine antioksidan (Taurin) ve ozon terapi etkilerinin biyokimyasal ve histomorfometrik karşılaştırılması,TP-2,"Tavşanlarda ESWL ile indüklenen renal oksidatif hasar ve doku bozulmasına karşı taurin ile ozon tedavilerinin biyokimyasal (MDA, SOD, CAT) ve histopatolojik etkilerinin incelendiği bir üroloji, nefroloji ve eksperimental toksikoloji/farmakoloji araştırmasıdır; mevcut 'Üroloji ve Nefroloji' etiketinin korunması gerekirken oksidatif stres ve koruyucu ajan mekanizmaları boyutu için Toksikoloji (veya Farmakoloji) alanı ikincil etiket olarak eklenmelidir (TP-2 melez çalışma).",Üroloji ve Nefroloji,Toksikoloji,Toksikoloji,YÜKSEK (Farklı Alt Alan),0.5219261961625832,0.3197867641635012,135,0.3,Fen > Tıp > Üroloji ve Nefroloji,Fen > Eczacılık > Toksikoloji,0.1199414432048797,1.0,1,1
1304063,Atmosferik Zayıflamanın LiDAR Dalgaboyu Üzerindeki Etkileri,TP-2,"Havacılıkta kullanılan LiDAR sistemlerinde 800-1600 nm dalgaboyu aralığında atmosferik zayıflama faktörleri, katsayıları ve Beer-Lambert yasasına dayalı matematiksel modellerin incelendiği bir optik ve atmosferik bilimler araştırmasıdır; mevcut 'Optik' etiketinin korunması gerekirken atmosferik zayıflama, görünürlük standartları ve yayılım boyutu için Meteoroloji ve Atmosferik Bilimler alanı ikincil etiket olarak eklenmelidir (TP-2 melez çalışma).",Optik,Meteoroloji ve Atmosferik Bilimler,Mühendislik,YÜKSEK (Farklı Alt Alan),0.5214157488581858,0.9239957462300148,-1,0.5,Fen > Temel Bilimler > Optik,Fen > Mühendislik > Meteoroloji ve Atmosferik Bilimler,0.1440480351448059,0.6,1,1
1307634,Otel İşletmelerinde Etik Dışı Davranışlara Yönelik İçsel Bilgi Uçurma Davranışının Fenomenolojik İncelenmesi,TP-1,"Veri tabanındaki ""Nükleer Bilim ve Teknolojisi"" etiketi tamamen hatalı veri girişidir; otel işletmelerinde çalışanların etik dışı davranışları ihbar etmesi (whistleblowing) incelendiğinden Etik ve Turizm alanına aittir.",Nükleer Bilim ve Teknolojisi,Etik,Etik,KRİTİK (Farklı Ana Disiplin),0.5211253892406281,0.1661726131139023,89,0.5,Fen > Mühendislik > Nükleer Bilim ve Teknolojisi,Sosyal > Sosyal > Etik,0.2273778170347213,1.0,0,1
1344312,Denetimde Makine Öğreniminin Kullanımına Yönelik Bibliyometrik Bir Analiz,TP-2,"Veri tabanında ""Bilgi Belge, İşletme"" etiketleri yer almaktadır; finansal denetim ve muhasebede makine öğrenimi algoritmalarının kullanımı analiz edildiğinden Bilgisayar Bilimleri/Yapay Zeka ikincil alan olarak eklenmelidir.","Bilgi, Belge Yönetimi, İşletme","Bilgisayar Bilimleri, Yapay Zeka",Bilgisayar Bilimleri,KRİTİK (Farklı Ana Disiplin),0.5201755895837763,0.4945296619831001,203,0.7,"Sosyal > Sosyal > Bilgi, Belge Yönetimi | Sosyal > Sosyal > İşletme","Fen > Mühendislik > Bilgisayar Bilimleri, Yapay Zeka",0.1044090688228607,0.9,0,1
1371047,ŞİFA ARAYIŞI BAĞLAMINDA İĞNE ATMA RİTÜELİ VE OCAK KÜLTÜ,TP-2,"Veri tabanında sadece folklorik etiketler bulunmaktadır; geleneksel halk hekimliği, ocak kültü ve ritüel temelli şifa pratikleri Tamamlayıcı ve Entegre Tıp / Tıbbi Antropoloji kesişimiyle tamamlanmalıdır.","Antropoloji, Etik, Folklor",Tıbbi Etik,Tamamlayıcı ve Entegre Tıp,KRİTİK (Farklı Ana Disiplin),0.5184258878889183,0.8887855198631683,-1,0.4,Sosyal > Sosyal > Antropoloji | Sosyal > Sosyal > Etik | Sosyal > Sosyal > Folklor,Fen > Tıp > Tıbbi Etik,0.1606557369232177,0.6,0,1
1372571,Su temasıyla ortaya çıkan beyaz papüller: 12 olguluk akuajenik siringeal akrokeratoderma serisi,FP-1,"Su temasıyla avuç içlerinde geçici beyaz papül ve plaklarla karakterize nadir bir deri hastalığı olan akuajenik siringeal akrokeratoderma (ASA) olgu serisinin incelendiği doğrudan bir dermatoloji (cildiye) ve klinik tıp araştırmasıdır; çalışmada sucul ekosistemler, deniz/tatlı su canlıları veya balıkçılık bulunmayıp modelin 'Deniz ve Tatlı Su Biyolojisi' ve k-NN'in 'Balıkçılık' önerisi metindeki 'su teması / akuajenik' kelimelerinden kaynaklanan bariz bir kelime tuzağı ve model yanılgısıdır (FP-1). Mevcut 'Dermatoloji' etiketi tam ve doğrudur.",Dermatoloji,Deniz ve Tatlı Su Biyolojisi,Balıkçılık,YÜKSEK (Farklı Alt Alan),0.5156679465610927,0.496000203783967,283,0.6,Fen > Tıp > Dermatoloji,Fen > Temel Bilimler > Deniz ve Tatlı Su Biyolojisi,0.090479701757431,0.9,1,1
1400905,Girinti Yazılarının Spektral Cihazlar ve Elektrostatik Tespit Cihazı Kullanımı ile Okunabilirliğinin Karşılaştırılması: Deneysel Bir Çalışma,FP-1,"Adli belge incelemelerinde ESDA ile spektral görüntüleme cihazlarının kalem girinti yazılarının okunabilirliği üzerindeki başarı düzeylerinin eksper değerlendirmesiyle karşılaştırıldığı doğrudan bir adli tıp, adli bilimler ve kriminalistik araştırmasıdır; çalışmada elektrik/elektronik devre tasarımı veya cihaz imalatı olmayıp modelin 'Mühendislik, Elektrik ve Elektronik' önerisi cihaz adından kaynaklanan bir kelime tuzağıdır. Mevcut 'Adli Tıp' etiketi tam ve doğrudur.",Adli Tıp,"Mühendislik, Elektrik ve Elektronik",Malzeme Bilimleri,YÜKSEK (Farklı Alt Alan),0.5154989782857099,0.0457622543522512,115,0.4,Fen > Tıp > Adli Tıp,"Fen > Mühendislik > Mühendislik, Elektrik ve Elektronik",0.2973097562789917,1.0,1,1
1383988,Danıştay ve Conseil d’État’nın Ölüm Sonrası Tıbbi Destekli Üreme Konusundaki Yaklaşımı,TP-2,"Veri tabanında ""Etik, Hukuk"" etiketleri yer almaktadır; postmortem sperm/yumurta ile üreme ve embriyo transferinin hukuki-tıbbi boyutu incelendiğinden Kadın Hastalıkları ve Doğum ikincil etiket olarak eklenmelidir.","Etik, Hukuk, Sağlık Politikaları ve Hizmetleri",Kadın Hastalıkları ve Doğum,Kadın Hastalıkları ve Doğum,KRİTİK (Farklı Ana Disiplin),0.5142144340863666,0.7496512236558763,21,0.5,Sosyal > Sosyal > Etik | Sosyal > Sosyal > Hukuk | Sosyal > Sosyal > Sağlık Politikaları ve Hizmetleri,Fen > Tıp > Kadın Hastalıkları ve Doğum,0.1337189376354217,0.7,0,1
1398585,"1200°C’DE GLOOPY SIR BİLEŞİMİNDE KAOLEN, SİLİS VE FRİT ETKİLERİNİN NİTEL ANALİZİ",TP-2,"1200°C'de seramik sırlarının (gloopy sır) ergime davranışı, viskozite/akış eğilimleri ve yüzey topografyasının kaolen, silis ve frit bileşenleri bağlamında incelendiği bir seramik malzemeleri ve yüksek sıcaklık ısıl davranış / termodinamik araştırmasıdır; mevcut kategoride yer alan 'Tekstil' etiketi sistemsel çöp veridir. Malzeme Bilimleri omurgası korunarak ergime ve faz davranışları boyutu için Termodinamik alanı eklenmelidir (TP-2 melez çalışma).","Malzeme Bilimleri, Kompozitler, Malzeme Bilimleri, Tekstil",Termodinamik,Malzeme Bilimleri,YÜKSEK (Farklı Alt Alan),0.5140342046286925,0.8173583251103816,-1,0.4,"Fen > Mühendislik > Malzeme Bilimleri, Kompozitler | Fen > Mühendislik > Malzeme Bilimleri, Tekstil",Fen > Temel Bilimler > Termodinamik,0.1991274952888488,0.6,1,1
1345320,"Bacteridium izmirensis (Gastropoda: Murchisonellidae), Ege Denizi’nden yeni bir tür",FP-1,Ege Denizi'nden (İzmir Körfezi) yeni keşfedilen bir denizel yumuşakça türünün (Gastropoda: Murchisonellidae sınıfından Bacteridium izmirensis sp. nov.) taksonomik ve morfolojik özelliklerinin incelendiği doğrudan bir zooloji ve malakoloji araştırmasıdır; çalışmada mikroorganizmalar veya bakteri bilimi bulunmayıp modelin 'Mikrobiyoloji' önerisi cins adındaki 'Bacteridium' kelimesinden kaynaklanan bariz bir kelime tuzağı ve model yanılgısıdır (FP-1). Mevcut 'Zooloji' etiketi tam ve doğrudur.,Zooloji,Mikrobiyoloji,Biyoloji,YÜKSEK (Farklı Alt Alan),0.5135629626869177,0.931810340785589,-1,0.7,Fen > Temel Bilimler > Zooloji,Fen > Tıp > Mikrobiyoloji,0.1160296499729156,0.6,1,1
1442059,Göçle Kesintiye Uğrayan Gelecek: Mevsimlik Tarımda Çocuk İşçiliği ve Eğitime Erişim Üzerine Nitel Bir Araştırma,FP-1,"Eğitim sosyolojisi ve çocukların eğitime erişimi çalışmasıdır; örneklemdeki ""mevsimlik tarım"" ifadesi modeli Tarımsal Ekonomi alanına yanıltmıştır (Eğitim etiketi doğrudur).","Eğitim, Eğitim Araştırmaları, Sosyoloji",Tarımsal Ekonomi ve Politika,Tarımsal Ekonomi ve Politika,KRİTİK (Farklı Ana Disiplin),0.5117251574550784,0.9327006719727184,-1,0.4,"Sosyal > Sosyal > Eğitim, Eğitim Araştırmaları | Sosyal > Sosyal > Sosyoloji",Fen > Ziraat > Tarımsal Ekonomi ve Politika,0.1101428270339965,0.6,0,1
1367081,GÖRSEL KÜLTÜRÜN İZİNDE: SİNEMA ENDÜSTRİSİ ALANINDAKİ YAYINLARIN HARİTALANMASI,FP-1,"Sinema endüstrisi literatürünün bibliyometrik haritalamasıdır; İngilizce ""film"" kelimesi modeli fiziksel ince film malzemesi alanına yanıltmıştır. Mevcut Film/Radyo/TV etiketi doğrudur.","Film, Radyo, Televizyon","Malzeme Bilimleri, Kaplamalar ve Filmler",Film,KRİTİK (Farklı Ana Disiplin),0.509962500606152,0.7903055333064898,-1,0.4,"Sosyal > Sosyal > Film, Radyo, Televizyon","Fen > Mühendislik > Malzeme Bilimleri, Kaplamalar ve Filmler",0.206817477941513,0.6,0,1
1433375,TEPME KEÇE ÜRETİMİNDE “UPWOLFING” TEKNİĞİ VE ÖZELLİKLERİ,TP-2,"Veri tabanında sadece ""Folklor, Sanat"" etiketleri verilmiştir; geleneksel tepme keçede upwolfing tekniği, lif morfolojisi ve tekstil yüzey oluşumu incelendiğinden Malzeme Bilimleri/Tekstil ikincil etiket olarak eklenmelidir.","Folklor, Sanat","Malzeme Bilimleri, Tekstil",Malzeme Bilimleri,KRİTİK (Farklı Ana Disiplin),0.5099208847277538,0.0687685170146524,206,0.8,Sosyal > Sosyal > Folklor | Sosyal > Sosyal > Sanat,"Fen > Mühendislik > Malzeme Bilimleri, Tekstil",0.3792250156402588,0.9,0,1
1372134,BİLGİ EKONOMİSİNİN ÖZELLİKLERİ VE EĞİLİMLERİ: SCOPUS VERİ TABANINI KULLANARAK BİBLİYOMETRİK BİR ANALİZ (1998-2024),FP-1,"Scopus veritabanında bilgi ekonomisi literatürünün bibliyometrik analizidir; model yanılarak Tarımsal Ekonomi önermiştir. Mevcut Bilgi, Belge Yönetimi ve İktisat etiketleri tam ve doğrudur.","Bilgi, Belge Yönetimi, İktisat",Tarımsal Ekonomi ve Politika,Yeşil,KRİTİK (Farklı Ana Disiplin),0.509228044785958,0.9272653962687708,-1,0.3,"Sosyal > Sosyal > Bilgi, Belge Yönetimi | Sosyal > Sosyal > İktisat",Fen > Ziraat > Tarımsal Ekonomi ve Politika,0.1068905591964721,0.6,0,1
1398999,"Çömlekçilik Ustalarının Deneyimlerini Keşfetmek: Avanos, Kapadokya Örneği",TP-2,"Veri tabanında yalnızca ""Folklor, Kültürel Çalışmalar"" etiketleri bulunmaktadır; Avanos çömlekçiliğinde kil işleme, pişirme ve seramik zanaatı incelendiğinden Malzeme Bilimleri / Seramik ikincil etiket olarak eklenmelidir.","Folklor, Kültürel Çalışmalar","Malzeme Bilimleri, Tekstil",Tarımsal Ekonomi ve Politika,KRİTİK (Farklı Ana Disiplin),0.507313782939507,0.9396000864871084,-1,0.3,Sosyal > Sosyal > Folklor | Sosyal > Sosyal > Kültürel Çalışmalar,"Fen > Mühendislik > Malzeme Bilimleri, Tekstil",0.0926107466220855,0.6,0,1
1401011,Genetic Complexity of SLE: A Retrospective Analysis of Gene Mutations and Clinical Correlations,TP-2,"Sistemik lupus eritematozus (SLE) hastalarında yeni nesil dizileme (NGS) ile patojenik gen mutasyonlarının (SOCS1, STAT1, C1q, TREX1 vb.) tespiti ve spesifik klinik semptomlarla korelasyonunun incelendiği bir moleküler genetik, biyokimya ve romatoloji araştırmasıdır; mevcut kategoride yer alan 'Onkoloji' etiketi tamamen sistemsel çöp veridir (SLE onkolojik bir hastalık değildir). Biyokimya ve Moleküler Biyoloji omurgası korunarak genetik altyapı boyutu için Genetik ve Kalıtım (ve Romatoloji) alanı eklenmelidir (TP-2 melez çalışma).","Biyokimya ve Moleküler Biyoloji, Hücre Biyolojisi, Onkoloji",Genetik ve Kalıtım,Romatoloji,YÜKSEK (Farklı Alt Alan),0.5068402867533287,0.4465869804292999,80,0.6,Fen > Tıp > Biyokimya ve Moleküler Biyoloji | Fen > Tıp > Hücre Biyolojisi | Fen > Tıp > Onkoloji,Fen > Temel Bilimler > Genetik ve Kalıtım,0.1005529761314392,0.9,1,1
1386692,"Yapay zeka, büyük veri ve tıpta bilimsel araştırmalar",TP-2,"Tıpta yapay zekâ, büyük veri ve büyük dil modellerinin (LLM) kullanımının getirdiği metodolojik sorunlar, kara-kutu problemi, algoritmik yanlılık ve sağlık politikaları perspektifinden incelendiği bir tıbbi enformatik, sağlık politikaları ve yapay zekâ araştırmasıdır; mevcut tıbbi enformatik ve sağlık politikaları etiketlerinin korunması gerekirken çalışma konusunun temelini oluşturan Yapay Zekâ / Bilgisayar Bilimleri alanı ikincil etiket olarak eklenmelidir (TP-2 melez çalışma).","Tıbbi Araştırmalar Deneysel, Tıbbi İnformatik, Sağlık Politikaları ve Hizmetleri","Bilgisayar Bilimleri, Yapay Zeka",Bilgisayar Bilimleri,YÜKSEK (Farklı Alt Alan),0.5067399242217341,0.9250418125371132,-1,0.8,Fen > Tıp > Tıbbi Araştırmalar Deneysel | Fen > Tıp > Tıbbi İnformatik | Sosyal > Sosyal > Sağlık Politikaları ve Hizmetleri,"Fen > Mühendislik > Bilgisayar Bilimleri, Yapay Zeka",0.1013699173927307,0.6,1,1
1397654,Dönen fonksiyonel dereceli polar ortotropik diskin gerilme analizi,TP-2,"Değişken kalınlıklı fonksiyonel dereceli (FGM) polar ortotropik disklerin zamana bağlı dinamik gerilme analizinin pseudospektral Chebyshev ve Laplace dönüşümleriyle incelendiği doğrudan bir makine mühendisliği (yapısal mekanik) ve uygulamalı fizik / matematiksel modelleme araştırmasıdır; mevcut 'Mühendislik, Makine' etiketinin korunması gerekirken denklemlerin sayısal çözümü ve elastisite teorisi boyutu için Uygulamalı Fizik alanı ikincil etiket olarak eklenmelidir (TP-2 melez çalışma).","Mühendislik, Makine","Fizik, Uygulamalı",Fizik,YÜKSEK (Farklı Alt Alan),0.5052634073629242,0.3544718622502729,225,0.5,"Fen > Mühendislik > Mühendislik, Makine","Fen > Temel Bilimler > Fizik, Uygulamalı",0.1618441194295883,0.9,1,1
1402806,Photolurking Motivasyonları Ölçeğinin Geliştirilmesi,FP-1,"Sosyal medyada başkalarının fotoğraflarını gizlice gözetleme (photolurking) psikolojik ölçeğidir; model ""fotoğraf"" kelimesine aldanarak teknik Kamera/Fotoğraf Teknolojisi önermiştir. Mevcut Psikoloji etiketleri doğrudur.","Davranış Bilimleri, Hemşirelik, Psikoloji",Görüntüleme Bilimi ve Fotoğraf Teknolojisi,Görüntüleme Bilimi ve Fotoğraf Teknolojisi,KRİTİK (Farklı Ana Disiplin),0.5049274102634135,0.0776458832764395,197,0.6,Sosyal > Sosyal > Davranış Bilimleri | Sosyal > Sosyal > Hemşirelik | Sosyal > Sosyal > Psikoloji,Fen > Mühendislik > Görüntüleme Bilimi ve Fotoğraf Teknolojisi,0.2443312555551529,1.0,0,1
1350207,Antalya Bölgesinde Üçüncü Molar Diş Çekimi Yapılan Hastaların Yaş Değerlendirmesine İlişkin Retrospektif Kesitsel Çalışma,TP-2,"Antalya'da üçüncü molar (20 yaş dişi) çekimlerinin yaş, cinsiyet, çekim nedeni ve yöntemi açısından retrospektif olarak incelendiği doğrudan bir diş hekimliği ve ağız-diş sağlığı araştırmasıdır; mevcut kategoride yer alan 'Odyoloji ve Konuşma-Dil Patolojisi' etiketi tamamen sistemsel çöp veridir (diş çekiminin işitme veya konuşma patolojisiyle hiçbir ilgisi yoktur). Mevcut Cerrahi omurgasının yanına modelin ve k-NN'in isabetle önerdiği Diş Hekimliği alanı eklenmelidir (TP-2 melez çalışma).","Cerrahi, Odyoloji ve Konuşma-Dil Patolojisi",Diş Hekimliği,Diş Hekimliği,YÜKSEK (Farklı Alt Alan),0.5039285127864291,0.1500784653608041,123,1.0,Fen > Tıp > Cerrahi | Fen > Tıp > Odyoloji ve Konuşma-Dil Patolojisi,Fen > Diş Hekimliği > Diş Hekimliği,0.18973970413208,1.0,1,1
1289108,"İzmir İli Aletsel Dönem Depremlerinin Şiddet, Büyüklük ve Odak Mekanizma Çözümleri Açısından Değerlendirilmesi",TP-2,"İzmir ili ve yakın çevresindeki aletsel dönem depremlerinin şiddet, büyüklük, odak mekanizma çözümleri ve aktif fay segmentlerinin tektonik rejimlerinin incelendiği doğrudan bir sismoloji, jeofizik ve deprem mühendisliği araştırmasıdır; mevcut kategoride yer alan 'Biyofizik' ve modelin önerdiği 'Ziraat, Toprak Bilimi' etiketleri tamamen sistemsel çöp/hatalı verilerdir (deprem araştırmalarının biyofizik veya ziraatla hiçbir ilgisi yoktur). Mevcut Coğrafya (bölgesel coğrafya) omurgasının yanına çalışmanın asıl disiplini olan Jeokimya ve Jeofizik (Sismoloji/Jeofizik) alanı eklenmelidir (TP-2 melez çalışma).","Biyofizik, Coğrafya","Ziraat, Toprak Bilimi",Jeokimya ve Jeofizik,YÜKSEK (Farklı Alt Alan),0.5027172219568704,0.075973247215833,186,0.4,Fen > Tıp > Biyofizik | Sosyal > Sosyal > Coğrafya,"Fen > Ziraat > Ziraat, Toprak Bilimi",0.2392111718654632,1.0,1,1
1433290,BAHARAT TİCARETİNİN KÜLTÜR EKONOMİSİ: KARABİBER ÖRNEĞİ,TP-2,"Veri tabanında tarihsel ve kültürel etiketler verilmiştir; karabiber ticareti, meta zinciri ve tarımsal ürün piyasası analizi içerdiğinden Tarımsal Ekonomi ve Politika ikincil etiket olarak eklenmelidir.","Folklor, Kültürel Çalışmalar, Tarih, İktisat",Tarımsal Ekonomi ve Politika,Tarımsal Ekonomi ve Politika,KRİTİK (Farklı Ana Disiplin),0.5019567320984396,0.8313781325983178,108,0.4,Sosyal > Sosyal > Folklor | Sosyal > Sosyal > Kültürel Çalışmalar | Sosyal > Sosyal > Tarih | Sosyal > Sosyal > İktisat,Fen > Ziraat > Tarımsal Ekonomi ve Politika,0.154606282711029,0.6,0,1
1393007,Ritz Yöntemi ile Euler-Bernoulli Kirişlerinin Eksenel Serbest Titreşimi,TP-2,"Euler-Bernoulli kirişlerinin eksenel serbest titreşim davranışlarının Hamilton prensibi, analitik transandantal denklem kökleri ve Ritz yaklaşım yöntemleriyle incelendiği doğrudan bir makine mühendisliği (yapısal dinamik) ve uygulamalı fizik / matematiksel modelleme araştırmasıdır; mevcut 'Mühendislik, Makine' etiketinin korunması gerekirken elastisite ve titreşim teorisi boyutu için Uygulamalı Fizik alanı ikincil etiket olarak eklenmelidir (TP-2 melez çalışma).","Mühendislik, Makine","Fizik, Uygulamalı",Fizik,YÜKSEK (Farklı Alt Alan),0.5010511130570401,0.2027700187679245,76,0.6,"Fen > Mühendislik > Mühendislik, Makine","Fen > Temel Bilimler > Fizik, Uygulamalı",0.1438817381858825,1.0,1,1
1404813,"TEMİZ ENERJİ YATIRIMI, FİNANSAL GELİŞME VE MAL TİCARETİ SÜRDÜRÜLEBİLİR BÜYÜME VE ÇEVRESEL SÜRDÜRÜLEBİLİRLİK AÇISINDAN ÖNEMLİ Mİ?  E-7 ÜLKE GRUBUNDAN KANITLAR",TP-2,"E-7 ülkelerinde temiz enerji yatırımları, finansal gelişme ve mal ticaretinin karbon emisyonu, ekolojik ayak izi ve ekonomik büyüme üzerindeki etkilerinin Panel Corrected Standard Error (PCSE) yöntemiyle incelendiği doğrudan bir çevre ekonomisi ve sürdürülebilirlik araştırmasıdır; mevcut Çevre Bilimleri ve İktisat etiketlerinin korunması gerekirken temiz enerji ve sürdürülebilirlik odaklı analitik yaklaşım boyutu için Yeşil, Sürdürülebilir Bilim ve Teknoloji (veya Enerji ve Yakıtlar) alanı ikincil etiket olarak eklenmelidir (TP-2 melez çalışma).","Çevre Bilimleri, Çevre Çalışmaları, İktisat","Yeşil, Sürdürülebilir Bilim ve Teknoloji",Enerji ve Yakıtlar,YÜKSEK (Farklı Alt Alan),0.4977292006313524,0.6293146022557105,-1,0.4,Fen > Temel Bilimler > Çevre Bilimleri | Sosyal > Sosyal > Çevre Çalışmaları | Sosyal > Sosyal > İktisat,"Fen > Mühendislik > Yeşil, Sürdürülebilir Bilim ve Teknoloji",0.1725730001926422,0.7,1,1
1381146,Kesikli akrilik liflerin kimyasal modifikasyonunun termal stabilizasyon üzerindeki hızlandırıcı etkisi,TP-2,"Kesikli akrilik liflerin guanidin karbonat ile kimyasal modifikasyonu sonrasında 250 °C'de termal stabilizasyon hızının, DSC, TGA ve FT-IR ısıl analizleriyle incelendiği doğrudan bir kimya mühendisliği, polimer ve termal analiz araştırmasıdır; mevcut 'Mühendislik, Kimya' etiketinin korunması gerekirken DSC/TGA ısıl analizleri ve termal stabilizasyon boyutu için Termodinamik alanı ikincil etiket olarak eklenmelidir (TP-2 melez çalışma).","Mühendislik, Kimya",Termodinamik,Malzeme Bilimleri,YÜKSEK (Farklı Alt Alan),0.4972551490299469,0.8170338517159489,-1,0.6,"Fen > Mühendislik > Mühendislik, Kimya",Fen > Temel Bilimler > Termodinamik,0.1514191031455993,0.6,1,1
1400634,"ÇİLEĞİN ULTRASES DESTEKLİ SICAK HAVA VE MİKRODALGA YÖNTEMLERİYLE KURUTULMASI, UYGUN KURUMA MODELİNİN BELİRLENMESİ",TP-2,"Çilek meyvesinin ultrases destekli sıcak hava ve mikrodalga kurutma yöntemleriyle kurutulma kinetiği ve uygun kuruma modellerinin (Midilli, Newton vb.) belirlendiği doğrudan bir gıda bilimi, gıda mühendisliği ve tarımsal ürün işleme araştırmasıdır; mevcut 'Gıda Bilimi ve Teknolojisi' etiketinin korunması gerekirken hammadde niteliği ve meyve bilimi boyutu için Bahçe Bitkileri alanı ikincil etiket olarak eklenmelidir (TP-2 melez çalışma).",Gıda Bilimi ve Teknolojisi,Bahçe Bitkileri,Bahçe Bitkileri,YÜKSEK (Farklı Alt Alan),0.4969031055872707,0.7057145246287458,-1,0.5,Fen > Mühendislik > Gıda Bilimi ve Teknolojisi,Fen > Ziraat > Bahçe Bitkileri,0.1156413555145263,0.7,1,1
1361021,Penta-acetylchlorogenic acıd for obesity control: A new  perspective on chlorogenic acid derivatives,TP-2,"Penta-asetil-klorojenik asit türevinin sentezi, in vitro lipaz inhibisyonu ve in silico moleküler kenetlenme analizleriyle obezite kontrolündeki potansiyelinin incelendiği doğrudan bir farmakoloji, organik kimya ve metabolizma araştırmasıdır; mevcut 'Farmakoloji ve Eczacılık, Kimya, Organik' etiketlerinin korunması gerekirken obezite ve lipid metabolizması odaklı fizyolojik etki boyutu için Endokrinoloji ve Metabolizma alanı ikincil etiket olarak eklenmelidir (TP-2 melez çalışma).","Farmakoloji ve Eczacılık, Kimya, Organik",Endokrinoloji ve Metabolizma,Farmakoloji ve Eczacılık,YÜKSEK (Farklı Alt Alan),0.4956933877933465,0.8841599075271458,-1,0.4,"Fen > Eczacılık > Farmakoloji ve Eczacılık | Fen > Temel Bilimler > Kimya, Organik",Fen > Tıp > Endokrinoloji ve Metabolizma,0.2132954597473144,0.5,1,1
1371143,Afyonkarahisar’dan Soğuk Preslenmiş Sarı Haşhaş Tohumu Yağının Tekrarlanan Kızartma Sırasında Fizikokimyasal Stabilitesi,TP-2,"Afyonkarahisar sarı haşhaş tohumu soğuk pres yağının tekrarlanan kızartma süreçlerindeki fizikokimyasal stabilitesinin, yağ asidi kompozisyonunun ve polar madde değişimlerinin incelendiği doğrudan bir uygulamalı kimya ve gıda bilimi / gıda teknolojisi araştırmasıdır; mevcut 'Kimya, Uygulamalı' etiketinin korunması gerekirken kızartma işlemleri ve gıda kalitesi boyutu için Gıda Bilimi ve Teknolojisi alanı ikincil etiket olarak eklenmelidir (TP-2 melez çalışma).","Kimya, Uygulamalı",Gıda Bilimi ve Teknolojisi,Gıda Bilimi ve Teknolojisi,YÜKSEK (Farklı Alt Alan),0.4956498072186177,0.6691567173159381,-1,0.6,"Fen > Temel Bilimler > Kimya, Uygulamalı",Fen > Mühendislik > Gıda Bilimi ve Teknolojisi,0.138173222541809,0.7,1,1
1353599,Investigation of a number of rare deletional mutations in the alpha globin gene cluster,TP-2,"Alfa globin gen kümesindeki nadir ve yaygın delesyon mutasyonlarının (alfa talasemi) moleküler temelleri ve Gap PCR ile tespiti süreçlerinin incelendiği doğrudan bir moleküler biyoloji ve tıbbi genetik araştırmasıdır; mevcut 'Biyokimya ve Moleküler Biyoloji, Hücre Biyolojisi' etiketlerinin korunması gerekirken kalıtsal gen mutasyonları boyutu için Genetik ve Kalıtım alanı ikincil etiket olarak eklenmelidir (TP-2 melez çalışma).","Biyokimya ve Moleküler Biyoloji, Hücre Biyolojisi",Genetik ve Kalıtım,Genetik ve Kalıtım,YÜKSEK (Farklı Alt Alan),0.4945702740632568,0.7063224697443147,-1,0.4,Fen > Tıp > Biyokimya ve Moleküler Biyoloji | Fen > Tıp > Hücre Biyolojisi,Fen > Temel Bilimler > Genetik ve Kalıtım,0.1085418760776519,0.7,1,1
1387735,Grup Seyreklik ve Düşük Dereceli Modellerin Uzlaştırılmasıyla Çarpımsal Gürültünün Giderilmesi,FP-1,"Sentetik açıklıklı radar (SAR), sonar, ultrason ve lazer gibi eşevreli görüntüleme sistemlerinde karşılaşılan çarpımsal (benek) gürültünün homomorfik dönüşüm, grup seyreklik ve düşük dereceli matris modelleriyle giderilmesine yönelik bir görüntü işleme ve bilgisayar bilimleri araştırmasıdır; çalışmada akustik dalga fiziği veya akustik tasarımı bulunmayıp modelin ve k-NN'in 'Akustik' önerisi metindeki 'sonar ve ultrason' kelimelerinden kaynaklanan bariz bir kelime tuzağı ve model yanılgısıdır (FP-1). Mevcut 'Bilgisayar Bilimleri ve Görüntüleme Bilimi' etiketi tam ve doğrudur.","Bilgisayar Bilimleri, Yazılım Mühendisliği, Görüntüleme Bilimi ve Fotoğraf Teknolojisi",Akustik,Akustik,YÜKSEK (Farklı Alt Alan),0.4935298088071415,0.6884105026235856,-1,0.4,"Fen > Mühendislik > Bilgisayar Bilimleri, Yazılım Mühendisliği | Fen > Mühendislik > Görüntüleme Bilimi ve Fotoğraf Teknolojisi",Fen > Temel Bilimler > Akustik,0.1183633804321289,0.7,1,1
1407150,E-TİCARET LOJİSTİĞİ ÜZERİNE SİSTEMATİK LİTERATÜR İNCELEMESİ,TP-2,"Veri tabanında yalnızca ""İşletme"" etiketi yer almaktadır; e-ticaret lojistiğinde akıllı bilgi sistemleri, otomasyon ve veri akışı incelendiğinden Bilişim/Bilgisayar Bilimleri ikincil etiket olarak eklenmelidir.",İşletme,"Bilgisayar Bilimleri, Sibernitik",Bilgi,KRİTİK (Farklı Ana Disiplin),0.4924155372333843,0.92219507811559,-1,0.3,Sosyal > Sosyal > İşletme,"Fen > Mühendislik > Bilgisayar Bilimleri, Sibernitik",0.176762193441391,0.5,0,1
1391837,Influence of plasticizer type on the structure and drug release characteristics of LM-pectin hydrogels,TP-2,"Düşük metoksil pektin (LM-pektin) hidrojel sistemlerinde farklı plastifiyan türlerinin (hint yağı, PVP, PEG) hidrojel yapısı, şişme davranışı ve teofilin model ilaç salım karakteristikleri üzerindeki etkilerinin FTIR ve DSC analizleriyle incelendiği doğrudan bir polimer bilimi ve malzeme araştırmasıdır; mevcut kategoride yer alan 'Mikroskopi' etiketi tamamen sistemsel çöp veridir (çalışmada mikroskopi odaklı görüntüleme yoktur). Kimya omurgasının yanına polimerik hidrojel yapısı boyutu için Polimer Bilimi alanı ikincil etiket olarak eklenmelidir (TP-2 melez çalışma).","Kimya, Organik, Kimya, Uygulamalı, Mikroskopi",Polimer Bilimi,Malzeme Bilimleri,YÜKSEK (Farklı Alt Alan),0.4922108455947483,0.3639441738333085,-1,0.4,"Fen > Temel Bilimler > Kimya, Organik | Fen > Temel Bilimler > Kimya, Uygulamalı | Fen > Temel Bilimler > Mikroskopi",Fen > Mühendislik > Polimer Bilimi,0.2320708632469177,0.8,1,1
1374069,ALFA-GLUKOZİDAZ İNHİBİTÖRLERİ OLARAK KİNOKSALİN TÜREVLERİ: SENTEZ VE BİYOLOJİK DEĞERLENDİRME,TP-2,"Yeni kinoksalin-hidrazon türevlerinin sentezlenmesi, yapısal analizi ve diabetes mellitus tedavisinde hedef olan alfa-glukozidaz enzim inhibisyon aktivitelerinin in vitro ve in silico (doking) yöntemleriyle incelendiği doğrudan bir tıbbi kimya, farmakoloji ve endokrinoloji/metabolizma araştırmasıdır; mevcut 'Farmakoloji ve Eczacılık, Kimya, Tıbbi' etiketlerinin korunması gerekirken diyabet ve metabolik enzim hedefi boyutu için Endokrinoloji ve Metabolizma alanı ikincil etiket olarak eklenmelidir (TP-2 melez çalışma).","Farmakoloji ve Eczacılık, Kimya, Tıbbi",Endokrinoloji ve Metabolizma,Endokrinoloji ve Metabolizma,YÜKSEK (Farklı Alt Alan),0.4903369285660126,0.6324524541684545,-1,0.4,"Fen > Eczacılık > Farmakoloji ve Eczacılık | Fen > Temel Bilimler > Kimya, Tıbbi",Fen > Tıp > Endokrinoloji ve Metabolizma,0.149210900068283,0.7,1,1
1264108,ESTIMATING THE SOLAR EXERGY POTENTIAL OF SURFACES WITH DIFFERENT  TILT ANGLES,TP-2,"Türkiye'nin farklı panel eğim açılarında güneş ekserji potansiyelinin 22 yıllık NASA verileriyle hesaplandığı, optimum açının ve mevsimsel dağılımların haritalandırıldığı doğrudan bir termodinamik, uygulamalı fizik ve yenilenebilir enerji araştırmasıdır; mevcut 'Fizik, Uygulamalı, Fizikokimya, Termodinamik' etiketlerinin korunması gerekirken güneş enerjisi sistemleri ve verimlilik boyutu için Enerji ve Yakıtlar alanı ikincil etiket olarak eklenmelidir (TP-2 melez çalışma).","Fizik, Uygulamalı, Fizikokimya, Termodinamik",Enerji ve Yakıtlar,Enerji ve Yakıtlar,YÜKSEK (Farklı Alt Alan),0.489785216748166,0.6324644076802252,-1,0.6,"Fen > Temel Bilimler > Fizik, Uygulamalı | Fen > Temel Bilimler > Fizikokimya | Fen > Temel Bilimler > Termodinamik",Fen > Mühendislik > Enerji ve Yakıtlar,0.1476260423660278,0.7,1,1
1364822,Kafkas Üniversitesi diş hekimliği öğrencilerinin internet bağımlılığı düzeylerinin çeşitli faktörlere göre değerlendirilmesi,TP-2,"Kafkas Üniversitesi Diş Hekimliği Fakültesi öğrencilerinin internet bağımlılığı düzeylerinin Young İnternet Bağımlılığı Testi-Kısa Form (YIAT-SF) kullanılarak sosyodemografik faktörler açısından incelendiği doğrudan bir sağlık bilimleri ve davranışsal bağımlılık araştırmasıdır; mevcut 'Fizyoloji, Hemşirelik, Madde Bağımlılığı' etiketlerinin korunması gerekirken çalışma evrenini oluşturan hedef kitle ve fakülte bağlamı için Diş Hekimliği alanı ikincil etiket olarak eklenmelidir (TP-2 melez çalışma).","Fizyoloji, Hemşirelik, Madde Bağımlılığı",Diş Hekimliği,Diş Hekimliği,YÜKSEK (Farklı Alt Alan),0.4889323342805168,0.922302599336728,-1,0.4,Fen > Tıp > Fizyoloji | Sosyal > Sosyal > Hemşirelik | Sosyal > Sosyal > Madde Bağımlılığı,Fen > Diş Hekimliği > Diş Hekimliği,0.1667333841323852,0.5,1,1
1342165,Akış Verilerinde PRI Türü Tanıma için Pencere Tabanlı Bir Yaklaşım,TP-2,"Radar ve elektronik harp sistemlerinde Darbe Tekrarlama Aralığı (PRI) türlerinin (sabit, kayan, bekle&değiştir) varış zamanı farkı ve kayan pencere algoritmalarıyla çevrimiçi tespit edildiği doğrudan bir elektrik-elektronik mühendisliği, savunma bilimleri ve bilgisayar bilimleri araştırmasıdır; mevcut 'Mühendislik, Elektrik ve Elektronik, Savunma Bilimleri' etiketlerinin korunması gerekirken modelin önerdiği 'Spektroskopi' etiketi tamamen hatalıdır (radar PRI analizinin spektroskopiyle ilgisi yoktur). Çalışmanın algoritma ve akış veri analitiği boyutu için k-NN'in isabetle önerdiği Bilgisayar Bilimleri alanı ikincil etiket olarak eklenmelidir (TP-2 melez çalışma).","Mühendislik, Elektrik ve Elektronik, Savunma Bilimleri",Spektroskopi,Bilgisayar Bilimleri,YÜKSEK (Farklı Alt Alan),0.4880680933650699,0.6972605216727127,-1,0.7,"Fen > Mühendislik > Mühendislik, Elektrik ve Elektronik | Fen > Mühendislik > Savunma Bilimleri",Fen > Temel Bilimler > Spektroskopi,0.0964370369911193,0.7,1,1
1356411,SİBER İZLEYİCİ ROLLERİ VE SİBER CİDDİYET ÖLÇEĞİNİN GELİŞTİRİLMESİ: GEÇERLİK VE GÜVENİRLİK ÇALIŞMASI,TP-2,Veri tabanında eğitim ve psikoloji etiketleri bulunmaktadır; siber zorbalıkta izleyici rolleri ve dijital ortam davranışlarının ölçekleme çalışması olduğundan Bilişim/Sibernetik ikincil alan olarak eklenmelidir,"Eğitim, Eğitim Araştırmaları, Kültürel Çalışmalar, Psikoloji","Bilgisayar Bilimleri, Sibernitik",Bilgisayar Bilimleri,KRİTİK (Farklı Ana Disiplin),0.4867452672988723,0.9445234147193236,-1,0.6,"Sosyal > Sosyal > Eğitim, Eğitim Araştırmaları | Sosyal > Sosyal > Kültürel Çalışmalar | Sosyal > Sosyal > Psikoloji","Fen > Mühendislik > Bilgisayar Bilimleri, Sibernitik",0.1446126103401184,0.5,0,1
1390999,Effect of eco-friendly fertilizers and edible coatings on fatty acids and phenolics in fresh-cut melon during cold storage,TP-2,"Çevre dostu gübrelerin ve yenilebilir kaplamaların (pektin, sodyum aljinat) taze kesilmiş Kırkağaç kavununda soğuk depolama süresince yağ asitleri ve fenolik içerikler üzerindeki etkilerinin incelendiği doğrudan bir bahçe bitkileri, çevre bilimleri ve gıda bilimi/muhafazası araştırmasıdır; mevcut 'Çevre Bilimleri, Bahçe Bitkileri' etiketlerinin korunması gerekirken hasat sonrası taze kesilmiş gıda saklama ve kaplama teknolojileri boyutu için Gıda Bilimi ve Teknolojisi alanı ikincil etiket olarak eklenmelidir (TP-2 melez çalışma).","Çevre Bilimleri, Bahçe Bitkileri",Gıda Bilimi ve Teknolojisi,Gıda Bilimi ve Teknolojisi,YÜKSEK (Farklı Alt Alan),0.4854844410782128,0.6865753120442513,-1,0.6,Fen > Temel Bilimler > Çevre Bilimleri | Fen > Ziraat > Bahçe Bitkileri,Fen > Mühendislik > Gıda Bilimi ve Teknolojisi,0.0966874659061431,0.7,1,1
1226552,İslahiye-Hassa Trası Katkılı Çimento Harçlarının Dayanım ve Dayanıklılık Özelliklerinin Araştırılması,TP-2,"İslahiye-Hassa trasının çimento harçlarında mineral katkı olarak kullanımının mekanik dayanım (eğilme ve basınç), XRF/FT-IR analizi ve elektrokimyasal korozyon direnci üzerindeki etkilerinin incelendiği doğrudan bir inşaat mühendisliği, yapı malzemeleri ve mineral hammadde (maden/cevher) araştırmasıdır; mevcut kategoride yer alan aşırı şişirilmiş ve 'Tıbbi, Organik' gibi hatalı kimya etiketleri temizlenmelidir. Çalışmanın yapı malzemeleri omurgası için k-NN'in önerdiği İnşaat Mühendisliği ve hammadde boyutu için modelin önerdiği Maden İşletme ve Cevher Hazırlama alanları eklenmelidir (TP-2 melez çalışma).","Kimya, Analitik, Kimya, Organik, Kimya, Tıbbi, Kimya, Uygulamalı, Kimya, İnorganik ve Nükleer",Maden İşletme ve Cevher Hazırlama,İnşaat Mühendisliği,YÜKSEK (Farklı Alt Alan),0.4854837200710221,0.3864410081184083,131,0.4,"Fen > Temel Bilimler > Kimya, Analitik | Fen > Temel Bilimler > Kimya, Organik | Fen > Temel Bilimler > Kimya, Tıbbi | Fen > Temel Bilimler > Kimya, Uygulamalı | Fen > Temel Bilimler > Kimya, İnorganik ve Nükleer",Fen > Mühendislik > Maden İşletme ve Cevher Hazırlama,0.1967813372611999,0.8,1,1
1387175,Sosyal Yardım Ulaştırma Ağları Tasarım Ve Yönetimi,TP-2,Veri tabanında sadece mühendislik etiketleri bulunmaktadır; afet ve yoksulluk durumlarında sosyal yardım dağıtım ağlarının modellenmesi Sosyal Çalışma ve Sağlık/Kamu Hizmetleri ile disiplinlerarasıdır.,"Bilgisayar Bilimleri, Yazılım Mühendisliği, Endüstri Mühendisliği, Telekomünikasyon",Sağlık Politikaları ve Hizmetleri,Sosyal Çalışma,KRİTİK (Farklı Ana Disiplin),0.4845965416961246,0.0366235859129165,169,0.4,"Fen > Mühendislik > Bilgisayar Bilimleri, Yazılım Mühendisliği | Fen > Mühendislik > Endüstri Mühendisliği | Fen > Mühendislik > Telekomünikasyon",Sosyal > Sosyal > Sağlık Politikaları ve Hizmetleri,0.2155447006225586,1.0,0,1
1343987,Otizm Spektrum Bozukluğu Olan Çocukların Ebeveynlerinin   Gözlerden Zihin Okuma ve İletişim Beceri Düzeylerinin İncelenmesi:   Bir Ön Korelasyon Çalışması,TP-2,"Veri tabanında klinik ""Odyoloji, Psikiyatri"" etiketleri yer almaktadır; otizmli çocuk ebeveynlerinin empati, zihin okuma ve iletişim becerileri incelendiğinden Gelişimsel Psikoloji ve Özel Eğitim ile tamamlanmalıdır.","Odyoloji ve Konuşma-Dil Patolojisi, Psikiyatri",Psikoloji,Eğitim,KRİTİK (Farklı Ana Disiplin),0.4842086104157449,0.6476059772979742,8,0.3,Fen > Tıp > Odyoloji ve Konuşma-Dil Patolojisi | Fen > Tıp > Psikiyatri,Sosyal > Sosyal > Psikoloji,0.1208774745464325,0.7,0,1
1369475,"Çevresel Örneklerde Bulunan Kurşun, Kadmiyum ve Nikel'in Basit ve Etkili Ekstraksiyon/Önderiştirme Stratejileri ve Farklı Hidrazon Kompleksleştirici Ajanları Kullanarak Yarıklı Kuartz Tüp-Alevli Atomik Absorpsiyon Spektrometrisi ile Doğru ve Duyarlı Tayinleri",FP-1,"Çevresel su örneklerinde kurşun, kadmiyum ve nikel gibi ağır metallerin mikroekstraksiyon yöntemleri ve yarıklı kuartz tüp-alevli atomik absorpsiyon spektrometrisi (YKT-AAAS) ile tayinine yönelik doğrudan bir analitik kimya, spektroskopi ve çevre analizi araştırmasıdır; çalışmada nükleer fizik, radyoaktivite veya nükleer teknoloji bulunmayıp modelin 'Nükleer Bilim ve Teknolojisi' önerisi metindeki 'atomik absorpsiyon' ifadesindeki 'atomik' kelimesinden kaynaklanan bariz bir kelime tuzağı ve model yanılgısıdır (FP-1). Mevcut 'Kimya, Analitik, Spektroskopi, Çevre Bilimleri' etiketleri kusursuz ve tamdır.","Kimya, Analitik, Spektroskopi, Çevre Bilimleri",Nükleer Bilim ve Teknolojisi,Mühendislik,YÜKSEK (Farklı Alt Alan),0.4828290284047863,0.844619956163701,-1,0.4,"Fen > Temel Bilimler > Kimya, Analitik | Fen > Temel Bilimler > Spektroskopi | Fen > Temel Bilimler > Çevre Bilimleri",Fen > Mühendislik > Nükleer Bilim ve Teknolojisi,0.0904972553253173,0.6,1,1
1251671,Antarktik Meteoritler ve Mikrometeoritler için Türkiye-Belçika-Japonya Ortak Projesi,FP-1,"Antarktika'dan toplanan meteorit ve mikrometeoritlerin mineralojik yapıları, elementel/moleküler kimyasal bileşenleri ve Güneş Sistemi'nin evrimine dair sunduğu verilerin incelendiği doğrudan bir astrofizik, kozmokimya ve mineraloji araştırmasıdır; çalışmada atmosfer fiziği, hava olayları veya iklim araştırması bulunmayıp modelin ve k-NN'in 'Meteoroloji ve Atmosferik Bilimler' önerisi 'meteorit' (göktaşı) kelimesinin fonetik benzerliğinden kaynaklanan bariz bir kelime tuzağı ve model yanılgısıdır (FP-1). Mevcut 'Astronomi ve Astrofizik, Mineraloji' etiketleri kusursuz ve tamdır.","Astronomi ve Astrofizik, Mineraloji",Meteoroloji ve Atmosferik Bilimler,Meteoroloji ve Atmosferik Bilimler,YÜKSEK (Farklı Alt Alan),0.4822524550671306,0.8266350663164962,156,0.3,Fen > Temel Bilimler > Astronomi ve Astrofizik | Fen > Temel Bilimler > Mineraloji,Fen > Mühendislik > Meteoroloji ve Atmosferik Bilimler,0.1016962528228759,0.6,1,1
1358871,"Diyarbakır İli, Çınar İlçesi, Özgider Mezrası Kurtarma Kazısı: Geç Roma - Erken Bizans Dönemi’ne Ait Zemin Mozaiğinin İkonografik ve İkonolojik Olarak İncelenmesi",FP-1,Arkeolojik kazı ve zemin mozaiği ikonografisidir; mevcut Arkeoloji/Sanat/Tarih etiketleri tam ve doğrudur (Deniz önerisi hub hatasıdır).,"Antropoloji, Beşeri Bilimler, Sanat, Tarih","Mühendislik, Deniz",Mimarlık,KRİTİK (Farklı Ana Disiplin),0.4816012148494405,0.5940966790655784,-1,0.4,Sosyal > Sosyal > Antropoloji | Sosyal > Sosyal > Beşeri Bilimler | Sosyal > Sosyal > Sanat | Sosyal > Sosyal > Tarih,"Fen > Mühendislik > Mühendislik, Deniz",0.1516487002372741,0.7,0,1
1383293,ALZHEIMER TANISI İÇİN LÖKO METİLTİYONİNYUM BİS-İÇEREN NANOPARTİKÜLLERİN KARAKTERİZASYONU,TP-2,"Alzheimer hastalığı tanısına yönelik löko metiltiyoninyum içeren kitosan nanotaşıyıcı sistemlerin iyonik çapraz bağlama tekniğiyle sentezlendiği, partikül boyutu (100-200 nm) ve zeta potansiyeli gibi nanokarakterizasyon ve hücre canlılığı testlerinin yapıldığı doğrudan bir farmasötik nanoteknoloji ve biyomalzeme araştırmasıdır; mevcut kategorideki 'Tropik Tıp' etiketi tamamen sistemsel çöp veridir. Mevcut Farmakoloji ve Eczacılık omurgasının yanına nanotaşıyıcı sistem tasarımı ve partikül karakterizasyonu boyutu için Nanobilim ve Nanoteknoloji alanı ikincil etiket olarak eklenmelidir (TP-2 melez çalışma).","Farmakoloji ve Eczacılık, Psikiyatri, Tropik Tıp",Nanobilim ve Nanoteknoloji,Kimya,YÜKSEK (Farklı Alt Alan),0.4815632646465307,0.8899538835620904,-1,0.4,Fen > Eczacılık > Farmakoloji ve Eczacılık | Fen > Tıp > Psikiyatri | Fen > Tıp > Tropik Tıp,Fen > Mühendislik > Nanobilim ve Nanoteknoloji,0.1687851250171661,0.5,1,1
1376067,"X, Y ve Z Kuşağı Kadınların Engelli Kadınlara Yönelik Tutumları ve Bu Tutumları Etkileyen Faktörler",FP-1,"Farklı kuşaklardaki kadınların engelli kadınlara yönelik toplumsal tutumlarının sosyolojik araştırmasıdır; ""kadın"" kelimesi modeli klinik Kadın Hastalıkları alanına yanıltmıştır. Mevcut Sosyal Hizmet/Özel Eğitim etiketleri doğrudur.","Eğitim, Özel, Sağlık Politikaları ve Hizmetleri",Kadın Hastalıkları ve Doğum,Kadın Hastalıkları ve Doğum,KRİTİK (Farklı Ana Disiplin),0.4813352217492406,0.7076284214722892,21,0.3,"Sosyal > Sosyal > Eğitim, Özel | Sosyal > Sosyal > Sağlık Politikaları ve Hizmetleri",Fen > Tıp > Kadın Hastalıkları ve Doğum,0.1840803325176239,0.6,0,1
1446272,Yapay Zekâ Üreticisinin Ürün Sorumluluğuna İlişkin Bir Değerlendirme,FP-1,"Yapay zekâ üreticisinin ürün ve kusursuz sorumluluğunun 7223 sayılı Kanun ve AB Direktifleri çerçevesinde hukuki analizidir; ""yapay zekâ"" kelimesi modeli hatalı şekilde teknik Bilgisayar Bilimleri alanına yanıltmıştır (Hukuk konusudur).",Hukuk,"Bilgisayar Bilimleri, Yapay Zeka",Bilgisayar Bilimleri,KRİTİK (Farklı Ana Disiplin),0.4812592981383533,0.499907712191475,-1,0.7,Sosyal > Sosyal > Hukuk,"Fen > Mühendislik > Bilgisayar Bilimleri, Yapay Zeka",0.217949628829956,0.7,0,1
1404090,Konjenital Kalp Ameliyatı Geçiren Çocuklarda Postoperatif Dönemde Dinletilen Müziğin Ağrı ve Yaşam Bulgularına Etkisi: Randomize Kontrollü Çalışma,TP-2,"Veri tabanında sadece ""Hemşirelik"" etiketi yer almaktadır; ameliyat sonrası pediatrik kardiyoloji hastalarında müzikterapinin hemodinamik bulgulara etkisi Kalp-Damar Sistemi ile klinik kesişimdir.",Hemşirelik,Kalp ve Kalp Damar Sistemi,Kalp ve Kalp Damar Sistemi,KRİTİK (Farklı Ana Disiplin),0.4801376169919968,0.0,31,0.3,Sosyal > Sosyal > Hemşirelik,Fen > Tıp > Kalp ve Kalp Damar Sistemi,0.3432503342628479,0.9,0,1
1390335,Eucommia ulmoides extract attenuates oxidative stress and promotes melanogenesis via Wnt/β-catenin signaling in B16 cells and mice,TP-2,"Eucommia ulmoides özütünün B16 hücrelerinde ve fare modellerinde Wnt/beta-katenin-MITF sinyal ekseni üzerinden oksidatif stresi azaltması ve melanogenezi teşvik ederek saç beyazlamasını önleyici teröpatik etkilerinin incelendiği doğrudan bir hücre biyolojisi, farmakoloji ve metabolizma araştırmasıdır; mevcut 'Biyoloji' etiketinin korunması gerekirken fitoterapötik etki mekanizması ve metabolik/sinyal yolağı boyutu için Endokrinoloji ve Metabolizma (veya Farmakoloji ve Eczacılık) alanı ikincil etiket olarak eklenmelidir (TP-2 melez çalışma).",Biyoloji,Endokrinoloji ve Metabolizma,Farmakoloji ve Eczacılık,YÜKSEK (Farklı Alt Alan),0.4790167473091447,0.3988100152547214,135,0.4,Fen > Temel Bilimler > Biyoloji,Fen > Tıp > Endokrinoloji ve Metabolizma,0.169469267129898,0.8,1,1
1300112,LABORATUVAR BİRİMİNDEKİ SAĞLIK PERSONELİNİN VARDİYA ÇİZELGELEMESİNDE 0-1 TAMSAYILI HEDEF PROGRAMLAMA UYGULAMASI,TP-2,Hastanelerin laboratuvar biriminde çalışan sağlık personelinin vardiya çizelgelemesinin GAMS yazılımı ve 0-1 tamsayılı hedef programlama optimizasyon modeliyle çözümlendiği doğrudan bir uygulamalı matematik/yöneylem araştırması ve sağlık hizmetleri yönetimi çalışmasıdır; mevcut kategoride yer alan 'Maden İşletme ve Cevher Hazırlama' etiketi sistemsel çöp veridir. Matematik omurgasının yanına hastane ve sağlık personeli boyutu için Temel Sağlık Hizmetleri alanı ikincil etiket olarak eklenmelidir (TP-2 melez çalışma).,"Maden İşletme ve Cevher Hazırlama, Matematik",Temel Sağlık Hizmetleri,Temel Sağlık Hizmetleri,YÜKSEK (Farklı Alt Alan),0.4774576827883721,0.0,112,0.3,Fen > Mühendislik > Maden İşletme ve Cevher Hazırlama | Fen > Temel Bilimler > Matematik,Fen > Tıp > Temel Sağlık Hizmetleri,0.2213076651096344,1.0,1,1
1305498,"The Relationships Between Food Experience, Destination Food Image, Electronic Word of Mouth and Revisit Intention: A Study on Gaziantep",TP-1,"Veri tabanındaki ""Nükleer Bilim ve Teknolojisi"" etiketi bariz veri girişi hatasıdır; Gaziantep gastronomi turizmi ve destinasyon imajı incelendiğinden doğrudan Otelcilik, Konaklama, Spor ve Turizm alanına taşınmalıdır.",Nükleer Bilim ve Teknolojisi,Beslenme ve Diyetetik,Otelcilik,KRİTİK (Farklı Ana Disiplin),0.4770295450313223,0.1330352021151115,108,0.3,Fen > Mühendislik > Nükleer Bilim ve Teknolojisi,Sosyal > Sosyal > Beslenme ve Diyetetik,0.239344984292984,0.9,0,1
1402333,Biyoenformatik Alanındaki Kod Geliştiricilerin Stack Overflow Platformunda Paylaştıkları Soruların Değerlendirilmesi: Konu Modelleme ve Topluluk Tespiti,TP-2,"Biyoenformatik alanındaki yazılım geliştiricilerin Stack Overflow platformundaki paylaşımlarının Doğal Dil İşleme (LDA konu modelleme) ve çizge/graf algoritmaları (Louvain topluluk tespiti) ile incelendiği doğrudan bir bilgisayar bilimleri, metin madenciliği ve biyoenformatik araştırmasıdır; mevcut Biyoloji ve Tıbbi İnformatik etiketlerinin korunması gerekirken NLP/yazılım analitiği ve algoritma boyutu için Bilgisayar Bilimleri, Sibernitik alanı ikincil etiket olarak eklenmelidir (TP-2 melez çalışma).","Biyoloji, Tıbbi İnformatik","Bilgisayar Bilimleri, Sibernitik",Bilgisayar Bilimleri,YÜKSEK (Farklı Alt Alan),0.4769234482771741,0.589350134661431,203,0.4,Fen > Temel Bilimler > Biyoloji | Fen > Tıp > Tıbbi İnformatik,"Fen > Mühendislik > Bilgisayar Bilimleri, Sibernitik",0.1416740417480468,0.7,1,1
1405428,Obtaining Natural Dye from Oak Tree and Examination of Dyeing Properties According to Different Methods,FP-1,"Meşe ağacı dal ve yapraklarından elde edilen doğal boyanın muslin kumaşı üzerinde mordanlı/mordansız boyama performansının, CIELab renk ölçümlerinin, Kubelka-Munk K/S değerlerinin ve ISO haslık (yıkama, sürtme, ışık) testlerinin incelendiği doğrudan bir tekstil mühendisliği, boyama teknolojisi ve malzeme araştırmasıdır; çalışmada botanik veya bitki yetiştiriciliği/fizyolojisi bulunmayıp modelin 'Bitki Bilimleri' önerisi doğal boya hammaddesinden kaynaklanan bir model yanılgısıdır (FP-1). Mevcut 'Malzeme Bilimleri, Tekstil' etiketi kusursuz ve tamdır.","Malzeme Bilimleri, Tekstil",Bitki Bilimleri,Malzeme Bilimleri,YÜKSEK (Farklı Alt Alan),0.4767876797625121,0.944463500860809,-1,0.5,"Fen > Mühendislik > Malzeme Bilimleri, Tekstil",Fen > Ziraat > Bitki Bilimleri,0.1162051558494567,0.5,1,1
1392108,Structural categorization and identification of electrostatic interactions in two proposed human serum albumin dimerization patterns and dipyridamole interaction,FP-1,"İnsan serum albümini (HSA) proteininin dimerizasyon paternleri, yüksek çözünürlüklü X-ışını kristalografik verileri (PDB), elektrostatik arayüz etkileşimleri ve dipiridamol moleküler kenetlenme (docking) analizlerinin incelendiği doğrudan bir yapısal biyoloji, biyofizik ve biyokimya araştırmasıdır; çalışmada alternatif veya geleneksel tıp yöntemleri kesinlikle bulunmayıp modelin 'Tamamlayıcı ve Entegre Tıp' önerisi tamamen temelsiz bir model yanılgısıdır (FP-1). Mevcut 'Biyoloji, Kimya, Uygulamalı' etiketleri geçerli ve yeterlidir.","Biyoloji, Kimya, Uygulamalı",Tamamlayıcı ve Entegre Tıp,Kimya,YÜKSEK (Farklı Alt Alan),0.4760578371920405,0.923950436845707,-1,0.4,"Fen > Temel Bilimler > Biyoloji | Fen > Temel Bilimler > Kimya, Uygulamalı",Fen > Tıp > Tamamlayıcı ve Entegre Tıp,0.1287720799446106,0.5,1,1
1446439,Havayoluyla Seyahat Eden Yolcuların Uçuş (Taşıma) Sınıflarının Yükseltilmesi ve Düşürülmesi,FP-1,"Havayolu taşımacılığında yolcu hakları ve uçuş sınıflarının hukuki mevzuat analizidir; ""havayolu/uçuş"" kelimeleri modeli hatalı şekilde Hava ve Uzay Mühendisliği alanına yanıltmıştır (Hukuk konusudur).",Hukuk,"Mühendislik, Hava ve Uzay",Mühendislik,KRİTİK (Farklı Ana Disiplin),0.475053498681194,0.0463536909652011,160,0.5,Sosyal > Sosyal > Hukuk,"Fen > Mühendislik > Mühendislik, Hava ve Uzay",0.1813287883996963,1.0,0,1
1385992,Max Faz Alaşımlarının Üretilmesi Ve Fonksiyonel Kumaş Üretiminde Kullanılabilirliğinin Araştırılması,FP-1,"Ti3SiC2 MAX fazı alaşımlarının yüksek sıcaklıkta sentezlenerek pamuklu kumaşlara kaplanması ve elektromanyetik kalkanlama özelliği kazandırılmasının (XRD, SEM, Rietveld analizi) incelendiği doğrudan bir malzeme bilimi, kaplama teknolojileri ve tekstil/elektronik mühendisliği araştırmasıdır; çalışmada halk sağlığı veya epidemiyolojik bir araştırma bulunmayıp modelin 'Halk ve Çevre Sağlığı' önerisi özetin girişindeki genel koruyucu sağlık motivasyonu ifadelerinden kaynaklanan bariz bir kelime tuzağı ve model yanılgısıdır (FP-1). Mevcut malzeme ve mühendislik etiketleri tam ve doğrudur.","Malzeme Bilimleri, Biyomalzemeler, Malzeme Bilimleri, Kaplamalar ve Filmler, Mühendislik, Elektrik ve Elektronik",Halk ve Çevre Sağlığı,Mühendislik,YÜKSEK (Farklı Alt Alan),0.4747572064429112,0.9629932940123828,-1,0.4,"Fen > Mühendislik > Malzeme Bilimleri, Biyomalzemeler | Fen > Mühendislik > Malzeme Bilimleri, Kaplamalar ve Filmler | Fen > Mühendislik > Mühendislik, Elektrik ve Elektronik",Fen > Tıp > Halk ve Çevre Sağlığı,0.0971682369709014,0.5,1,1
1348130,Degrade Adli Örnekler için Mitokondriyal DNA Amplifikasyon ve Dizileme Stratejisi Geliştirme: Deneysel Çalışma,TP-2,"İleri derecede degrade olmuş adli iskelet kalıntılarında mitokondriyal DNA (mtDNA) analizi ve kimliklendirme için midi/mini multipleks PCR primer setlerinin geliştirildiği ve dizi analizinin yapıldığı doğrudan bir adli tıp, moleküler biyoloji ve adli genetik araştırmasıdır; mevcut 'Adli Tıp, Biyokimya ve Moleküler Biyoloji' etiketlerinin korunması gerekirken mtDNA amplifikasyonu ve genetik dizileme boyutu için Genetik ve Kalıtım alanı ikincil etiket olarak eklenmelidir (TP-2 melez çalışma).","Adli Tıp, Biyokimya ve Moleküler Biyoloji",Genetik ve Kalıtım,Genetik ve Kalıtım,YÜKSEK (Farklı Alt Alan),0.4738103758351955,0.9565805359907756,-1,0.3,Fen > Tıp > Adli Tıp | Fen > Tıp > Biyokimya ve Moleküler Biyoloji,Fen > Temel Bilimler > Genetik ve Kalıtım,0.0990435481071472,0.5,1,1
1402575,Fonksiyonel Epifora mı Yoksa Disfonksiyonel Epifora mı? Rafine Bir Terminoloji İçin Hatırlatma,FP-1,"Oftalmolojide gözyaşı drenaj sistemi ve aşırı gözyaşı akması durumunu ifade eden 'epifora' (fonksiyonel/disfonksiyonel) klinik terminolojisinin tartışıldığı doğrudan bir göz hastalıkları (oftalmoloji) çalışmasıdır; çalışmada denizcilik veya gemi mühendisliği kesinlikle bulunmayıp modelin 'Mühendislik, Deniz' önerisi tamamen absürt bir model yanılgısıdır (FP-1), k-NN'in 'Dil ve Dil Bilim' önerisi ise başlıktaki 'terminoloji' kelimesinden kaynaklanan bir kelime tuzağıdır. Mevcut 'Göz Hastalıkları' etiketi tam ve doğrudur.",Göz Hastalıkları,"Mühendislik, Deniz",Dil ve Dil Bilim,YÜKSEK (Farklı Alt Alan),0.473654118180275,0.0,78,0.6,Fen > Tıp > Göz Hastalıkları,"Fen > Mühendislik > Mühendislik, Deniz",0.2104403376579284,1.0,1,1
1387550,Tıpta uzmanlık eğitimi programlarının değerlendirilmesi: Nitel doküman analizi,TP-2,"Veri tabanında ""Eğitim, Sağlık Hizmetleri"" etiketleri yer almaktadır; asistan hekimlerin uzmanlık eğitimi ve mesleki etik yetkinlikleri incelendiğinden Tıbbi Etik / Tıp Eğitimi ikincil etiket olarak eklenmelidir.","Eğitim, Eğitim Araştırmaları, Sağlık Politikaları ve Hizmetleri",Tıbbi Etik,Sağlık Bilimleri ve Hizmetleri,KRİTİK (Farklı Ana Disiplin),0.4732930282628468,0.4949747828149526,-1,0.3,"Sosyal > Sosyal > Eğitim, Eğitim Araştırmaları | Sosyal > Sosyal > Sağlık Politikaları ve Hizmetleri",Fen > Tıp > Tıbbi Etik,0.1987123787403106,0.7,0,1
1404126,Predictive Value of Panoramic Referral Signs for Inferior Alveolar Canal Contact in Impacted Mandibular Third Molars,FP-1,"Gömülü alt üçüncü molar (20'lik) dişlerin mandibular kanal (inferior alveolar sinir kanalı) ile temasının panoramik radyografi bulguları ve KIBT (CBCT) görüntülemeleri üzerinden retrospektif olarak incelendiği doğrudan bir ağız, diş ve çene radyolojisi / diş hekimliği araştırmasıdır; çalışmada kulak burun boğaz hastalıkları bulunmayıp modelin 'Kulak, Burun, Boğaz' önerisi baş-boyun/çene anatomisinden kaynaklanan bir model yanılgısıdır (FP-1). Mevcut 'Diş Hekimliği' etiketi eksiksiz ve doğrudur.",Diş Hekimliği,"Kulak, Burun, Boğaz",Diş Hekimliği,YÜKSEK (Farklı Alt Alan),0.4721725150668581,0.6955713861083822,-1,0.4,Fen > Diş Hekimliği > Diş Hekimliği,"Fen > Tıp > Kulak, Burun, Boğaz",0.1665133386850357,0.6,1,1
1433876,Düşük Doz Gama Radyasyon Priming Uygulamasının Gazalboynuzu (Lotus Corniculatus L.) Üzerine Etkisi,FP-1,"Gazalboynuzu (Lotus corniculatus L.) tohumlarında gama radyasyonu priming uygulamasının çimlenme, morfo-fizyolojik gelişim, antioksidan enzim aktiviteleri (CAT, SOD, APX) ve klorofil içeriği üzerindeki etkilerinin incelendiği doğrudan bir bitki fizyolojisi, tohum bilimi ve ziraat araştırmasıdır; çalışmada klinik tıp, insan sağlığı, hasta radyoterapisi veya tıbbi görüntüleme kesinlikle bulunmayıp modelin 'Radyoloji, Nükleer Tıp, Tıbbi Görüntüleme' önerisi tohum ışınlamasında geçen 'gama radyasyon' teriminden kaynaklanan bariz bir kelime tuzağı ve model yanılgısıdır (FP-1). Mevcut 'Bitki Bilimleri' etiketi eksiksiz ve tamdır.",Bitki Bilimleri,"Radyoloji, Nükleer Tıp, Tıbbi Görüntüleme",Fizik,YÜKSEK (Farklı Alt Alan),0.471877939883524,0.4486898667957535,26,0.5,Fen > Ziraat > Bitki Bilimleri,"Fen > Tıp > Radyoloji, Nükleer Tıp, Tıbbi Görüntüleme",0.1134442090988159,0.8,1,1
1382585,"ANALYSIS OF LIQUEFACTION POTENTIAL OF SOILS BY OBJECT ORIENTED COMPUTER SOFTWARE: 6TH OF FEBRUARY, 2023 KAHRAMANMARAŞ EARTHQUAKE CASE",FP-1,"6 Şubat 2023 Kahramanmaraş depremleri bağlamında zemin sıvılaşma potansiyelinin TBDY-2018 ve Standart Penetrasyon Testi (SPT) verileri doğrultusunda MATLAB nesne yönelimli yazılımla hesaplandığı doğrudan bir inşaat mühendisliği (geoteknik/zemin mekaniği/deprem) ve yazılım mühendisliği araştırmasıdır; çalışmada tarımsal ziraat veya toprak verimliliği bulunmayıp modelin 'Ziraat, Toprak Bilimi' önerisi geoteknik 'soil/zemin' teriminin tarımsal toprakla karıştırılmasından kaynaklanan bariz bir kelime tuzağı ve model yanılgısıdır (FP-1).","Bilgisayar Bilimleri, Yazılım Mühendisliği, Çevre Mühendisliği","Ziraat, Toprak Bilimi",Mühendislik,YÜKSEK (Farklı Alt Alan),0.4712970918595593,0.2846597016572161,186,0.4,"Fen > Mühendislik > Bilgisayar Bilimleri, Yazılım Mühendisliği | Fen > Mühendislik > Çevre Mühendisliği","Fen > Ziraat > Ziraat, Toprak Bilimi",0.1146633327007293,0.9,1,1
1246527,İyonküredeki Ordinari Dalganın Grup ve Faz Hızı; Tam Çözüm ve Sayısal Analizler,TP-1,"İyonosfer plazmasında (E ve F katmanları) elektromanyetik ordinari dalgaların faz ve grup hızlarının tam analitik çözümü, sayısal analizi ve mevsimsel/günlük değişimlerinin incelendiği doğrudan bir üst atmosfer fiziği, iyonosfer fiziği ve uzay havası araştırmasıdır; çalışmada çekirdek fiziği veya radyoaktivite bulunmayıp mevcut 'Fizik, Nükleer' etiketi hatalıdır. Modelin önerdiği 'Meteoroloji ve Atmosferik Bilimler' (üst atmosfer fiziği) alanı çalışmanın asıl disiplini olup kategori düzeltilerek bu alana aktarılmalı/zenginleştirilmelidir (TP-1 / TP-2).","Fizik, Nükleer",Meteoroloji ve Atmosferik Bilimler,Fizik,YÜKSEK (Farklı Alt Alan),0.4709778478482493,0.9522373162663492,-1,0.4,"Fen > Temel Bilimler > Fizik, Nükleer",Fen > Mühendislik > Meteoroloji ve Atmosferik Bilimler,0.0940529108047485,0.5,1,1
1400629,İYİLEŞTİRİLMİŞ BİR MESAFE YAKLAŞIMI KULLANILARAK DOĞRUSAL DİPOL DİZİ ANTENLERİN SAYISAL ANALİZİ,FP-1,"Doğrusal dipol dizi antenlerin uzak alan sınırına yakın bölgelerdeki analiz doğruluğunu artırmak amacıyla geliştirilen alternatif mesafe yaklaşımının ve elektromanyetik alan hesaplamalarının incelendiği doğrudan bir elektrik-elektronik mühendisliği ve telekomünikasyon araştırmasıdır; çalışmada olasılık kuramı veya istatistiksel modeller bulunmayıp modelin 'İstatistik ve Olasılık' önerisi özet metnindeki 'sayısal analiz' ifadesinden kaynaklanan bir model yanılgısıdır (FP-1). Mevcut 'Mühendislik, Elektrik ve Elektronik, Telekomünikasyon' kategorisi eksiksiz ve doğrudur.","Mühendislik, Elektrik ve Elektronik, Telekomünikasyon",İstatistik ve Olasılık,Bilgisayar Bilimleri,YÜKSEK (Farklı Alt Alan),0.4709127310783647,0.924280579436216,-1,0.4,"Fen > Mühendislik > Mühendislik, Elektrik ve Elektronik | Fen > Mühendislik > Telekomünikasyon",Fen > Temel Bilimler > İstatistik ve Olasılık,0.1138359606266021,0.5,1,1
1361742,Ceviz matriksinde Gaz Kromotografisi – Kütle Spektrometresi (GC-MS/MS) İle Etilen Oksit Kalıntılarının Tespiti İçin Metot Optimizasyonu,TP-2,"Ceviz gıda matriksinde etilen oksit ve 2-kloroetanol fumigasyon/pestisit kalıntılarının QuEChERS ekstraksiyonu ve GC-MS/MS ile tayinine yönelik SANTE yönergelerine uygun metot optimizasyonu ve validasyonunun yapıldığı doğrudan bir analitik kimya ve gıda güvenliği/bilimi araştırmasıdır; mevcut kategorideki 'Matematik' etiketi sistemsel gürültüdür. Analitik Kimya omurgasının korunması gerekirken gıda matriksi, kalıntı ve gıda güvenliği boyutu için Gıda Bilimi ve Teknolojisi alanı ikincil etiket olarak eklenmelidir (TP-2 melez çalışma).","Kimya, Analitik, Matematik",Gıda Bilimi ve Teknolojisi,Gıda Bilimi ve Teknolojisi,YÜKSEK (Farklı Alt Alan),0.4682704835370419,0.9225895044148912,-1,0.5,"Fen > Temel Bilimler > Kimya, Analitik | Fen > Temel Bilimler > Matematik",Fen > Mühendislik > Gıda Bilimi ve Teknolojisi,0.1074945926666259,0.5,1,1
1379866,Bir Köpekte Postoperatif Pin Yolu Enfeksiyonunda Çoklu İlaç Dirençli Staphylococcus pseudintermedius'a Karşı Elektrolize Tuzlu Suyun Etkinliği: In Vitro ve Klinik Validasyon ile Desteklenen İn-Situ Araştırma,TP-2,"Köpekte ortopedik cerrahi sonrası gelişen çoklu ilaç dirençli Staphylococcus pseudintermedius pin yolu enfeksiyonunda elektrolize tuzlu suyun antimikrobiyal etkinliğinin in vitro ve klinik olarak incelendiği doğrudan bir veteriner klinik mikrobiyolojisi ve enfeksiyon araştırmasıdır; mevcut kategorideki 'Toksikoloji, Parazitoloji' etiketleri hatalı gürültüdür. Veterinerlik omurgasının korunması gerekirken bakteriyel patojen, antibiyotik direnci ve yara enfeksiyonu boyutu için modelin ve k-NN'in isabetle önerdiği Enfeksiyon Hastalıkları (Veteriner Mikrobiyoloji/Enfeksiyon) alanı ikincil etiket olarak eklenmelidir (TP-2 melez çalışma).","Toksikoloji, Parazitoloji, Veterinerlik",Enfeksiyon Hastalıkları,Enfeksiyon Hastalıkları,YÜKSEK (Farklı Alt Alan),0.468095772313102,0.6115384520968755,269,0.4,Fen > Eczacılık > Toksikoloji | Fen > Temel Bilimler > Parazitoloji | Fen > Veterinerlik > Veterinerlik,Fen > Tıp > Enfeksiyon Hastalıkları,0.100603312253952,0.7,1,1
1450356,Investigation of the Nutritional Content and Salt Presence of Chickpea Straw Used as an Alternative Roughage in Ruminant Feeding,FP-1,"Ruminant hayvan beslemede alternatif kaba yem olarak kullanılan nohut samanının besin madde kompozisyonu, lif fraksiyonları (NDF, ADF, ADL), rumen parçalanabilirlik düzeyleri ve metabolik enerji değerlerinin incelendiği doğrudan bir hayvan besleme, zootekni ve veterinerlik araştırmasıdır; çalışmada insan gıdası veya gıda işleme teknolojisi kesinlikle bulunmayıp modelin ve k-NN'in 'Gıda Bilimi ve Teknolojisi' önerisi nohut samanı ve besin içeriği terimlerinden kaynaklanan klasik bir yem/gıda kavram karmaşası ve model yanılgısıdır (FP-1). Mevcut 'Veterinerlik, Ziraat Mühendisliği' etiketleri kusursuz ve tamdır.","Veterinerlik, Ziraat Mühendisliği",Gıda Bilimi ve Teknolojisi,Gıda Bilimi ve Teknolojisi,YÜKSEK (Farklı Alt Alan),0.4673286598653114,0.6829748879792359,-1,0.4,Fen > Veterinerlik > Veterinerlik | Fen > Ziraat > Ziraat Mühendisliği,Fen > Mühendislik > Gıda Bilimi ve Teknolojisi,0.1616712510585785,0.6,1,1
1399053,Tedarik Zinciri Finansmanı Çözümlerinin Verim ve Teslimat Süresi Belirsizliği Altında Ürün Planlamasına Etkisi,TP-2,"Sermaye kısıtı altındaki üretim sistemlerinde tedarik zinciri finansmanı yöntemlerinin (APD, Banka Kredisi, Ters Faktoring, BPOF) stokastik optimizasyon ve DC programlama ile modellendiği doğrudan bir endüstri mühendisliği, yöneylem araştırması ve finansal iktisat çalışmasıdır; çalışmada tarım veya tarım politikası bulunmayıp modelin 'Tarımsal Ekonomi ve Politika' önerisi endüstriyel üretim terminolojisindeki 'verim (yield)' teriminden kaynaklanan klasik bir kelime tuzağı ve model yanılgısıdır (FP-1). Mevcut Endüstri Mühendisliği kategorisinin korunması gerekirken iktisadi/finansal analiz boyutu için k-NN'in isabetle önerdiği İktisat alanı ikincil etiket olarak eklenebilir (TP-2 melez çalışma).","Endüstri Mühendisliği, Mühendislik, Makine",Tarımsal Ekonomi ve Politika,İktisat,YÜKSEK (Farklı Alt Alan),0.467160467197988,0.6042000615219023,177,0.4,"Fen > Mühendislik > Endüstri Mühendisliği | Fen > Mühendislik > Mühendislik, Makine",Fen > Ziraat > Tarımsal Ekonomi ve Politika,0.1031727194786071,0.7,1,1
1453881,EFFECT OF NATURAL DEEP EUTECTIC SOLVENTS ON ANTIOXIDANT AND PHENOLIC PROFILES OF TURKISH COFFEE,FP-1,"Türk kahvesindeki fenolik bileşiklerin ve antioksidan kapasitesinin doğal derin ötektik çözücüler (NADES) ve ultrason destekli ekstraksiyon yöntemiyle belirlendiği doğrudan bir gıda kimyası, gıda analitiği ve gıda teknolojisi araştırmasıdır; çalışmada zehirlenme, sitotoksisite veya toksikolojik analiz bulunmayıp modelin 'Toksikoloji' önerisi tamamen temelsiz bir model yanılgısıdır (FP-1). Mevcut 'Gıda Bilimi ve Teknolojisi' etiketi kusursuz ve tamdır.",Gıda Bilimi ve Teknolojisi,Toksikoloji,Gıda Bilimi ve Teknolojisi,YÜKSEK (Farklı Alt Alan),0.4650178165974666,0.703812727428456,-1,0.4,Fen > Mühendislik > Gıda Bilimi ve Teknolojisi,Fen > Eczacılık > Toksikoloji,0.1401846706867218,0.6,1,1
1406778,Dijital hazırlık performans değerlendirmesi: Bütünleşik LOGSTA-AROMAN yaklaşımı uygulaması,TP-2,Veri tabanında sadece işletme etiketleri bulunmaktadır; işletmelerin endüstri 4.0 ve dijitalleşme hazırlık düzeyinin analizi Telekomünikasyon/Bilişim ile disiplinlerarasıdır.,"İşletme, İşletme Finans",Telekomünikasyon,Bilgisayar Bilimleri,KRİTİK (Farklı Ana Disiplin),0.4639653285104705,0.766439084513455,-1,0.4,Sosyal > Sosyal > İşletme | Sosyal > Sosyal > İşletme Finans,Fen > Mühendislik > Telekomünikasyon,0.0924444496631622,0.6,0,1
1451275,Unveiling the diversity within Salvia caespitosa sensu lato (Lamiaceae): threeUnveiling the diversity within Salvia caespitosa sensu lato (Lamiaceae): three new “hidden” endemic species from Türkiyenew “hidden” endemic species from Türkiye,TP-2,"Türkiye florasındaki Salvia (adaçayı) cinsine ait Salvia caespitosa kompleksinin morfolojik, mikromorfolojik ve moleküler filogenetik verilerle revize edilerek 3 yeni endemik türün tanımlandığı, teşhis anahtarı ve IUCN Kırmızı Liste tehlike kategorilerinin belirlendiği doğrudan bir botanik taksonomisi, bitki sistematiği ve biyoçeşitlilik araştırmasıdır; mevcut 'Bitki Bilimleri' (botanik) omurgasının korunması gerekirken endemik taksonların dokümantasyonu, biyoçeşitlilik ve IUCN koruma statüsü boyutu için modelin önerdiği Biyoloji Çeşitliliğinin Korunması alanı ikincil etiket olarak eklenmelidir (TP-2 melez çalışma).",Bitki Bilimleri,Biyoloji Çeşitliliğinin Korunması,Biyoloji,YÜKSEK (Farklı Alt Alan),0.4628468338035523,0.5568240107627628,-1,0.5,Fen > Ziraat > Bitki Bilimleri,Fen > Temel Bilimler > Biyoloji Çeşitliliğinin Korunması,0.1246880888938903,0.7,1,1
1389940,"Görele Çayı, Yalakoda Deresi ve Acısu Deresi Havzalarında Taşkın Duyarlılığının Morfometrik Yöntemlerle Değerlendirilmesi",TP-2,"Veri tabanında ""Coğrafya, Çevre"" etiketleri bulunmaktadır; dere havzalarında taşkın duyarlılığının morfometri ve CBS ile analizi Mühendislik/Jeoloji ve Hidroloji kesişimidir.","Coğrafya, Çevre Çalışmaları","Mühendislik, Jeoloji",Meteoroloji ve Atmosferik Bilimler,KRİTİK (Farklı Ana Disiplin),0.4623564143081935,0.8538206712803968,-1,0.3,Sosyal > Sosyal > Coğrafya | Sosyal > Sosyal > Çevre Çalışmaları,"Fen > Mühendislik > Mühendislik, Jeoloji",0.1397178471088409,0.5,0,1
1322426,Coğrafi Özelliklerin Yaşlı Bireylerin Gündelik Yaşamları Üzerine Etkileri,TP-2,"Giresun ilindeki coğrafi özelliklerin (topoğrafik eğim, ulaşım, kırsal/kentsel yaşam) 65-89 yaş grubu yaşlı bireylerin mekân tercihleri, gündelik yaşam aktiviteleri ve yerinde yaşlanma süreçleri üzerindeki etkilerinin fenomenolojik yöntemle incelendiği doğrudan bir beşeri/sosyal coğrafya ve sosyal gerontoloji araştırmasıdır; mevcut kategoride yer alan 'Optik' ve 'Eğitim, Eğitim Araştırmaları' etiketleri sistemsel çöp veridir. Coğrafya omurgasının korunması gerekirken yaşlılık çalışmaları ve gerontolojik bağlam için modelin ve k-NN'in isabetle önerdiği Geriatri ve Gerontoloji alanı ikincil etiket olarak eklenmelidir (TP-2 melez çalışma).","Optik, Coğrafya, Eğitim, Eğitim Araştırmaları",Geriatri ve Gerontoloji,Geriatri ve Gerontoloji,YÜKSEK (Farklı Alt Alan),0.461882883310318,0.0,40,0.5,"Fen > Temel Bilimler > Optik | Sosyal > Sosyal > Coğrafya | Sosyal > Sosyal > Eğitim, Eğitim Araştırmaları",Fen > Tıp > Geriatri ve Gerontoloji,0.1768082380294799,1.0,1,1
1398625,ENSTRÜMAN YAPIMINDA YENİLİKÇİ ÇÖZÜMLER: KAFASIZ KONTRBAS TASARIMI VE AKORT SİSTEMİ,TP-2,"Spektral analiz, empedans ve frekans tabanlı akustik mühendisliği ve enstrüman yapım çalışması.","Müzik, Sanat",Akustik,Akustik,KRİTİK (Farklı Ana Disiplin),0.461853255033493,0.0,35,0.4,Sosyal > Sosyal > Müzik | Sosyal > Sosyal > Sanat,Fen > Temel Bilimler > Akustik,0.4052950143814087,0.8,0,1
1220041,Model Kompanzasyonlu Birinci Derece İstatistikleri ile i-vektörlerin Gürbüzlüğünün Artırılması,TP-1,"Konuşmacı tanıma sistemlerinde i-vektör çıkarımı, paralel model kompanzasyonu ve sinyal gürültü oranı (SNR) testleriyle ses ve örüntü tanıma performansının artırılmasını konu alan doğrudan bir yapay zeka, ses işleme ve bilgisayar bilimleri araştırmasıdır; çalışmada zooloji veya ornitoloji bulunmayıp mevcut 'Kuş Bilimi' etiketi tamamen sistemsel bir sınıflandırma hatasıdır. Modelin önerdiği 'Bilgisayar Bilimleri, Yapay Zeka' kategorisi doğru olup makale bu alana aktarılmalıdır (TP-1 kategori değişimi).",Kuş Bilimi,"Bilgisayar Bilimleri, Yapay Zeka",Bilgisayar Bilimleri,YÜKSEK (Farklı Alt Alan),0.4608681581914425,0.0,32,0.7,Fen > Temel Bilimler > Kuş Bilimi,"Fen > Mühendislik > Bilgisayar Bilimleri, Yapay Zeka",0.1739090234041214,1.0,1,1
1395578,Tüketicilerin Su Tasarruflu Ürün Satın Alma Niyetlerinin ve Su Tüketim Davranışlarının Öncüllerinin İncelenmesi,TP-2,"Veri tabanında ""Çevre, İşletme"" etiketleri verilmiştir; kentsel su tasarrufu tüketim davranışı ve sürdürülebilir su yönetimi Su Kaynakları ikincil alanı ile tamamlanmalıdır.","Çevre Çalışmaları, İşletme",Su Kaynakları,Su Kaynakları,KRİTİK (Farklı Ana Disiplin),0.4600453078746795,0.0,259,0.4,Sosyal > Sosyal > Çevre Çalışmaları | Sosyal > Sosyal > İşletme,Fen > Temel Bilimler > Su Kaynakları,0.1715580224990844,1.0,0,1
1227381,NEMATİK SIVI KRİSTALE V2O5 NANOPARÇACIK KATKILANDIRILMASI İLE DİELEKTRİK DAVRANIŞININ İNCELENMESİ,TP-2,"Nematik sıvı kristale (E7) vanadyum pentaoksit (V2O5) nanoparçacık katkılanarak hazırlanan nanokompozit numunelerin frekansa ve voltaja bağlı dielektrik relaksasyon davranışlarının, Cole-Cole analizlerinin ve empedans spektroskopisinin incelendiği doğrudan bir katı hal fiziği, fizikokimya ve nanoteknoloji araştırmasıdır; mevcut 'Fizik, Katı Hal, Fizik, Uygulamalı, Fizikokimya' etiketlerinin korunması gerekirken nanoparçacık katkılama ve nanomalzeme karakterizasyonu boyutu için Nanobilim ve Nanoteknoloji alanı ikincil etiket olarak eklenmelidir (TP-2 melez çalışma).","Fizik, Katı Hal, Fizik, Uygulamalı, Fizikokimya",Nanobilim ve Nanoteknoloji,Malzeme Bilimleri,YÜKSEK (Farklı Alt Alan),0.4600405480194247,0.3369302386952068,-1,0.4,"Fen > Temel Bilimler > Fizik, Katı Hal | Fen > Temel Bilimler > Fizik, Uygulamalı | Fen > Temel Bilimler > Fizikokimya",Fen > Mühendislik > Nanobilim ve Nanoteknoloji,0.1594513952732086,0.8,1,1
1348713,Maluliyet Olgularında İyileşme İçin Beklenen Sürenin Maluliyet Oranına Etkisi: Retrospektif Bir Çalışma,TP-2,"Veri tabanında yalnızca klinik ""Adli Tıp"" etiketi bulunmaktadır; maluliyet raporlarının hukuki tazminat ve ceza davalarındaki iyileşme süresi analizi Hukuk ve Ceza Bilimi ile disiplinlerarasıdır.",Adli Tıp,Kriminoloji ve Ceza Bilimi,Hukuk,KRİTİK (Farklı Ana Disiplin),0.4584118171631826,0.5600784167049458,-1,0.3,Fen > Tıp > Adli Tıp,Sosyal > Sosyal > Kriminoloji ve Ceza Bilimi,0.1096920371055603,0.7,0,1
1358746,TYGS ile Tüm Genom Analizi Azotobacter Türlerini Pseudomonas Kladina Ayrı Bir Grup Olarak Tayin Etmektedir,TP-2,"Azotobacter ve Pseudomonas cinsi toprak bakterilerinin 16S rDNA ve TYGS tabanlı tüm genom dizileme verileriyle filogenetik ilişkilerinin, klad yapısının ve taksonomik sınıflandırmasının incelendiği doğrudan bir mikrobiyoloji, bakteriyoloji ve moleküler filogeni araştırmasıdır; mevcut kategoride yer alan 'Mantık' etiketi sistemsel çöp veridir. Biyoloji omurgasının korunması gerekirken mikrobiyal taksonomi ve bakteriyoloji boyutu için modelin isabetle önerdiği Mikrobiyoloji alanı ikincil etiket olarak eklenmelidir (TP-2 melez çalışma).","Biyoloji, Mantık",Mikrobiyoloji,Biyoloji,YÜKSEK (Farklı Alt Alan),0.4576701501482374,0.8575945713017966,-1,0.4,Fen > Temel Bilimler > Biyoloji | Sosyal > Sosyal > Mantık,Fen > Tıp > Mikrobiyoloji,0.1236328780651092,0.5,1,1
1366992,Effect of Two Different Blueberry (Vaccinium Corymbosum L.) Juice Processing Methods on Polyphenolic and Anthocyanin Contents,TP-1,"Yaban mersini (Vaccinium corymbosum L.) meyve suyu üretiminde farklı işleme yöntemlerinin (presleme, maserasyon, enzim uygulaması, pastörizasyon) antosiyanin içeriği, polifenolik bileşenler, renk ve antioksidan kapasite üzerindeki etkilerinin incelendiği doğrudan bir gıda işleme teknolojisi, meyve suyu mühendisliği ve gıda kimyası araştırmasıdır; çalışmada toprak kimyası veya ziraat bulunmadığı gibi tropikal hastalıklar da kesinlikle bulunmamaktadır. Modelin 'Tropik Tıp' önerisi temelsiz bir model yanılgısıdır (FP-1); k-NN'in isabetle tespit ettiği 'Gıda Bilimi ve Teknolojisi' alanı çalışmanın asıl disiplini olup hatalı kategori bu alana aktarılmalıdır (TP-1 kategori değişimi).","Ziraat, Toprak Bilimi",Tropik Tıp,Gıda Bilimi ve Teknolojisi,YÜKSEK (Farklı Alt Alan),0.4576245404779911,0.0,279,0.4,"Fen > Ziraat > Ziraat, Toprak Bilimi",Fen > Tıp > Tropik Tıp,0.1646415442228317,1.0,1,1
520405,"High-resolution temperature and precipitation variability of southwest Anatolia since 1730
CE from Lake Gölcük sedimentary records",TP-2,"Gölcük krater gölü sediman karotlarının litolojik, mikro-XRF ve radyoizotop (210Pb, 137Cs) analizleriyle son 290 yıllık sıcaklık, yağış, kurak/nemli hidroiklimsel değişimlerin ve Kuzey Atlantik Salınımı (NAO) ile atmosferik sirkülasyon etkilerinin incelendiği doğrudan bir limnoloji, paleoklimatoloji ve atmosfer bilimleri araştırmasıdır; mevcut kategorideki 'Oşinografi' etiketi krater gölü için sistemsel hatadır. Limnoloji omurgasının korunması gerekirken hidroiklimsel kayıtlar, yağış/sıcaklık dinamikleri ve atmosferik sirkülasyon boyutu için modelin ve k-NN'in isabetle önerdiği Meteoroloji ve Atmosferik Bilimler alanı ikincil etiket olarak eklenmelidir (TP-2 melez çalışma).","Limnoloji, Oşinografi, Çevre Bilimleri",Meteoroloji ve Atmosferik Bilimler,Meteoroloji ve Atmosferik Bilimler,YÜKSEK (Farklı Alt Alan),0.4568266177246873,0.8736523366252205,-1,0.5,Fen > Temel Bilimler > Limnoloji | Fen > Temel Bilimler > Oşinografi | Fen > Temel Bilimler > Çevre Bilimleri,Fen > Mühendislik > Meteoroloji ve Atmosferik Bilimler,0.1097529530525207,0.5,1,1
1403826,Crenarchaeal 3HP/4HB Karbon Fiksasyon Döngüsünden AMP Oluşturan Sentetazların Yapısal ve Silico Analizi,FP-1,"Termoasidofilik Krenarkeota (Metallosphaera sedula, Sulfolobus tokodaii) arkelerindeki 3HP/4HB karbon fiksasyon döngüsünde görev alan AMP-oluşturan Açil-KoA sentetaz enzimlerinin heterolog ekspresyonu, saflaştırılması, katalitik mekanizması ve AlphaFold 3 in silico yapısal analizlerinin incelendiği doğrudan bir biyokimya, moleküler biyoloji, enzimoloji ve mikrobiyoloji araştırmasıdır; çalışmada endüstriyel/uygulamalı kimya süreçleri bulunmayıp modelin 'Kimya, Uygulamalı' önerisi biyokimyasal ara ürün isimlerinden kaynaklanan bir model yanılgısıdır (FP-1). Mevcut 'Biyokimya ve Moleküler Biyoloji, Mikrobiyoloji' etiketleri kusursuz ve eksiksizdir.","Biyokimya ve Moleküler Biyoloji, Mikrobiyoloji","Kimya, Uygulamalı",Kimya,YÜKSEK (Farklı Alt Alan),0.4549871078822201,0.346852681912257,-1,0.5,Fen > Tıp > Biyokimya ve Moleküler Biyoloji | Fen > Tıp > Mikrobiyoloji,"Fen > Temel Bilimler > Kimya, Uygulamalı",0.1379255354404449,0.8,1,1
1398703,"Impact of dietary sanguinarine supplementation on performance, immune response, meat quality and intestinal morphology in broilers challenged with lipopolysaccharide",FP-1,"Etlik piliçlerde (broiler) rasyona sanguinarin ilavesinin büyüme performansı, antioksidan parametreler, immünoglobulin düzeyleri, bağırsak morfolojisi (villus/kript) ve et kalitesi üzerindeki etkilerinin incelendiği doğrudan bir kanatlı hayvan besleme, zootekni ve veterinerlik araştırmasıdır; çalışmada insan sağlığı veya klinik gastroenteroloji bulunmayıp modelin 'Gastroenteroloji ve Hepatoloji' önerisi bağırsak histolojisi ve biyokimyasal parametrelerden kaynaklanan klasik bir model yanılgısıdır (FP-1). Mevcut 'Veterinerlik' etiketi eksiksiz ve tamdır.",Veterinerlik,Gastroenteroloji ve Hepatoloji,Gıda Bilimi ve Teknolojisi,YÜKSEK (Farklı Alt Alan),0.4541312079098473,0.7026027089224858,-1,0.4,Fen > Veterinerlik > Veterinerlik,Fen > Tıp > Gastroenteroloji ve Hepatoloji,0.1099443733692169,0.6,1,1
1371111,"Diyarbakır, Mardin ve Elazığ İlleri üzüm bağlarında Planococcus ficus (Signoret)'un (Hemiptera: Pseudococcidae) doğal düşmanları",FP-1,"Üzüm bağlarında zararlı olan Planococcus ficus (unlu bit) popülasyonları ile bu zararlının doğal düşmanı olan parazitoit ve predatör böcek türlerinin (Hymenoptera, Coccinellidae vb.) belirlendiği doğrudan bir tarımsal entomoloji ve biyolojik mücadele araştırmasıdır; çalışmada insan enfeksiyonları, klinik tıp veya bulaşıcı hastalıklar bulunmayıp modelin 'Enfeksiyon Hastalıkları' önerisi böcek biyolojisindeki 'parazitoit' teriminden kaynaklanan bariz bir kelime tuzağı ve model yanılgısıdır (FP-1). Mevcut 'Entomoloji' kategorisi eksiksiz ve tamdır.",Entomoloji,Enfeksiyon Hastalıkları,Entomoloji,YÜKSEK (Farklı Alt Alan),0.4540005753385877,0.8632480541657828,-1,0.4,Fen > Temel Bilimler > Entomoloji,Fen > Tıp > Enfeksiyon Hastalıkları,0.1091101765632629,0.5,1,1
1395268,Kulplu Emzikli Seramik Kapların Tarihsel Gelişimi ve Etimolojisi,TP-2,Veri tabanında Arkeoloji ve Tarih etiketleri verilmiş olup pişmiş toprak ve hammadde özellikleri eksik bırakılmıştır; seramik kapların üretim teknolojisi ve fırınlama süreci incelendiğinden Malzeme Bilimleri/Seramik ikincil etiket olarak eklenmelidir.,"Arkeoloji, Dil ve Dil Bilim, Tarih","Malzeme Bilimleri, Seramik",Malzeme Bilimleri,KRİTİK (Farklı Ana Disiplin),0.4538787434467554,0.7172870937859533,-1,0.3,Sosyal > Sosyal > Arkeoloji | Sosyal > Sosyal > Dil ve Dil Bilim | Sosyal > Sosyal > Tarih,"Fen > Mühendislik > Malzeme Bilimleri, Seramik",0.0987342000007629,0.6,0,1
1293190,Corpus Stylistic Analysis of Plague in Orhan Pamuk’s Nights of Plague and Daniel Defoe’s A Journal of the Plague Year,FP-1,"Orhan Pamuk'un 'Veba Geceleri' ile Daniel Defoe'nun 'Veba Yılı Günlüğü' romanlarının Sketch Engine aracıyla derlem üslupbilimi (corpus stylistics) ve anahtar sözcük analizi yöntemleriyle karşılaştırıldığı doğrudan bir edebiyat, edebi teori ve metin dilbilimi araştırmasıdır; mevcut kategorideki 'Görüntüleme Bilimi ve Fotoğraf Teknolojisi' etiketi sistemsel çöp veridir. Çalışmada işitme bozuklukları veya konuşma terapisi bulunmayıp modelin 'Odyoloji ve Konuşma-Dil Patolojisi' önerisi leksikal dil analizi ve 'hastalık/veba' temalarından kaynaklanan bariz bir medikal kelime tuzağı ve model yanılgısıdır (FP-1). Mevcut 'Edebiyat' omurgası doğrudur.","Görüntüleme Bilimi ve Fotoğraf Teknolojisi, Edebiyat",Odyoloji ve Konuşma-Dil Patolojisi,Edebi Teori ve Eleştiri,YÜKSEK (Farklı Alt Alan),0.453495659911181,0.7035016838055671,-1,0.5,Fen > Mühendislik > Görüntüleme Bilimi ve Fotoğraf Teknolojisi | Sosyal > Sosyal > Edebiyat,Fen > Tıp > Odyoloji ve Konuşma-Dil Patolojisi,0.1074863970279693,0.6,1,1
1451288,Farklı karbonhidratlarla sodyum kazeinat konjugatlarının  yapısal karakterizasyonu,TP-2,Sodyum kazeinat ve karbonhidratların Maillard reaksiyonu ve NMR/FTIR yapısal analizidir; Gıda Bilimi etiketini kovalent bağ/glikasyon mekanizması boyutuyla Organik Kimya alanıyla tamamlamıştır.,Gıda Bilimi ve Teknolojisi,"Kimya, Organik",Kimya,YÜKSEK (Farklı Alt Alan),0.4511327207088471,0.0,230,0.8,Fen > Mühendislik > Gıda Bilimi ve Teknolojisi,"Fen > Temel Bilimler > Kimya, Organik",0.146093487739563,1.0,1,1
1370285,Genomun Çekirdek İçerisindeki 3 Boyutlu Yapısının Çekirdek Morfolojisine ve Kromatin Dağılımına Etkisinin Hesaplamalı ve Kuramsal Yöntemlerle Analizi,TP-2,3B genom katlanması ve kromatin dağılımının biyofiziksel simülasyonudur; Biyofizik/Hücre Biyolojisi etiketlerini Genetik/Epigenetik boyutuyla tamamlayan melez çalışmadır.,"Biyofizik, Biyokimya ve Moleküler Biyoloji, Hücre Biyolojisi",Genetik ve Kalıtım,Genetik ve Kalıtım,YÜKSEK (Farklı Alt Alan),0.4495873119026983,0.8233122808101037,-1,0.4,Fen > Tıp > Biyofizik | Fen > Tıp > Biyokimya ve Moleküler Biyoloji | Fen > Tıp > Hücre Biyolojisi,Fen > Temel Bilimler > Genetik ve Kalıtım,0.1250264048576355,0.5,1,1
1269767,Investigation of Thickness Effect on Structural and Magnetic Properties of Ni Thin Films for Some Applications,TP-2,"MgO(100) altlıklar üzerinde moleküler demet epitaksisi (MBE) ile büyütülen Nikel (Ni) ince filmlerin kalınlığa bağlı kristal yapısının (XRD/XRR) ve manyetik özelliklerinin (ferromanyetik rezonans - FMR, manyetik anizotropi) incelendiği doğrudan bir katı hal fiziği, ince film ve nanoteknoloji araştırmasıdır; mevcut 'Fizik, Katı Hal, Fizik, Uygulamalı' etiketlerinin korunması gerekirken epitaksiyel ince film büyümesi ve manyetik nano-yapılar boyutu için modelin önerdiği Nanobilim ve Nanoteknoloji alanı ikincil etiket olarak eklenmelidir (TP-2 melez çalışma).","Fizik, Katı Hal, Fizik, Uygulamalı",Nanobilim ve Nanoteknoloji,Malzeme Bilimleri,YÜKSEK (Farklı Alt Alan),0.4491065697743108,0.362080540209456,226,0.7,"Fen > Temel Bilimler > Fizik, Katı Hal | Fen > Temel Bilimler > Fizik, Uygulamalı",Fen > Mühendislik > Nanobilim ve Nanoteknoloji,0.1102469563484191,0.8,1,1
1403534,YAPAY ZEKÂ DESTEKLİ TIBBİ CİHAZLARDAN DOĞAN ZARARDAN DE LEGE FERENDA SORUMLULUK,FP-1,"Yapay zekâ destekli tıbbi cihazların sebep olduğu zararlardan doğan hukuki sorumluluğun (de lege ferenda) analizidir; ""yapay zekâ/cihaz"" kelimeleri modeli teknik Bilgisayar Bilimlerine yanıltmıştır. Mevcut Hukuk etiketi doğrudur.",Hukuk,"Bilgisayar Bilimleri, Yapay Zeka",Bilgisayar Bilimleri,KRİTİK (Farklı Ana Disiplin),0.4479398579340327,0.0223506168290566,147,0.8,Sosyal > Sosyal > Hukuk,"Fen > Mühendislik > Bilgisayar Bilimleri, Yapay Zeka",0.3495777249336242,0.8,0,1
1391986,Üstün Yetenekli Bireylerde Benlik Saygısı Araştırmaları Üzerine Bibliyometrik Bir Analiz (1981-2025),TP-2,Üstün yeteneklilerin benlik saygısı literatürünün Web of Science üzerinden bibliyometrik ve atıf analizidir; Eğitim etiketlerini scientometrics/bibliyometri boyutuyla Bilgi Bilimi ve İstatistik alanlarıyla tamamlamıştır.,"Eğitim, Eğitim Araştırmaları, Eğitim, Özel",İstatistik ve Olasılık,Bilgi,KRİTİK (Farklı Ana Disiplin),0.4474083020469652,0.5159690186107583,203,0.5,"Sosyal > Sosyal > Eğitim, Eğitim Araştırmaları | Sosyal > Sosyal > Eğitim, Özel",Fen > Temel Bilimler > İstatistik ve Olasılık,0.1097601354122161,0.7,0,1
1428870,"Crystallization Behavior of High Oleic Sunflower Oil, Palm Super Olein, and Refined Pomace Oil Determined by DSC Cooling Thermograms",FP-1,"Yemeklik bitkisel yağların (yüksek oleikli ayçiçek yağı, palm süper olein, rafine prina yağı) DSC soğuma termogramları, kristalizasyon entalpileri ve faz geçiş sıcaklıkları kullanılarak karakterizasyonu ve gıda saflık/özgünlük (tağşiş) analizlerinin incelendiği doğrudan bir gıda kimyası, gıda analitiği ve yağ teknolojisi araştırmasıdır; çalışmada teorik/temel termodinamik fizik kuramları bulunmayıp modelin 'Termodinamik' önerisi DSC ve entalpi analitik yöntem terimlerinden kaynaklanan bir model yanılgısıdır (FP-1). Mevcut 'Gıda Bilimi ve Teknolojisi' etiketi kusursuz ve tamdır.",Gıda Bilimi ve Teknolojisi,Termodinamik,Gıda Bilimi ve Teknolojisi,YÜKSEK (Farklı Alt Alan),0.4464308000818749,0.6979142003122412,-1,0.4,Fen > Mühendislik > Gıda Bilimi ve Teknolojisi,Fen > Temel Bilimler > Termodinamik,0.0912921428680419,0.6,1,1
1404480,CAD/CAM Blokların Simantasyonundan Önce Kavite Dezenfektanı Kullanımının Makaslama Bağlanma Dayanımı Üzerindeki Etkisinin İncelenmesi,FP-1,"Farklı CAD/CAM restoratif bloklarının (Celtra Duo, Vita Enamic, Tetric CAD) rezin simanlar (Variolink DC/LC) ile dentine simantasyonunda klorheksidin kavite dezenfektanının makaslama bağlanma dayanımı ve kırılma paternleri üzerindeki etkisinin incelendiği doğrudan bir protetik/restoratif diş hekimliği araştırmasıdır; çalışmada polimer sentezi veya polimer mühendisliği bulunmayıp modelin 'Polimer Bilimi' önerisi dental rezin siman materyalinden kaynaklanan bir model yanılgısıdır (FP-1). Mevcut 'Diş Hekimliği' etiketi eksiksiz ve tamdır.",Diş Hekimliği,Polimer Bilimi,Diş Hekimliği,YÜKSEK (Farklı Alt Alan),0.4450276392785863,0.796918697392208,-1,0.5,Fen > Diş Hekimliği > Diş Hekimliği,Fen > Mühendislik > Polimer Bilimi,0.1308513283729553,0.5,1,1
1404881,YAPAY ZEKÂ DESTEKLİ ARAPÇA–TÜRKÇE ÇEVİRİLERDE ETİK SORUNLAR: KÜLTÜREL VE BAĞLAMSAL BOYUTLARIN KARŞILAŞTIRMALI ANALİZİ,TP-2,"Veri tabanında yalnızca ""Dil Bilim, Etik"" etiketleri yer almaktadır; makine çevirisi, nöral modeller ve algoritmik çeviri araçlarının analizi Bilgisayar Bilimleri/Yapay Zeka ile disiplinlerarasıdır.","Dil ve Dil Bilim, Etik","Bilgisayar Bilimleri, Yapay Zeka",Bilgisayar Bilimleri,KRİTİK (Farklı Ana Disiplin),0.4444662155497745,0.2949412841751874,147,0.8,Sosyal > Sosyal > Dil ve Dil Bilim | Sosyal > Sosyal > Etik,"Fen > Mühendislik > Bilgisayar Bilimleri, Yapay Zeka",0.1449454128742218,0.8,0,1
1406207,Yapay Zekâ Tarafından Üretilen İçeriklerin Türk Telif Hukuku Bakımından Değerlendirilmesi,FP-1,"Yapay zekâ tarafından üretilen eserlerin FSEK kapsamında telif ve eser sahipliği boyutunun hukuki analizidir; ""yapay zekâ"" ifadesi modeli teknik Bilgisayar Bilimlerine yanıltmıştır. Mevcut Hukuk etiketi doğrudur.",Hukuk,"Bilgisayar Bilimleri, Yapay Zeka",Bilgisayar Bilimleri,KRİTİK (Farklı Ana Disiplin),0.4432671887713229,0.3121340815375465,147,0.6,Sosyal > Sosyal > Hukuk,"Fen > Mühendislik > Bilgisayar Bilimleri, Yapay Zeka",0.1292390525341034,0.8,0,1
1390843,Evaluation of reaction time: A pilot study on the concurrent validity of the Smart Speed® device,FP-1,"Reaksiyon süresi ve motor performansın ölçümünde Smart Speed® ve BlazePod™ cihazlarının Nelson Ayak Reaksiyon Testi ve denge testleriyle (mSBT, OLBT) eşzamanlı geçerliliğinin incelendiği doğrudan bir spor bilimleri, biyomekanik ve fizyoterapi/rehabilitasyon araştırmasıdır; çalışmada mekanik/fiziksel malzeme testi bulunmayıp modelin 'Malzeme Bilimleri, Özellik ve Test' önerisi cihaz ve test anahtar kelimelerinden kaynaklanan bir model yanılgısıdır (FP-1). Mevcut 'Rehabilitasyon, Spor Bilimleri' etiketleri kusursuz ve tamdır.","Rehabilitasyon, Spor Bilimleri","Malzeme Bilimleri, Özellik ve Test",Bilgisayar Bilimleri,YÜKSEK (Farklı Alt Alan),0.44281425173791,0.1286901835883361,200,0.4,Fen > Tıp > Rehabilitasyon | Fen > Tıp > Spor Bilimleri,"Fen > Mühendislik > Malzeme Bilimleri, Özellik ve Test",0.1446905881166458,0.9,1,1
1385530,YAPAY ZEKÂ VE DİN İLİŞKİSİNDE DİJİTAL TEBLİĞCİLİK:  KÜBRA (NETFLİX DİZİSİ) ÖRNEĞİ,FP-1,"Netflix yapımı 'Kübra' dizisi üzerinden yapay zeka olgusunun din, dijital tebliğcilik, dini otorite, kutsallık algısı ve inanç dönüşümü bağlamında nitel içerik analiziyle incelendiği doğrudan bir din sosyolojisi, felsefe, etik ve iletişim araştırmasıdır; mevcut kategorideki 'Gastroenteroloji ve Hepatoloji' etiketi sistemsel çöp veridir. Çalışmada teknik yapay zeka algoritması veya bilgisayar mühendisliği geliştirme bulunmayıp modelin ve k-NN'in 'Bilgisayar Bilimleri, Yapay Zeka' önerisi başlıktaki ve metindeki 'yapay zeka' temasından kaynaklanan klasik bir konu-disiplin karmaşası ve model yanılgısıdır (FP-1). Mevcut ilahiyat/sosyal bilimler (Din Bilimi, Felsefe, Etik) omurgası korunmalıdır.","Gastroenteroloji ve Hepatoloji, Dil ve Dil Bilim, Din Bilimi, Etik, Felsefe","Bilgisayar Bilimleri, Yapay Zeka",Bilgisayar Bilimleri,YÜKSEK (Farklı Alt Alan),0.4423491151285109,0.1258822254943596,147,0.9,Fen > Tıp > Gastroenteroloji ve Hepatoloji | Sosyal > Sosyal > Dil ve Dil Bilim | Sosyal > Sosyal > Din Bilimi | Sosyal > Sosyal > Etik | Sosyal > Sosyal > Felsefe,"Fen > Mühendislik > Bilgisayar Bilimleri, Yapay Zeka",0.3739387392997741,0.7,1,1
1133670,Secondary Medical School Students’ Perceptions  on Nursing in Kosovo,TP-1,"Veri tabanındaki ""Toksikoloji, Tropik Tıp, Mikrobiyoloji"" etiketleri dergi genellemesi kaynaklı bariz veri hatasıdır; Kosova'daki sağlık lisesi öğrencilerinin hemşirelik mesleği algısı incelendiğinden doğrudan Hemşirelik alanına aittir.","Toksikoloji, Halk ve Çevre Sağlığı, Mikrobiyoloji, Tropik Tıp",Hemşirelik,Hemşirelik,KRİTİK (Farklı Ana Disiplin),0.4420837089419365,0.0,106,0.6,Fen > Eczacılık > Toksikoloji | Fen > Tıp > Halk ve Çevre Sağlığı | Fen > Tıp > Mikrobiyoloji | Fen > Tıp > Tropik Tıp,Sosyal > Sosyal > Hemşirelik,0.1202391684055328,1.0,0,1
1388570,Çankırı Karatekin Üniversitesi Uluyazı Kampüsü Karayosunu Florası (Çankırı-Türkiye),FP-1,"Çankırı Karatekin Üniversitesi kampüsündeki karayosunlarının (Bryophyta / briyofitler) taksonomik teşhisi, floristik çeşitliliği ve yeni kayıtlarının (Tortula bolanderi) belirlendiği doğrudan bir temel botanik, briyoloji ve biyolojik taksonomi araştırmasıdır; çalışmada meyve, sebze, bağcılık veya süs bitkileri yetiştiriciliği bulunmayıp modelin 'Bahçe Bitkileri' önerisi bitki ve kampüs florası kavramlarından kaynaklanan klasik bir model yanılgısıdır (FP-1). Mevcut 'Biyoloji' (veya Bitki Bilimleri/Botanik) omurgası kusursuz ve tamdır.",Biyoloji,Bahçe Bitkileri,Biyoloji,YÜKSEK (Farklı Alt Alan),0.4419414255632644,0.7036220982129119,-1,0.5,Fen > Temel Bilimler > Biyoloji,Fen > Ziraat > Bahçe Bitkileri,0.1886740028858184,0.5,1,1
1385838,Kastamonu İhsangazi İlçesi Haraçoğlu Külliyesi ve Haziresindeki Mezar Taşları,FP-1,Mezar taşları tipolojisi ve sanat tarihi çalışmasıdır; mevcut etiketler doğrudur (Deniz önerisi hub hatasıdır).,"Arkeoloji, Din Bilimi, Sanat","Mühendislik, Deniz",Mimarlık,KRİTİK (Farklı Ana Disiplin),0.44164233927145,0.7787694980388641,-1,0.4,Sosyal > Sosyal > Arkeoloji | Sosyal > Sosyal > Din Bilimi | Sosyal > Sosyal > Sanat,"Fen > Mühendislik > Mühendislik, Deniz",0.1341427564620971,0.5,0,1
1366993,Investigation of Aroma and Chemical Properties of Matured Kashar Cheese Produced without Using Starter Culture,TP-1,"Starter kültürsüz geleneksel yöntemle üretilen olgunlaştırılmış kaşar peynirlerinin uçucu aroma bileşenleri, yağ asidi profili, olgunlaşma biyokimyası ve tekstür özelliklerinin incelendiği doğrudan bir süt teknolojisi, peynir kimyası ve gıda mühendisliği araştırmasıdır; çalışmada tarımsal toprak bilimi veya pedoloji bulunmayıp mevcut 'Ziraat, Toprak Bilimi' etiketi tamamen sistemsel bir atama hatasıdır. Modelin ve k-NN yerel uzlaşısının (%90) isabetle belirlediği 'Gıda Bilimi ve Teknolojisi' kategorisi çalışmanın gerçek disiplini olup makale bu alana aktarılmalıdır (TP-1 kategori değişimi).","Ziraat, Toprak Bilimi",Gıda Bilimi ve Teknolojisi,Gıda Bilimi ve Teknolojisi,YÜKSEK (Farklı Alt Alan),0.4415456771850586,0.0,263,0.9,"Fen > Ziraat > Ziraat, Toprak Bilimi",Fen > Mühendislik > Gıda Bilimi ve Teknolojisi,0.1187019348144531,1.0,1,1
1309794,Azerbaycan Gence Kazak Bölgesi Ballarının Melissopalinolojik Olarak Değerlendirmesi,FP-1,"Azerbaycan Gence Kazak Bölgesi ballarında ışık mikroskobu ile melissopalinolojik polen analizi yapılarak arı florası biyoçeşitliliğinin, baskın bitki familyalarının (Fabaceae, Asteraceae, Lamiaceae vb.) ve balların botanik kökenlerinin incelendiği doğrudan bir palinoloji, botanik biyoçeşitlilik ve zooloji/apikültür araştırmasıdır; çalışmada kültür bahçe bitkileri yetiştiriciliği bulunmayıp modelin 'Bahçe Bitkileri' önerisi doğal floradaki bitki taksonu adlarından kaynaklanan bir model yanılgısıdır (FP-1). Mevcut 'Biyoloji Çeşitliliğinin Korunması, Zooloji' (veya Botanik/Palinoloji) etiketleri uygundur.","Biyoloji Çeşitliliğinin Korunması, Zooloji",Bahçe Bitkileri,Biyoloji,YÜKSEK (Farklı Alt Alan),0.4412742080507403,0.569583013938954,-1,0.6,Fen > Temel Bilimler > Biyoloji Çeşitliliğinin Korunması | Fen > Temel Bilimler > Zooloji,Fen > Ziraat > Bahçe Bitkileri,0.1682241559028625,0.6,1,1
1372540,Geleneksel İgbo Dininde Doğum Ritüelleri,FP-1,"Geleneksel İgbo dininde doğum ritüelleri ve inançlarının antropolojik/tarihsel analizidir; ""doğum"" kelimesi modeli hatalı şekilde klinik tıp alanı olan Kadın Hastalıkları ve Doğum'a yanıltmıştır (Dinler Tarihi/Antropoloji konusudur).","Antropoloji, Din Bilimi, Etnik Çalışmalar",Kadın Hastalıkları ve Doğum,Kadın Hastalıkları ve Doğum,KRİTİK (Farklı Ana Disiplin),0.4410850174265294,0.3543975512334459,21,0.6,Sosyal > Sosyal > Antropoloji | Sosyal > Sosyal > Din Bilimi | Sosyal > Sosyal > Etnik Çalışmalar,Fen > Tıp > Kadın Hastalıkları ve Doğum,0.0928160846233367,0.8,0,1
1246160,Ontolojik Sınıflandırma Sorunu: E. J. Lowe ve Nesne Kategorisi,FP-1,"E. J. Lowe'un dört kategorili ontoloji kuramının felsefi ve mantıksal çözümlemesidir; ""sınıflandırma/nesne"" kavramları modeli İstatistik ve Olasılık alanına yanıltmıştır. Mevcut Felsefe/Mantık etiketleri doğrudur.","Bilim Felsefesi ve Tarihi, Felsefe, Mantık",İstatistik ve Olasılık,Bilgisayar Bilimleri,KRİTİK (Farklı Ana Disiplin),0.4408586872032455,0.4909798659527983,201,0.4,Sosyal > Sosyal > Bilim Felsefesi ve Tarihi | Sosyal > Sosyal > Felsefe | Sosyal > Sosyal > Mantık,Fen > Temel Bilimler > İstatistik ve Olasılık,0.1088963449001312,0.7,0,1
1311637,Yer Bademi (Cyperus esculentus)’nin Erkek Wistar Sıçanlarda Monosodyum Glutamat Kaynaklı Üreme Fonksiyon Bozukluğuna Karşı Koruyucu Etkisi,TP-2,"Erkek sıçanlarda monosodyum glutamat (MSG) kaynaklı kimyasal toksisite ve testis hasarına karşı yer bademi (Cyperus esculentus) ekstraktının koruyucu etkilerinin, sperm motilitesi/canlılığı ve gonadometrik parametrelerle incelendiği doğrudan bir üreme toksikolojisi ve androloji araştırmasıdır; mevcut kategorideki 'Onkoloji' etiketi sistemsel çöp veridir. Erkek üreme sistemi boyutu için 'Androloji' omurgası korunurken, MSG kimyasal toksisite mekanizması için modelin ve k-NN'in isabetle önerdiği Toksikoloji alanı ikincil etiket olarak eklenmelidir (TP-2 melez çalışma).","Androloji, Onkoloji",Toksikoloji,Toksikoloji,YÜKSEK (Farklı Alt Alan),0.4399090528058638,0.4385163710783442,135,0.5,Fen > Tıp > Androloji | Fen > Tıp > Onkoloji,Fen > Eczacılık > Toksikoloji,0.1436570286750793,0.7,1,1
1351162,"Türkiye’de Karadeniz Bölgesi Meşe Ormanlarından Nadir Bir Mantar olan Calonarius fulvocitrinus’un (Cortinariaceae, Agaricales) ilk defa Belirlenmesi",FP-1,"Karadeniz Bölgesi meşe ormanlarında tespit edilen Calonarius fulvocitrinus mantar türünün morfolojik özellikleri ve nrITS filogenetik dizi analizleriyle Türkiye mikobiyotası için ilk kez yeni kayıt olarak tanımlandığı doğrudan bir mikoloji (mantar bilimi), fungal taksonomi ve moleküler filogeni araştırmasıdır; çalışmada kültür bahçe bitkileri veya meyve/sebze yetiştiriciliği bulunmayıp modelin 'Bahçe Bitkileri' önerisi orman/habitat ilişkisinden kaynaklanan klasik bir model yanılgısıdır (FP-1). Mevcut 'Mantar Bilimi' kategorisi eksiksiz ve kusursuzdur.",Mantar Bilimi,Bahçe Bitkileri,Biyoloji,YÜKSEK (Farklı Alt Alan),0.4391704317085974,0.553078604600045,-1,0.6,Fen > Temel Bilimler > Mantar Bilimi,Fen > Ziraat > Bahçe Bitkileri,0.1740022301673889,0.6,1,1
1393046,Enfeksiyöz bronchitis virüsü üzerinde dört mikroalg ve iki siyanobakteri ekstresinin antiviral aktivitesinin araştırılması,TP-2,"Mikroalg ve siyanobakteri türlerinden (Arthrospira, Scenedesmus, Pseudanabaena vb.) elde edilen biyokütle ekstrelerinin Enfeksiyöz Bronşit Virüsü (IBV) üzerindeki antiviral etkisinin embriyonlu yumurtada in ovo hemaglutinasyon testleriyle incelendiği doğrudan bir viroloji, alg biyoteknolojisi ve mikrobiyal ürün araştırmasıdır; mevcut 'Biyoloji, Viroloji' etiketlerinin korunması gerekirken mikroalg/siyanobakteri biyoaktif madde ve mikrobiyal biyoteknoloji boyutu için modelin önerdiği Biyoteknoloji ve Uygulamalı Mikrobiyoloji alanı ikincil etiket olarak eklenmelidir (TP-2 melez çalışma).","Biyoloji, Viroloji",Biyoteknoloji ve Uygulamalı Mikrobiyoloji,Farmakoloji ve Eczacılık,YÜKSEK (Farklı Alt Alan),0.4391258303116382,0.7202701524061447,-1,0.5,Fen > Temel Bilimler > Biyoloji | Fen > Temel Bilimler > Viroloji,Fen > Tıp > Biyoteknoloji ve Uygulamalı Mikrobiyoloji,0.1687379777431488,0.5,1,1
1394505,Sera Sistemlerinde Yenilikçi Teknoloji Seçimi: Patent Verilerine Dayalı Çok Kriterli Bir Yaklaşım,FP-1,"Sera teknolojilerine ait EPO patent verilerinin FP-Growth veri madenciliği, Entropi ağırlıklandırma ve TOPSIS çok kriterli karar verme (ÇKKV) yöntemleriyle analiz edilerek stratejik Ar-Ge yatırım alanlarının belirlendiği doğrudan bir tarım ekonomisi, teknoloji yönetimi ve ziraat mühendisliği araştırmasıdır; çalışmada ısı/kütle taşınımı veya ulaştırma bilimi bulunmayıp modelin 'Taşınım Bilimi ve Teknolojisi' önerisi tamamen temelsiz bir model yanılgısıdır (FP-1). Mevcut 'Tarımsal Ekonomi ve Politika, Ziraat Mühendisliği' etiketleri eksiksiz ve tamdır.","Tarımsal Ekonomi ve Politika, Ziraat Mühendisliği",Taşınım Bilimi ve Teknolojisi,Bilgisayar Bilimleri,YÜKSEK (Farklı Alt Alan),0.4385755449533463,0.0,178,0.4,Fen > Ziraat > Tarımsal Ekonomi ve Politika | Fen > Ziraat > Ziraat Mühendisliği,Fen > Mühendislik > Taşınım Bilimi ve Teknolojisi,0.1102158427238464,1.0,1,1
1401749,Tuning Magnetic Properties in Bi-2212 via Praseodymium Substitution,FP-1,"Sol-jel yöntemiyle sentezlenen Pr katkılı Bi-2212 (Bi2Sr2CaCu2O8+δ) yüksek sıcaklık süperiletken seramiklerinde manyetik duyarlılık, Curie-Weiss sıcaklığı, etkin manyetik moment ve paramanyetik faz geçişlerinin incelendiği doğrudan bir katı hal fiziği, süperiletkenlik ve manyetizma araştırmasıdır; çalışmada metal ekstraksiyonu veya klasik metalurjik süreçler bulunmayıp modelin 'Metalürji Mühendisliği' önerisi seramik sentezi ve katkılama terimlerinden kaynaklanan bir model yanılgısıdır (FP-1). Mevcut 'Fizik, Katı Hal' kategorisi eksiksiz ve tamdır.","Fizik, Katı Hal",Metalürji Mühendisliği,Malzeme Bilimleri,YÜKSEK (Farklı Alt Alan),0.436790218936984,0.7950426160795857,-1,0.6,"Fen > Temel Bilimler > Fizik, Katı Hal",Fen > Mühendislik > Metalürji Mühendisliği,0.1086558997631073,0.5,1,1
1384960,Sel Kurtarma Ekiplerinde Afet Müdahale Eğitimine Yönelik Temel Becerilerin ve Ölçme Parametrelerinin Belirlenmesi: Bir Delphi Çalışması,FP-1,"Sel ve afet kurtarma ekiplerinin acil durum eğitimi ve ölçme parametrelerinin Delphi panel çalışmasıdır; model yanılarak teknik ""Malzeme Test"" alanı önermiştir. Mevcut Sağlık Hizmetleri/Afet Yönetimi etiketleri doğrudur.","Hemşirelik, Sağlık Politikaları ve Hizmetleri, Çevre Çalışmaları","Malzeme Bilimleri, Özellik ve Test",Bilgisayar Bilimleri,KRİTİK (Farklı Ana Disiplin),0.4345755605081403,0.2005598609366747,252,0.3,Sosyal > Sosyal > Hemşirelik | Sosyal > Sosyal > Sağlık Politikaları ve Hizmetleri | Sosyal > Sosyal > Çevre Çalışmaları,"Fen > Mühendislik > Malzeme Bilimleri, Özellik ve Test",0.1841017007827758,0.8,0,1
1346820,TOPKAPI SARAYI MÜZESİ KÜTÜPHANESİ III. AHMED KİTAPLIĞINA AİT “SİTTE-İ ATTAR” ADLI YAZMA ESERİN CİLT TEZYİNATI,FP-1,Geleneksel el sanatları ve ciltleme sanatı analizidir; mevcut etiketler uygundur (Deniz önerisi hub hatasıdır).,"Bilgi, Belge Yönetimi, Sanat","Mühendislik, Deniz",Bilgi,KRİTİK (Farklı Ana Disiplin),0.4334439978482496,0.4567325105198909,-1,0.3,"Sosyal > Sosyal > Bilgi, Belge Yönetimi | Sosyal > Sosyal > Sanat","Fen > Mühendislik > Mühendislik, Deniz",0.1121739149093627,0.7,0,1
1245153,Alkali Metal Katkılı ZnO Malzemesinin Üretimi ve Karakterizasyonu,FP-1,"Sol-jel yöntemiyle potasyum (K) alkali metal katkılı ZnO fotokatalitik ve yarı iletken tozlarının sentezlenmesi, kristal yapısı (XRD), morfolojisi (SEM-EDX) ve optik bant aralığının (UV-Vis) incelendiği doğrudan bir inorganik kimya, fizikokimya ve yarı iletken malzeme araştırmasıdır; çalışmada metal ekstraksiyonu veya klasik metalurjik süreçler bulunmayıp modelin 'Metalürji Mühendisliği' önerisi başlıktaki metal/üretim kelimelerinden kaynaklanan bir model yanılgısıdır (FP-1). Mevcut temel kimya (İnorganik Kimya, Fizikokimya) omurgası geçerlidir.","Fizikokimya, Kimya, Analitik, Kimya, Organik, Kimya, İnorganik ve Nükleer",Metalürji Mühendisliği,Nanobilim ve Nanoteknoloji,YÜKSEK (Farklı Alt Alan),0.4315433542059935,0.479462906570068,226,0.4,"Fen > Temel Bilimler > Fizikokimya | Fen > Temel Bilimler > Kimya, Analitik | Fen > Temel Bilimler > Kimya, Organik | Fen > Temel Bilimler > Kimya, İnorganik ve Nükleer",Fen > Mühendislik > Metalürji Mühendisliği,0.0905075073242187,0.7,1,1
1406210,Yenilenebilir Enerji Üretim Kooperatiflerinde Ortaklık Payının Devri,TP-2,"Veri tabanında yalnızca ""Hukuk"" etiketi yer almaktadır; yenilenebilir enerji kooperatifleri, lisanssız elektrik üretimi ve güneş/rüzgâr tesisi ortaklık devri analizi Enerji ve Yeşil Teknolojiler ile disiplinlerarasıdır.",Hukuk,"Yeşil, Sürdürülebilir Bilim ve Teknoloji",Enerji ve Yakıtlar,KRİTİK (Farklı Ana Disiplin),0.4311129166185856,0.0,244,0.6,Sosyal > Sosyal > Hukuk,"Fen > Mühendislik > Yeşil, Sürdürülebilir Bilim ve Teknoloji",0.2031797617673874,0.9,0,1
1381126,Trametes trogii biyokütlesi ile Kristal viyolet boyar maddesinin kesikli ve ultrasonik destekli biyosorpsiyonu,FP-1,"Trametes trogii fungal biyokütlesi kullanılarak tekstil atık sularındaki kristal viyolet boyar maddesinin ultrasonik destekli biyosorpsiyonla giderimi, adsorpsiyon izotermleri ve kinetiklerinin incelendiği doğrudan bir çevre bilimleri, atık su arıtımı ve fungal biyoteknoloji araştırmasıdır; çalışmada klinik veya hücresel toksisite deneyi bulunmayıp modelin 'Toksikoloji' önerisi giriş cümlesindeki boyarmadde zararlarına dair bağlamsal ifadelerden kaynaklanan klasik bir model yanılgısıdır (FP-1). Mevcut 'Mantar Bilimi, Çevre Bilimleri' etiketleri kusursuz ve tamdır.","Mantar Bilimi, Çevre Bilimleri",Toksikoloji,Malzeme Bilimleri,YÜKSEK (Farklı Alt Alan),0.4297215661277463,0.2650150036295614,195,0.4,Fen > Temel Bilimler > Mantar Bilimi | Fen > Temel Bilimler > Çevre Bilimleri,Fen > Eczacılık > Toksikoloji,0.1241937577724456,0.8,1,1
1381552,Tire Necippaşa Kütüphanesi,FP-1,"Tire Necippaşa Kütüphanesi'nin tarihi, vakfiyesi ve yazma eser koleksiyonunun tanıtımıdır; model tamamen ilgisiz şekilde ""Mühendislik, Makine"" önermiştir. Mevcut Bilgi, Belge Yönetimi ve Tarih etiketleri doğrudur.","Bilgi, Belge Yönetimi, Tarih","Mühendislik, Makine",Bilgi,KRİTİK (Farklı Ana Disiplin),0.4283407961920977,0.7261725269143109,-1,0.3,"Sosyal > Sosyal > Bilgi, Belge Yönetimi | Sosyal > Sosyal > Tarih","Fen > Mühendislik > Mühendislik, Makine",0.1337076127529144,0.5,0,1
1342681,Blooming chemistry: Vinca as your pocket-friendly pH indicator,FP-1,"Vinca çiçeklerinden ekstrakte edilen antosiyanin pigmentlerinin asit-baz titrasyonlarında sentetik indikatörlere (fenolftalein, metil oranj vb.) alternatif doğal ve çevre dostu bir pH indikatörü olarak kullanımı, renk değişim mekanizmaları ve UV-Vis spektroskopik karakterizasyonunun incelendiği doğrudan bir analitik kimya ve biyokimya araştırmasıdır; çalışmada süs bitkisi veya bahçe bitkileri yetiştiriciliği bulunmayıp modelin 'Bahçe Bitkileri' önerisi çiçeğin adından kaynaklanan klasik bir model yanılgısıdır (FP-1). Mevcut 'Biyoloji, Kimya, Analitik' etiketleri uygundur.","Biyoloji, Kimya, Analitik",Bahçe Bitkileri,Biyoloji,YÜKSEK (Farklı Alt Alan),0.4233463201731829,0.7112244025112741,-1,0.4,"Fen > Temel Bilimler > Biyoloji | Fen > Temel Bilimler > Kimya, Analitik",Fen > Ziraat > Bahçe Bitkileri,0.1301149129867553,0.5,1,1
1395972,Repurposing antihyperlipidemic drugs beyond lipid lowering: In silico approach into its GLP-1 receptor  modulator potential,TP-2,"Antihiperlipidemik ilaçların (özellikle Ezetimib) GLP-1 reseptörü üzerindeki allosterik modülatör potansiyelinin moleküler kenetlenme (CB-Dock) ve in siliko yöntemlerle araştırıldığı doğrudan bir tıbbi kimya, farmakoloji ve endokrin/metabolik hastalıklar araştırmasıdır; mevcut 'Farmakoloji ve Eczacılık, Kimya, Tıbbi' etiketlerinin korunması gerekirken diyabet ve GLP-1 metabolik reseptör hedeflemesi boyutu için modelin ve k-NN'in önerdiği Endokrinoloji ve Metabolizma alanı ikincil etiket olarak eklenmelidir (TP-2 melez çalışma).","Farmakoloji ve Eczacılık, Kimya, Tıbbi",Endokrinoloji ve Metabolizma,Endokrinoloji ve Metabolizma,YÜKSEK (Farklı Alt Alan),0.4211918584009688,0.5517711927496118,-1,0.3,"Fen > Eczacılık > Farmakoloji ve Eczacılık | Fen > Temel Bilimler > Kimya, Tıbbi",Fen > Tıp > Endokrinoloji ve Metabolizma,0.1235687434673309,0.6,1,1
1328940,Alevîlik-Bektaşîlik Başlıklı Lisansüstü Tezlerin Bibliyometrik Analizi,TP-2,"Veri tabanında sadece ""Beşeri Bilimler, Din Bilimi"" etiketleri yer almaktadır; YÖK Ulusal Tez Merkezi'ndeki lisansüstü tezlerin bibliyometrik ve atıf haritalaması Bilgi Bilimi / İstatistik ikincil alanı ile tamamlanmalıdır.","Beşeri Bilimler, Din Bilimi",İstatistik ve Olasılık,Bilgi,KRİTİK (Farklı Ana Disiplin),0.4206313345514684,0.100264989409029,203,0.5,Sosyal > Sosyal > Beşeri Bilimler | Sosyal > Sosyal > Din Bilimi,Fen > Temel Bilimler > İstatistik ve Olasılık,0.1016145348548889,0.9,0,1
1397143,Sosyal Medya Meydan Okumaları Yaşamı mı Ölümü mü Belirliyor? Yoğun Bakımda İzlenen İki Ergen Olgu,FP-1,"Sosyal medya meydan okumaları (challenge) sonucu yoğun bakıma kaldırılan ergenlerin klinik ve toksikolojik olgu sunumudur; model hatalı şekilde ""Edebi Teori"" önermiştir. Mevcut Acil Tıp, Pediatri ve Yoğun Bakım etiketleri doğrudur.","Acil Tıp, Pediatri, Yoğun Bakım, Tıp",Edebi Teori ve Eleştiri,Madde Bağımlılığı,KRİTİK (Farklı Ana Disiplin),0.4204926011699985,0.0063895788743299,143,0.3,"Fen > Tıp > Acil Tıp | Fen > Tıp > Pediatri | Fen > Tıp > Yoğun Bakım, Tıp",Sosyal > Sosyal > Edebi Teori ve Eleştiri,0.1682720184326172,0.9,0,1
1380416,Otizm Spektrum Bozukluğu Tanısında Öznitelik Seçimi Yoluyla Farklı Sınıflandırıcıların Karşılaştırılması,FP-1,"Otizm tanısında makine öğrenimi algoritmaları ve öznitelik seçimi kıyaslamasıdır; teknik biyomedikal ve yapay zekâ çalışması olup modelin sosyal ""Psikoloji"" önerisi yanılgıdır. Mevcut Yapay Zeka ve Tıbbi İnformatik etiketleri doğrudur.","Bilgisayar Bilimleri, Yapay Zeka, Pediatri, Tıbbi İnformatik",Psikoloji,Eğitim,KRİTİK (Farklı Ana Disiplin),0.4188281467556953,0.0,8,0.4,"Fen > Mühendislik > Bilgisayar Bilimleri, Yapay Zeka | Fen > Tıp > Pediatri | Fen > Tıp > Tıbbi İnformatik",Sosyal > Sosyal > Psikoloji,0.1680804193019867,0.9,0,1
1393324,Akademisyen Annelerin Doğum İzni Sonrası İşe Dönüş Deneyimleri Üzerine Bir Çalışma,FP-1,"Akademisyen annelerin doğum sonrası iş yaşamına dönüş deneyimlerinin çalışma sosyolojisi ve nitel görüşme analizidir; ""doğum izni"" ifadesi modeli klinik Kadın Hastalıkları ve Doğum alanına yanıltmıştır. Mevcut Aile Çalışmaları ve Sosyoloji etiketleri doğrudur.","Aile Çalışmaları, Sosyoloji",Kadın Hastalıkları ve Doğum,Kadın Hastalıkları ve Doğum,KRİTİK (Farklı Ana Disiplin),0.418273696899414,0.0,21,0.7,Sosyal > Sosyal > Aile Çalışmaları | Sosyal > Sosyal > Sosyoloji,Fen > Tıp > Kadın Hastalıkları ve Doğum,0.1664962768554687,0.9,0,1
1396895,Türkiye’deki Siber Güvenlik Politikalarında Yeni Bir Kurumsal Oluşum: Siber Güvenlik Başkanlığı,FP-1,"Cumhurbaşkanlığı Kararnamesi ile kurulan Siber Güvenlik Başkanlığı'nın idari ve kurumsal politika analizidir; ""siber güvenlik"" kelimesi modeli hatalı şekilde teknik Bilgisayar Bilimleri alanına yanıltmıştır (Kamu Yönetimi konusudur).","Kamu Yönetimi, Siyasi Bilimler","Bilgisayar Bilimleri, Sibernitik",Bilgisayar Bilimleri,KRİTİK (Farklı Ana Disiplin),0.4159791786149467,0.7179911449254849,187,0.8,Sosyal > Sosyal > Kamu Yönetimi | Sosyal > Sosyal > Siyasi Bilimler,"Fen > Mühendislik > Bilgisayar Bilimleri, Sibernitik",0.1042325496673584,0.5,0,1
1396142,Investigation of antimicrobial and antioxidant activities of Achillea setacea Waldst. et Kit. extracts and extract loaded gel formulation,FP-1,"Achillea setacea ekstraktlarının antioksidan ve antimikrobiyal aktivitelerinin belirlenmesi, kloroform fraksiyonunun aljinat polimeriyle farmasötik jel formülasyonuna dönüştürülmesi, FTIR yapısal karakterizasyonu ve in vitro salım testlerinin incelendiği doğrudan bir farmasötik teknoloji, farmakognozi ve farmakoloji araştırmasıdır; çalışmada biyoproses veya mikrobiyal genetik/biyoteknoloji bulunmayıp modelin 'Biyoteknoloji ve Uygulamalı Mikrobiyoloji' önerisi standart antimikrobiyal duyarlılık testlerinden kaynaklanan bir model yanılgısıdır (FP-1). Mevcut 'Farmakoloji ve Eczacılık, Kimya, Tıbbi' etiketleri eksiksiz ve tamdır.","Farmakoloji ve Eczacılık, Kimya, Tıbbi",Biyoteknoloji ve Uygulamalı Mikrobiyoloji,Farmakoloji ve Eczacılık,YÜKSEK (Farklı Alt Alan),0.4157834741284841,0.5648727213582968,271,0.4,"Fen > Eczacılık > Farmakoloji ve Eczacılık | Fen > Temel Bilimler > Kimya, Tıbbi",Fen > Tıp > Biyoteknoloji ve Uygulamalı Mikrobiyoloji,0.0987579822540283,0.6,1,1
1396141,"Antioxidant, antiproliferative and antimicrobial activities of three lichens: Ramalina fastigiata, Xanthoria parietina, Aspicilia intermutans",FP-1,"Üç farklı liken türünün (Ramalina fastigiata, Xanthoria parietina, Aspicilia intermutans) antioksidan (DPPH, ABTS, FRAP), HeLa kanser hücre hattında antiproliferatif/sitotoksisite ve bakteriyel suşlara karşı MİK antimikrobiyal aktivitelerinin incelendiği doğrudan bir farmakognozi, doğal ürünler kimyası ve farmakoloji araştırmasıdır; çalışmada mikrobiyal biyoteknoloji, fermentasyon veya genetik süreçler bulunmayıp modelin 'Biyoteknoloji ve Uygulamalı Mikrobiyoloji' önerisi standart antimikrobiyal ve biyolojik aktivite testlerinden kaynaklanan bir model yanılgısıdır (FP-1). Mevcut 'Farmakoloji ve Eczacılık, Kimya, Tıbbi' etiketleri kusursuz ve tamdır.","Farmakoloji ve Eczacılık, Kimya, Tıbbi",Biyoteknoloji ve Uygulamalı Mikrobiyoloji,Biyoloji,YÜKSEK (Farklı Alt Alan),0.414475648384332,0.5648727213582968,271,0.4,"Fen > Eczacılık > Farmakoloji ve Eczacılık | Fen > Temel Bilimler > Kimya, Tıbbi",Fen > Tıp > Biyoteknoloji ve Uygulamalı Mikrobiyoloji,0.0950213372707367,0.6,1,1
1374379,"Azerbaycan Cumhuriyeti’nin Ulusal Eğitim, Bilim ve Teknoloji Politikalarında Bilgi Yönetimine Yaklaşım",TP-2,"Veri tabanında yalnızca ""Bilgi Belge Yönetimi"" etiketi yer almaktadır; ulusal bilim ve teknoloji politikalarında dijital bilgi altyapısı ve bilişim sistemleri yönetimi incelendiğinden Bilgisayar Bilimleri / Bilgi Sistemleri ikincil etiket olarak eklenmelidir.","Bilgi, Belge Yönetimi","Bilgisayar Bilimleri, Bilgi Sistemleri",Bilgisayar Bilimleri,KRİTİK (Farklı Ana Disiplin),0.4137892123421621,0.2425486740909383,205,0.5,"Sosyal > Sosyal > Bilgi, Belge Yönetimi","Fen > Mühendislik > Bilgisayar Bilimleri, Bilgi Sistemleri",0.0947201251983642,0.8,0,1
1331610,Türkiye’de Orman Yangınları ile Güneş Lekeleri Arasındaki Olası İlişkinin Araştırılması,TP-2,"Türkiye'deki orman yangını sayıları ve yanmış alan verileri ile Güneş lekeleri döngüleri (solar cycles) arasındaki zamansal korelasyonların incelendiği doğrudan bir orman yangını dinamikleri, ormancılık ve astrofizik/güneş fiziği melez araştırmasıdır; mevcut 'Astronomi ve Astrofizik, Çevre Bilimleri' omurgasının korunması gerekirken orman yangını rejimi ve orman yönetimi boyutu için modelin ve k-NN'in (%60) önerdiği Orman Mühendisliği alanı ikincil etiket olarak eklenmelidir (TP-2 melez çalışma).","Astronomi ve Astrofizik, Çevre Bilimleri",Orman Mühendisliği,Orman Mühendisliği,YÜKSEK (Farklı Alt Alan),0.4131052879499221,0.5634945110507107,198,0.6,Fen > Temel Bilimler > Astronomi ve Astrofizik | Fen > Temel Bilimler > Çevre Bilimleri,Fen > Mühendislik > Orman Mühendisliği,0.0920904576778411,0.6,1,1
1388568,"Türkiye’den Nadir Bir Boynuzluot Türü Üzerine Notlar: Phymatoceros bulbiculosus (Brot.) Stotler, W.T. Doyle & Crand.-Stotl. (Anthocerotophyta)",FP-1,"İlkel kara bitkilerinden olan boynuzlu otlara (Anthocerotophyta / briyofitler) ait Phymatoceros bulbiculosus türünün morfolojik özellikleri, tüber yapısı ve teşhis anahtarının incelendiği doğrudan bir temel botanik ve bitki taksonomisi araştırmasıdır; çalışmada hayvan anatomisi veya veteriner hekimlik bulunmayıp modelin 'Veterinerlik' önerisi bitkinin Türkçe adındaki 'boynuz' kelimesinden kaynaklanan bariz bir kelime tuzağı ve model yanılgısıdır (FP-1). Mevcut 'Biyoloji' (Botanik) kategorisi eksiksiz ve tamdır.",Biyoloji,Veterinerlik,Biyoloji,YÜKSEK (Farklı Alt Alan),0.4124237729037797,0.5344752506117009,-1,0.4,Fen > Temel Bilimler > Biyoloji,Fen > Veterinerlik > Veterinerlik,0.1108713150024414,0.6,1,1
1391351,Etanol-Su Çözücü Kullanılarak Muz Kabuğunun Biyoaktif Bileşikleri ve Antimikrobiyal Aktivitesi Üzerine Ekstraksiyon Parametrelerinin Etkisi,FP-1,"Gıda atığı ve yan ürünü olan muz kabuklarından biyoaktif fenolik bileşiklerin etanol-su ekstraksiyonu parametrelerinin (süre, sıcaklık) optimize edilmesi, DPPH antioksidan aktivitesi ve gıda patojenlerine (S. aureus, E. coli) karşı MİK değerlerinin incelendiği doğrudan bir gıda bilimi, gıda atıklarının değerlendirilmesi ve uygulamalı kimya araştırmasıdır; çalışmada mikrobiyal fermentasyon veya biyoteknolojik genetik prosesler bulunmayıp modelin 'Biyoteknoloji ve Uygulamalı Mikrobiyoloji' önerisi standart antimikrobiyal duyarlılık testlerinden kaynaklanan bir model yanılgısıdır (FP-1). Mevcut 'Gıda Bilimi ve Teknolojisi, Biyoloji, Kimya, Uygulamalı' etiketleri kusursuz ve tamdır.","Gıda Bilimi ve Teknolojisi, Biyoloji, Kimya, Uygulamalı",Biyoteknoloji ve Uygulamalı Mikrobiyoloji,Gıda Bilimi ve Teknolojisi,YÜKSEK (Farklı Alt Alan),0.4106221274348991,0.6812883916747161,-1,0.4,"Fen > Mühendislik > Gıda Bilimi ve Teknolojisi | Fen > Temel Bilimler > Biyoloji | Fen > Temel Bilimler > Kimya, Uygulamalı",Fen > Tıp > Biyoteknoloji ve Uygulamalı Mikrobiyoloji,0.1151429414749145,0.5,1,1
1381195,Yoğuşmayan gazların gözenekli adsorban ortamların adsorpsiyon özelliklerine etkisi,TP-2,"Silika jel-su ve Zeolit 13X-su çiftlerinin kullanıldığı adsorpsiyonlu soğutma/ısı pompası sistemlerinde yoğuşmayan gazların (hava) evaporatör/kondenser koşullarında adsorpsiyon-desorpsiyon histerezisi, basınç dalgalanmaları ve çevrim verimliliği üzerindeki etkilerinin incelendiği doğrudan bir kimya mühendisliği ve uygulamalı termodinamik melez araştırmasıdır; mevcut 'Mühendislik, Kimya' etiketinin korunması gerekirken adsorpsiyonlu termodinamik çevrim performansı, faz değişimi ve sıcaklık-basınç dinamikleri boyutu için modelin önerdiği Termodinamik alanı ikincil etiket olarak eklenmelidir (TP-2 melez çalışma).","Mühendislik, Kimya",Termodinamik,Fizik,YÜKSEK (Farklı Alt Alan),0.4105758407282584,0.3662590704630826,225,0.4,"Fen > Mühendislik > Mühendislik, Kimya",Fen > Temel Bilimler > Termodinamik,0.1114602088928222,0.7,1,1
1407133,BİTCOİN İŞLEMLERİNDE HİLELİ FAALİYET ÖRÜNTÜLERİNİN TESPİTİ: ŞÜPHELİ CÜZDAN DAVRANIŞLARININ ANALİZİ,TP-2,Bitcoin blokzincirinde veri madenciliği ve şüpheli cüzdan örüntüsü tespiti; Kriminoloji ile Bilişim/İstatistik kesişimi melez çalışma.,Kriminoloji ve Ceza Bilimi,İstatistik ve Olasılık,Bilgisayar Bilimleri,KRİTİK (Farklı Ana Disiplin),0.4091865187883377,0.0,102,0.5,Sosyal > Sosyal > Kriminoloji ve Ceza Bilimi,Fen > Temel Bilimler > İstatistik ve Olasılık,0.140532910823822,0.9,0,1
1414637,Does the chin projection and sella point position affect the W angle reliability?,FP-1,"Ortodontik tedavi gören bireylerin sefalometrik radyografilerinde W açısı güvenilirliği, Sella noktası pozisyonu, çene projeksiyonu ve maloklüzyon sınıflarının (Class I, II, III, ANB, Wits) incelendiği doğrudan bir diş hekimliği, ortodonti ve kraniyofasiyal radyoloji araştırmasıdır; çalışmada tıp ortopedisi veya iskelet cerrahisi bulunmayıp modelin 'Ortopedi' önerisi ortodonti ('ortho-') ve iskeletsel açı terimlerinden kaynaklanan klasik bir model yanılgısıdır (FP-1). Mevcut 'Diş Hekimliği' kategorisi eksiksiz ve kusursuzdur.",Diş Hekimliği,Ortopedi,Diş Hekimliği,YÜKSEK (Farklı Alt Alan),0.4076097532370977,0.5283332905210226,123,0.4,Fen > Diş Hekimliği > Diş Hekimliği,Fen > Tıp > Ortopedi,0.1015040874481201,0.6,1,1
1379992,Sporcuları müsabaka esnasında olumsuz davranışlar sergilemeye yönlendiren etkenlerin sınıflama yargılarına dayalı ölçeklenmesi,TP-2,"Veri tabanında ""Etik, Sosyoloji"" etiketleri verilmiştir; sporcuların müsabaka esnasındaki antisosyal davranışları ve centilmenlik dışı tutumlarının psikometrik ölçeklenmesi Spor Bilimleri / Spor Psikolojisi ile disiplinlerarasıdır.","Etik, Sosyoloji",Spor Bilimleri,Spor Bilimleri,KRİTİK (Farklı Ana Disiplin),0.4073576113581658,0.0,149,1.0,Sosyal > Sosyal > Etik | Sosyal > Sosyal > Sosyoloji,Fen > Tıp > Spor Bilimleri,0.1353074610233307,0.9,0,1
1390679,"Green synthesis of silver nanoparticles from Melanoleuca grammopodia: changes in bioactive components, antidiabetic properties and bioaccessibility",TP-2,"Melanoleuca grammopodia mantar ekstraktı kullanılarak yeşil sentez (green synthesis) ile gümüş nanopartiküllerin (AgNPs) sentezlenmesi, SEM/EDX ve FTIR ile karakterizasyonu, in vitro biyoerişilebilirlik, antioksidan ve antidiyabetik aktivitelerinin incelendiği doğrudan bir nanoteknoloji, farmakoloji ve biyoaktif maddeler melez araştırmasıdır; mevcut kategorideki 'Mantık' etiketi sistemsel çöp veridir. Biyoaktif/farmakolojik boyut korunurken nanopartikül sentez ve nano karakterizasyon boyutu için modelin ve k-NN yerel uzlaşısının (%50) isabetle önerdiği Nanobilim ve Nanoteknoloji alanı ikincil etiket olarak eklenmelidir (TP-2 melez çalışma).","Farmakoloji ve Eczacılık, Bitki Bilimleri, Mantık",Nanobilim ve Nanoteknoloji,Nanobilim ve Nanoteknoloji,YÜKSEK (Farklı Alt Alan),0.4066798901557922,0.0,128,0.5,Fen > Eczacılık > Farmakoloji ve Eczacılık | Fen > Ziraat > Bitki Bilimleri | Sosyal > Sosyal > Mantık,Fen > Mühendislik > Nanobilim ve Nanoteknoloji,0.1333711147308349,0.9,1,1
1355643,"Ticari Spirulina ve Undaria Ekstraktlarının Oksidatif Stres İndeksi, Antioksidan Aktivitesi ve Fenolik Bileşimi",FP-1,"Ticari Spirulina ve Undaria alg ekstraktlarının spektrofotometrik ve LC-MS/MS yöntemleriyle fenolik bileşen profilinin, antioksidan kapasitesinin (DPPH, ABTS, CUPRAC) ve toplam antioksidan/oksidan durumlarının (TAS, TOS, OSI) belirlenerek fonksiyonel gıda ve nutrasötik potansiyelinin incelendiği doğrudan bir gıda bilimi, nutrasötikler ve gıda kimyası araştırmasıdır; çalışmada biyolojik/hücresel zehirlilik veya toksikolojik doz-yanıt deneyi bulunmayıp modelin 'Toksikoloji' önerisi 'oksidatif stres' teriminden kaynaklanan klasik bir model yanılgısıdır (FP-1). Mevcut 'Gıda Bilimi ve Teknolojisi, Kimya, Organik' etiketleri kusursuz ve tamdır.","Gıda Bilimi ve Teknolojisi, Kimya, Organik",Toksikoloji,Biyoloji,YÜKSEK (Farklı Alt Alan),0.4056595229896099,0.6731165622839098,-1,0.5,"Fen > Mühendislik > Gıda Bilimi ve Teknolojisi | Fen > Temel Bilimler > Kimya, Organik",Fen > Eczacılık > Toksikoloji,0.1068010926246643,0.5,1,1
1376164,BOŞLUĞA DİKKAT EDİN! YAPAY ZEKA OKURYAZARLIĞI POLİTİKALARI VE GELİŞMEKTE OLAN ÜLKELER BAĞLAMINDA ÜRETKEN YAPAY ZEKANIN ZORLUKLARI ÜZERİNE KARŞILAŞTIRMALI BİR ANALİZ,FP-1,"Yapay zekâ okuryazarlığı eğitim politikalarının ve epistemik adaletin karşılaştırmalı analizidir; ""AI/Generative AI"" kelimeleri modeli hatalı şekilde teknik Bilgisayar Bilimleri/Yapay Zeka alanına yanıltmıştır (Eğitim Politikası/Felsefe konusudur).","Bilim Felsefesi ve Tarihi, Eğitim, Eğitim Araştırmaları, Uluslararası İlişkiler","Bilgisayar Bilimleri, Yapay Zeka",Bilgisayar Bilimleri,KRİTİK (Farklı Ana Disiplin),0.403840949212954,0.4564976798512362,-1,0.6,"Sosyal > Sosyal > Bilim Felsefesi ve Tarihi | Sosyal > Sosyal > Eğitim, Eğitim Araştırmaları | Sosyal > Sosyal > Uluslararası İlişkiler","Fen > Mühendislik > Bilgisayar Bilimleri, Yapay Zeka",0.1420472264289856,0.6,0,1
1400391,Molecularly imprinted polymer-based electrochemical sensors for the analysis of antiviral drugs used in SARS-CoV-2: Innovations and recent applications,FP-1,"COVID-19 tedavisinde kullanılan antiviral ilaçların (favipiravir, remdesivir vb.) farmasötik ve biyolojik ortamlardaki tayini için geliştirilen moleküler baskılanmış polimer (MIP) tabanlı elektrokimyasal sensörlerin tasarım ve analitik uygulamalarını inceleyen doğrudan bir analitik kimya, elektrokimya ve farmasötik analiz araştırmasıdır; çalışmada klinik laboratuvar rutin test süreçleri bulunmayıp modelin 'Tıbbi Laboratuar Teknolojisi' önerisi biyolojik örneklerdeki ilaç analizi ifadesinden kaynaklanan bir model yanılgısıdır (FP-1). Mevcut 'Farmakoloji ve Eczacılık, Kimya, Analitik' etiketleri kusursuz ve tamdır.","Farmakoloji ve Eczacılık, Kimya, Analitik",Tıbbi Laboratuar Teknolojisi,Viroloji,YÜKSEK (Farklı Alt Alan),0.4037796913087368,0.0,54,0.6,"Fen > Eczacılık > Farmakoloji ve Eczacılık | Fen > Temel Bilimler > Kimya, Analitik",Fen > Tıp > Tıbbi Laboratuar Teknolojisi,0.1250848323106765,0.9,1,1
1404370,"CİBALİ TÜTÜN FABRİKASI’NDA KADIN EMEĞİ, TOPLUMSAL HAFIZA VE MÜZİK",FP-1,"Cibali Tütün Fabrikası'nda kadın işçilerin sözlü tarihi, toplumsal hafızası ve tütün şarkılarının sosyokültürel analizidir; ""fabrika/tütün"" kelimeleri modeli teknik Tekstil Malzeme Bilimlerine yanıltmıştır. Mevcut Sosyoloji, Tarih ve Müzik etiketleri tam ve doğrudur.","Kadın Araştırmaları, Müzik, Sosyoloji, Tarih","Malzeme Bilimleri, Tekstil",Mimarlık,KRİTİK (Farklı Ana Disiplin),0.4013903931949206,0.6522514467134746,-1,0.3,Sosyal > Sosyal > Kadın Araştırmaları | Sosyal > Sosyal > Müzik | Sosyal > Sosyal > Sosyoloji | Sosyal > Sosyal > Tarih,"Fen > Mühendislik > Malzeme Bilimleri, Tekstil",0.1095072329044342,0.5,0,1
1387813,"Water availability, consumption and potential for optimum utilization in Kano State, Nigeria",TP-2,"Nijerya'nın Kano Eyaleti'ndeki barajlarda depolanan su rezervlerinin mevcudiyeti, mevcut tarımsal sulama tüketimi, kullanılmayan su potansiyeli ve evsel/tarımsal optimum su tahsisinin hidrolojik hesaplamalarla incelendiği doğrudan bir su kaynakları yönetimi, hidroloji ve çevre mühendisliği melez araştırmasıdır; mevcut 'Çevre Mühendisliği' omurgasının korunması gerekirken baraj su bütçesi ve su potansiyeli planlaması boyutu için modelin ve k-NN yerel uzlaşısının (%50) isabetle önerdiği Su Kaynakları alanı ikincil etiket olarak eklenmelidir (TP-2 melez çalışma).",Çevre Mühendisliği,Su Kaynakları,Su Kaynakları,YÜKSEK (Farklı Alt Alan),0.4013422105256921,0.0185894896762394,259,0.5,Fen > Mühendislik > Çevre Mühendisliği,Fen > Temel Bilimler > Su Kaynakları,0.1048423945903778,0.9,1,1
1448996,Electroactive Thiophene Bridged Zr and Zn Based Metal Organic Frameworks,FP-1,"Tiyofen köprülü konjuge ligantlar ile Zr ve Zn metal merkezli metal-organik kafes (MOF) yapılarının solvotermal sentezi, DFT hesaplamaları, BET gözenekliliği ve elektrokimyasal (CV) özelliklerinin incelendiği doğrudan bir inorganik/koordinasyon kimyası, organik kimya ve fizikokimya araştırmasıdır; çalışmada metalurjik döküm veya metal kazanımı bulunmayıp modelin 'Metalürji Mühendisliği' önerisi başlıktaki metal adları ve MOF teriminden kaynaklanan klasik bir model yanılgısıdır (FP-1). Mevcut temel kimya (Fizikokimya, Kimya, Organik, Kimya, Uygulamalı) omurgası eksiksiz ve tamdır.","Fizikokimya, Kimya, Organik, Kimya, Uygulamalı",Metalürji Mühendisliği,Malzeme Bilimleri,YÜKSEK (Farklı Alt Alan),0.3997088239716567,0.479462906570068,226,0.6,"Fen > Temel Bilimler > Fizikokimya | Fen > Temel Bilimler > Kimya, Organik | Fen > Temel Bilimler > Kimya, Uygulamalı",Fen > Mühendislik > Metalürji Mühendisliği,0.1138374209403991,0.6,1,1
1394234,Vaccine Hesitancy Regarding Childhood Vaccinations Among Parents,TP-2,Ebeveynlerin çocukluk çağı aşılarını reddetme nedenleri ve toplum sağlığı analizidir; Sağlık Politikaları etiketini çocuk bağışıklaması ve koruyucu hekimlik boyutuyla Pediatri ve Halk Sağlığı alanlarıyla tamamlamıştır (Beslenme etiketi hatalıdır).,"Beslenme ve Diyetetik, Sağlık Politikaları ve Hizmetleri",Pediatri,Halk ve Çevre Sağlığı,KRİTİK (Farklı Ana Disiplin),0.397684687423416,0.2967997302520594,97,0.6,Sosyal > Sosyal > Beslenme ve Diyetetik | Sosyal > Sosyal > Sağlık Politikaları ve Hizmetleri,Fen > Tıp > Pediatri,0.1242421567440033,0.7,0,1
1378490,Thermal analysis and experimental design of a cryogenic system for low-noise amplifiers,FP-1,"Radyo astronomide kullanılan düşük gürültülü yükselteçler (LNA) için kriyostat ve ultra yüksek vakum sisteminin tasarımı, termal modellenmesi (11 K ve 38 K) ve vakum performans testlerinin incelendiği doğrudan bir radyo astronomi enstrümantasyonu ve uygulamalı kriyojenik fizik araştırmasıdır; çalışmada malzeme karakterizasyonu veya malzeme geliştirme/testi bulunmayıp modelin 'Malzeme Bilimleri, Özellik ve Test' önerisi deneysel test ve paslanmaz çelik gaz çıkışı ifadelerinden kaynaklanan bir model yanılgısıdır (FP-1). Mevcut 'Astronomi ve Astrofizik, Fizik, Uygulamalı' etiketleri kusursuz ve tamdır.","Astronomi ve Astrofizik, Fizik, Uygulamalı","Malzeme Bilimleri, Özellik ve Test",Mühendislik,YÜKSEK (Farklı Alt Alan),0.3970341726201413,0.4913106282781118,225,0.4,"Fen > Temel Bilimler > Astronomi ve Astrofizik | Fen > Temel Bilimler > Fizik, Uygulamalı","Fen > Mühendislik > Malzeme Bilimleri, Özellik ve Test",0.0977329015731811,0.6,1,1
1376266,"Şirketlerin Entelektüel Sermaye Performanslarının MEREC Tabanlı MARCOS Yöntemi ile Analizi: BIST Orman, Kâğıt ve Basım Endeksi Örneği",TP-1,"Veri tabanındaki ""Malzeme Bilimleri, Orman Mühendisliği"" etiketleri dergi/sektör ismi kaynaklı veri hatasıdır; BIST şirketlerinin entelektüel sermaye performansının MEREC-MARCOS finansal ekonometrik analizi olup doğrudan İşletme Finans alanına aittir.","Malzeme Bilimleri, Kâğıt ve Ahşap, Orman Mühendisliği",İşletme Finans,İşletme Finans,KRİTİK (Farklı Ana Disiplin),0.3962663716077805,0.0,177,0.4,"Fen > Mühendislik > Malzeme Bilimleri, Kâğıt ve Ahşap | Fen > Mühendislik > Orman Mühendisliği",Sosyal > Sosyal > İşletme Finans,0.1036182045936584,0.9,0,1
1374141,Isoëtes volkanii (Isoëtaceae): A new aquatic quillworts from Türkiye,FP-1,Türkiye'den yeni bir sucul eğreltiotu (Isoëtes) türünün keşfi ve taksonomik botanik tanımıdır; modelin 'Bahçe Bitkileri' önerisi yabani flora/taksonomi için hatalı bir ziraat yanılgısıdır (FP-1). Mevcut Biyoloji ve Biyolojik Çeşitlilik etiketleri tam ve doğrudur.,"Biyoloji, Biyoloji Çeşitliliğinin Korunması",Bahçe Bitkileri,Biyoloji,YÜKSEK (Farklı Alt Alan),0.3960446412117069,0.4632893684509535,-1,0.4,Fen > Temel Bilimler > Biyoloji | Fen > Temel Bilimler > Biyoloji Çeşitliliğinin Korunması,Fen > Ziraat > Bahçe Bitkileri,0.1149208545684814,0.6,1,1
1439727,6-24 Aylık Bebeklerin Sosyal İletişim Becerileri ile Geliştiren  Bakım Alma Düzeyleri Arasındaki İlişkinin İncelenmesi:   Korelasyonel Nicel Araştırma,TP-2,"Veri tabanında sadece tıbbi ""Pediatri, Sağlık Bilimleri"" etiketleri bulunmaktadır; 6-24 aylık bebeklerin erken dönem sosyal iletişim becerileri, ebeveyn etkileşimi ve sözel-jestsel gelişimi İletişim ve Davranış Bilimleri ile disiplinlerarasıdır.","Pediatri, Sağlık Bilimleri ve Hizmetleri",İletişim,Davranış Bilimleri,KRİTİK (Farklı Ana Disiplin),0.3953201195597648,0.0,246,0.3,Fen > Tıp > Pediatri | Fen > Tıp > Sağlık Bilimleri ve Hizmetleri,Sosyal > Sosyal > İletişim,0.1009146273136138,0.9,0,1
1346658,Micro-CT Analysis of Apical Plug Using Various Premixed Bio-ceramic Putties: An In Vitro Study,TP-1,"Açık apeksli dişlerin kök kanal tedavisinde kullanılan biyo-seramik apikal tıkaç materyallerinin (BIO-C Repair, NeoMTA Putty, EndoSequence BC RRM) doldurma etkinliği ve hacimsel boşluklarının mikro-BT (Micro-CT) ile değerlendirildiği doğrudan bir diş hekimliği ve endodonti araştırmasıdır; mevcut kategorideki 'Adli Tıp' ve 'Biyoteknoloji ve Uygulamalı Mikrobiyoloji' etiketleri sistemsel çöp veridir. Modelin ve k-NN yerel uzlaşısının (%80) isabetle belirlediği 'Diş Hekimliği' kategorisi çalışmanın gerçek ve tek ana disiplini olup makale bu alana aktarılmalıdır (TP-1 kategori değişimi).","Mikroskopi, Adli Tıp, Biyoteknoloji ve Uygulamalı Mikrobiyoloji",Diş Hekimliği,Diş Hekimliği,YÜKSEK (Farklı Alt Alan),0.3946458176448491,0.1125602379141434,122,0.8,Fen > Temel Bilimler > Mikroskopi | Fen > Tıp > Adli Tıp | Fen > Tıp > Biyoteknoloji ve Uygulamalı Mikrobiyoloji,Fen > Diş Hekimliği > Diş Hekimliği,0.1328735947608947,0.8,1,1
1249712,"Economic Impact Analysis of Value Chain Development Programme (VCDP) on Net Farm Income of Rice Farmers in Niger State, Nigeria",TP-1,"Veri tabanındaki ""Arkeoloji, Asya Çalışmaları, Kamu Yönetimi, Tarih"" etiketleri bariz dergi torbası hatasıdır; Nijerya'daki çeltik çiftçilerinin tarımsal gelir ve değer zinciri ekonometrik analizi olup doğrudan Tarımsal Ekonomi ve Politika alanına aittir","Arkeoloji, Asya Çalışmaları, Kamu Yönetimi, Tarih, Uluslararası İlişkiler, İktisat, İşletme, İşletme Finans",Tarımsal Ekonomi ve Politika,Tarımsal Ekonomi ve Politika,KRİTİK (Farklı Ana Disiplin),0.3931500541460776,0.2963136050273035,116,0.9,Sosyal > Sosyal > Arkeoloji | Sosyal > Sosyal > Asya Çalışmaları | Sosyal > Sosyal > Kamu Yönetimi | Sosyal > Sosyal > Tarih | Sosyal > Sosyal > Uluslararası İlişkiler | Sosyal > Sosyal > İktisat | Sosyal > Sosyal > İşletme | Sosyal > Sosyal > İşletme Finans,Fen > Ziraat > Tarımsal Ekonomi ve Politika,0.2259190082550048,0.6,0,1
1391919,Zoledronic acid-loaded HAp–SiO2–CaMoO4:Eu3+ with luminescent properties as a novel drug delivery system,FP-1,"Kemik kanseri (Saos-2 osteosarkom) tedavisi ve optik lüminesans görüntüleme amacıyla Zoledronik asit yüklü HAp-SiO2-CaMoO4:Eu3+ inorganik çekirdek-kabuk nanokompozitlerinin sentezlendiği ve teranostik özelliklerinin incelendiği doğrudan bir inorganik biyomalzeme, onkoloji ve tıbbi görüntüleme araştırmasıdır; çalışmada organik veya sentetik polimer matrisi bulunmayıp modelin 'Polimer Bilimi' önerisi ilaç salım kinetiği ifadelerinden kaynaklanan bir model yanılgısıdır (FP-1). Mevcut 'Kimya, Uygulamalı, Onkoloji, Radyoloji, Nükleer Tıp, Tıbbi Görüntüleme' etiketleri uygundur.","Kimya, Uygulamalı, Onkoloji, Radyoloji, Nükleer Tıp, Tıbbi Görüntüleme",Polimer Bilimi,Malzeme Bilimleri,YÜKSEK (Farklı Alt Alan),0.3930121180275333,0.3115365570224336,232,0.4,"Fen > Temel Bilimler > Kimya, Uygulamalı | Fen > Tıp > Onkoloji | Fen > Tıp > Radyoloji, Nükleer Tıp, Tıbbi Görüntüleme",Fen > Mühendislik > Polimer Bilimi,0.1003656536340713,0.7,1,1
1374136,Structural and magnetic properties of novel Fe1.5VGe and parent Fe2VGe alloys,TP-2,"Yeni Fe1.5VGe ve Fe2VGe Heusler intermetalik alaşımlarının kristal yapısı (XRD, L21), yüzey morfolojisi (SEM) ve düşük sıcaklık manyetik histerezis/doygunluk özelliklerinin (PPMS, 5 K - 300 K) incelendiği doğrudan bir metalurji, manyetik alaşımlar ve malzeme bilimi araştırmasıdır; mevcut temel kimya ve mikroskopi yöntem etiketleri intermetalik alaşım karakterizasyonunu eksik bıraktığından modelin ve k-NN yerel uzlaşısının (%70) isabetle önerdiği Metalürji Mühendisliği alanı ikincil etiket olarak eklenmelidir (TP-2 zenginleştirme).","Kimya, Uygulamalı, Mikroskopi",Metalürji Mühendisliği,Malzeme Bilimleri,YÜKSEK (Farklı Alt Alan),0.3920879757404328,0.0,220,0.7,"Fen > Temel Bilimler > Kimya, Uygulamalı | Fen > Temel Bilimler > Mikroskopi",Fen > Mühendislik > Metalürji Mühendisliği,0.0916799306869506,0.9,1,1
1404295,3D PHONETIC ALPHABET FOR INDIVIDUALS WITH VISUAL IMPAIRMENT: DESIGN AND EVALUATION OF BRAILLE-SUPPORTED TACTILE MATERIAL,TP-2,"Veri tabanında ""Dil Bilim, Özel Eğitim"" etiketleri yer almaktadır; görme engelli bireyler için Braille destekli 3B kabartma dokunsal alfabe materyal tasarımı ve oftalmolojik görme rehabilitasyonu Göz Hastalıkları / Biyomedikal Tasarım ile kesişimdir.","Dil ve Dil Bilim, Eğitim, Özel",Göz Hastalıkları,Bilgisayar Bilimleri,KRİTİK (Farklı Ana Disiplin),0.3904998863763926,0.6104726712017526,-1,0.7,"Sosyal > Sosyal > Dil ve Dil Bilim | Sosyal > Sosyal > Eğitim, Özel",Fen > Tıp > Göz Hastalıkları,0.1082334816455841,0.5,0,1
1376157,"KIBRIS MOBİLYALARINDA MİRAS, ZANAATKARLIK VE KÜLTÜREL TASARIMIN YANSIMASI: ARKIN VISION MOBİLYA VAKA ÇALIŞMASI",FP-1,Ahşap mobilya ve zanaatkarlık kültürel çalışmasıdır; mevcut Antropoloji/Sanat etiketleri uygundur.,"Antropoloji, Sanat","Mühendislik, Deniz",Mimarlık,KRİTİK (Farklı Ana Disiplin),0.3902885250396966,0.2320437567025181,278,0.4,Sosyal > Sosyal > Antropoloji | Sosyal > Sosyal > Sanat,"Fen > Mühendislik > Mühendislik, Deniz",0.1493645310401916,0.7,0,1
1443963,"POST-DİJİTAL ÇAĞDA RESİM SANATI: YAPAY ZEKA, HAPTİK ALGI VE ONTOLOJİK DİRENÇ",FP-1,"Post-dijital çağda resim sanatı, dokunsallık ve ontolojik direncin estetik/sanat felsefesi analizidir; ""yapay zeka"" kelimesi modeli teknik Görüntüleme ve Fotoğraf Teknolojisine yanıltmıştır. Mevcut Felsefe ve Sanat etiketleri doğrudur.","Felsefe, Sanat",Görüntüleme Bilimi ve Fotoğraf Teknolojisi,Bilgisayar Bilimleri,KRİTİK (Farklı Ana Disiplin),0.3880179601711152,0.5137994479346744,-1,0.4,Sosyal > Sosyal > Felsefe | Sosyal > Sosyal > Sanat,Fen > Mühendislik > Görüntüleme Bilimi ve Fotoğraf Teknolojisi,0.1701945662498474,0.5,0,1
1385429,Küresel Sürdürülebilir Rekabetçilik Endeksi’nin Bazı Gri Sistem Teorisi Temelli Çok Kriterli Karar Verme Yöntemleri ile Analizi,TP-2,"OECD ülkelerinin Küresel Sürdürülebilir Rekabetçilik Endeksi (GSCI) performanslarının Gri Sistem Teorisi temelli Çok Kriterli Karar Verme yöntemleriyle (TOPSIS-G, ARAS-G, WASPAS-G) analiz edildiği doğrudan bir uygulamalı matematik/istatistik ve sürdürülebilirlik melez araştırmasıdır; mevcut 'Matematik, İstatistik ve Olasılık' omurgasının korunması gerekirken doğal sermaye, kaynak yönetimi ve sürdürülebilir rekabetçilik endeks analizleri boyutu için modelin ve k-NN yerel uzlaşısının önerdiği Yeşil, Sürdürülebilir Bilim ve Teknoloji alanı ikincil etiket olarak eklenmelidir (TP-2 melez çalışma).","Matematik, İstatistik ve Olasılık","Yeşil, Sürdürülebilir Bilim ve Teknoloji",Yeşil,YÜKSEK (Farklı Alt Alan),0.3879214790463448,0.0,215,0.4,Fen > Temel Bilimler > Matematik | Fen > Temel Bilimler > İstatistik ve Olasılık,"Fen > Mühendislik > Yeşil, Sürdürülebilir Bilim ve Teknoloji",0.1940613687038421,0.8,1,1
1374526,"Sinema ve Estetik Alanında Bibliyometrik Analiz: Eğilimler, Aktörler ve Gelecek Yönelimler",FP-1,"Sinema ve film estetiği literatürünün bibliyometrik haritalamasıdır; İngilizce ""film"" kelimesi modeli fiziksel malzeme kaplaması olan ""Kaplamalar ve Filmler"" alanına yanıltmıştır. Mevcut Film/Radyo/TV ve Sanat etiketleri doğrudur.","Film, Radyo, Televizyon, Sanat","Malzeme Bilimleri, Kaplamalar ve Filmler",Film,KRİTİK (Farklı Ana Disiplin),0.387244634106127,0.4448922947024009,203,0.4,"Sosyal > Sosyal > Film, Radyo, Televizyon | Sosyal > Sosyal > Sanat","Fen > Mühendislik > Malzeme Bilimleri, Kaplamalar ve Filmler",0.1029187440872192,0.6,0,1
1391562,The effect of pregnancy avoidance on marital adjustment and sexual life:  After the double disaster,TP-2,"Veri tabanında sosyal bilim etiketleri yer almaktadır; 6 Şubat depremleri sonrası çiftlerde gebeliği önleme (aile planlaması), üreme sağlığı ve cinsel yaşam analizi Kadın Hastalıkları ve Doğum / Üreme Sağlığı ile kesişimdir.","Kadın Araştırmaları, Psikoloji, Sosyal Çalışma",Kadın Hastalıkları ve Doğum,Kadın Hastalıkları ve Doğum,KRİTİK (Farklı Ana Disiplin),0.3868064295742713,0.2730222139731261,21,0.7,Sosyal > Sosyal > Kadın Araştırmaları | Sosyal > Sosyal > Psikoloji | Sosyal > Sosyal > Sosyal Çalışma,Fen > Tıp > Kadın Hastalıkları ve Doğum,0.1101453602313995,0.7,0,1
1278417,Japon Bıldırcınlarında (Coturnix coturnix japonica) Yeme Farklı Oranlarda İlave Edilen Borun Lenfoid Organlar Üzerindeki Etkileri,TP-1,Bıldırcın yalnızca denektir; çalışma borik asidin biyokimyasal/histopatolojik toksisite ve antioksidan analizidir (Toksikoloji).,"Kuş Bilimi, Zooloji",Toksikoloji,Toksikoloji,YÜKSEK (Farklı Alt Alan),0.3798854556679726,0.0,125,0.5,Fen > Temel Bilimler > Kuş Bilimi | Fen > Temel Bilimler > Zooloji,Fen > Eczacılık > Toksikoloji,0.171101301908493,0.8,1,1
1395388,Phenolic Compounds Found in Citrus Species,FP-1,"Turunçgil (Citrus) türlerinin meyve, kabuk ve çekirdeklerindeki fenolik bileşikler, flavonoidler ve sekonder metabolitlerin profili, antioksidan özellikleri ve gıda/kozmetik atık değerlendirme potansiyelinin derlendiği doğrudan bir gıda bilimi, gıda kimyası ve bahçe bitkileri (pomoloji) araştırmasıdır; çalışmada tropikal bulaşıcı/paraziter hastalıklar bulunmayıp modelin 'Tropik Tıp' önerisi subtropikal meyve (Citrus) adından ve sağlık faydaları ifadelerinden kaynaklanan bariz bir model yanılgısıdır (FP-1). Mevcut 'Gıda Bilimi ve Teknolojisi, Bahçe Bitkileri' etiketleri kusursuz ve tamdır.","Gıda Bilimi ve Teknolojisi, Bahçe Bitkileri",Tropik Tıp,Biyoloji,YÜKSEK (Farklı Alt Alan),0.3792734493689281,0.3636355145281723,271,0.4,Fen > Mühendislik > Gıda Bilimi ve Teknolojisi | Fen > Ziraat > Bahçe Bitkileri,Fen > Tıp > Tropik Tıp,0.1381844878196716,0.6,1,1
1343022,Determination of Antioxidant Capacities of Some Dietary Supplements by Spectrophotometric and Chromatographic Methods,FP-1,"Ticari bitkisel gıda takviyelerinde (üzüm çekirdeği, biberiye, kudret narı, ginkgo biloba) bulunan antioksidan polifenollerin Folin-Ciocalteu, CUPRAC ve ABTS spektrofotometrik yöntemleri ile HPLC kromatografik yöntemleri kullanılarak miktar ve kapasite tayininin yapıldığı doğrudan bir analitik kimya, enstrümantal analiz ve uygulamalı kimya araştırmasıdır; çalışmada klinik veya metabolik hasta/hayvan deneyi bulunmayıp modelin 'Endokrinoloji ve Metabolizma' önerisi takviye edici gıda bağlamından kaynaklanan klasik bir model yanılgısıdır (FP-1). Mevcut 'Kimya, Analitik, Kimya, Organik, Kimya, Uygulamalı' etiketleri eksiksiz ve tamdır.","Kimya, Analitik, Kimya, Organik, Kimya, Uygulamalı",Endokrinoloji ve Metabolizma,Biyoloji,YÜKSEK (Farklı Alt Alan),0.3791844519612614,0.5514739285458817,271,0.4,"Fen > Temel Bilimler > Kimya, Analitik | Fen > Temel Bilimler > Kimya, Organik | Fen > Temel Bilimler > Kimya, Uygulamalı",Fen > Tıp > Endokrinoloji ve Metabolizma,0.1180456280708313,0.5,1,1
1401951,Yerfıstığının (Arachis hypogaea L.) yağ asidi kompozisyonu ve protein içeriği üzerine çeşit ve lokasyonun etkisi,TP-2,"Farklı lokasyonlarda (Şırnak ve Osmaniye) yetiştirilen yerfıstığı genotiplerinin tesadüf blokları deneme deseniyle genotip x çevre etkileşimi, agronomi ve verim özelliklerinin yanı sıra yağ asidi kompozisyonu, protein oranı ve yağ kalite parametrelerinin (oleik/linoleik oranı, iyot değeri) incelendiği doğrudan bir tarla bitkileri/ziraat ve gıda kimyası melez araştırmasıdır; mevcut 'Bitki Bilimleri, Ziraat Mühendisliği' omurgasının korunması gerekirken yağ asitleri, gıda kompozisyonu ve yağ kalitesi boyutu için modelin ve k-NN'in önerdiği Gıda Bilimi ve Teknolojisi alanı ikincil etiket olarak eklenmelidir (TP-2 melez çalışma).","Bitki Bilimleri, Ziraat Mühendisliği",Gıda Bilimi ve Teknolojisi,Gıda Bilimi ve Teknolojisi,YÜKSEK (Farklı Alt Alan),0.3791017005328102,0.5782839395538026,-1,0.3,Fen > Ziraat > Bitki Bilimleri | Fen > Ziraat > Ziraat Mühendisliği,Fen > Mühendislik > Gıda Bilimi ve Teknolojisi,0.0986591875553131,0.5,1,1
1379649,Evaluating the Adulticidal Effect of Alpha-Cypermethrin Against Malaysian Dengue Vector Aedes albopictus,TP-2,"Dengue (Dang humması) virüsü vektörü olan Aedes albopictus sivrisinek popülasyonlarına karşı alfa-sipermetrin insektisitinin ergin öldürücü etkinliğinin (LT50, biyo-deneyler) ve vektör kontrol stratejilerinin incelendiği doğrudan bir tıbbi entomoloji ve tropikal vektör hastalıkları araştırmasıdır; mevcut 'Entomoloji' kategorisinin korunması gerekirken dang humması vektör mücadelesi ve tropikal halk sağlığı boyutu için modelin önerdiği Tropik Tıp alanı ikincil etiket olarak eklenmelidir (TP-2 melez çalışma).",Entomoloji,Tropik Tıp,Entomoloji,YÜKSEK (Farklı Alt Alan),0.3784801508197675,0.3867062245645086,-1,0.4,Fen > Temel Bilimler > Entomoloji,Fen > Tıp > Tropik Tıp,0.1194388419389724,0.6,1,1
1376894,Antioxidant Potential and Phenolic Content of Taraxacum officinale Root Extract,TP-2,"Erzincan florasından toplanan tıbbi bitki Taraxacum officinale (karahindiba) kök ekstraktının toplam fenolik/flavonoid içeriği ve antioksidan kapasitesinin (DPPH, ABTS, FRAP) incelendiği doğrudan bir tıbbi bitkiler, fitoterapi ve bitki bilimi melez araştırmasıdır; mevcut kategorideki 'Biyoteknoloji' etiketi yöntem yanılgısı olmakla birlikte 'Tamamlayıcı ve Entegre Tıp' (fitoterapi) omurgası korunmalı ve bölgesel bitki florası/fitokimyasal boyut için modelin önerdiği Bitki Bilimleri alanı ikincil etiket olarak eklenmelidir (TP-2 melez çalışma).","Biyoteknoloji ve Uygulamalı Mikrobiyoloji, Tamamlayıcı ve Entegre Tıp",Bitki Bilimleri,Biyoloji,YÜKSEK (Farklı Alt Alan),0.3771808001691151,0.2013885976052477,271,0.4,Fen > Tıp > Biyoteknoloji ve Uygulamalı Mikrobiyoloji | Fen > Tıp > Tamamlayıcı ve Entegre Tıp,Fen > Ziraat > Bitki Bilimleri,0.1338104307651519,0.7,1,1
1359890,"Türkiye Mikota’sı için üç yeni kayıt: Deconica micropora, Hebeloma incarnatulum ve Tephrocybe platypus",FP-1,"Trabzon orman ve çayır alanlarından toplanan mantar örneklerinin makroskobik/mikroskobik karakterizasyonu ve fungaryum teşhisleriyle Türkiye Mikotası için üç yeni yabani mantar türü kaydının (Deconica micropora, Hebeloma incarnatulum, Tephrocybe platypus) verildiği doğrudan bir temel mikoloji ve mantar taksonomisi araştırmasıdır; çalışmada kültür mantarcılığı veya bahçe bitkileri tarımı bulunmayıp modelin 'Bahçe Bitkileri' önerisi mantarları bitki/tarım ürünü zanneden klasik bir model yanılgısıdır (FP-1). Mevcut 'Mantar Bilimi' kategorisi eksiksiz ve tamdır.",Mantar Bilimi,Bahçe Bitkileri,Biyoloji,YÜKSEK (Farklı Alt Alan),0.3766272424541905,0.0415555126996812,287,0.4,Fen > Temel Bilimler > Mantar Bilimi,Fen > Ziraat > Bahçe Bitkileri,0.1321096122264862,0.8,1,1
1403682,AVRUPA BİRLİĞİ YAPAY ZEKÂ TÜZÜĞÜ’NE GÖRE YASAKLANMIŞ YAPAY ZEKÂ UYGULAMALARI,FP-1,"Avrupa Birliği Yapay Zekâ Tüzüğü (AI Act) kapsamında yasaklanan yüksek riskli YZ uygulamalarının hukuki ve regülatif analizidir; ""yapay zekâ"" ifadesi modeli teknik Bilgisayar Bilimlerine yanıltmıştır. Mevcut Hukuk etiketi doğrudur",Hukuk,"Bilgisayar Bilimleri, Yapay Zeka",Bilgisayar Bilimleri,KRİTİK (Farklı Ana Disiplin),0.3733386690337573,0.2931995633916515,147,0.6,Sosyal > Sosyal > Hukuk,"Fen > Mühendislik > Bilgisayar Bilimleri, Yapay Zeka",0.1715393662452697,0.6,0,1
1373024,Sıralama İstikrarına Dayalı Kriterlerin Ağırlıklandırılmasına Yönelik Yeni Bir Yaklaşım,TP-2,"Çok Kriterli Karar Verme (ÇKKV) süreçlerinde karar matrislerinin normalizasyonu, sıralama istikrarı ve kriter ağırlıklarının duyarlılık simülasyonlarına dayalı yeni bir ağırlıklandırma metodolojisinin geliştirildiği doğrudan bir karar teorisi, yöneylem araştırması ve algoritmik istatistik melez araştırmasıdır; mevcut 'Bilgisayar Bilimleri' metodoloji omurgasının korunması gerekirken sıralama istikrarı, ağırlıklandırma matematiği ve simülasyon boyutu için modelin önerdiği İstatistik ve Olasılık alanı ikincil etiket olarak eklenmelidir (TP-2 melez çalışma).","Bilgisayar Bilimleri, Teori ve Metotlar, Bilgisayar Bilimleri, Yazılım Mühendisliği",İstatistik ve Olasılık,Bilgisayar Bilimleri,YÜKSEK (Farklı Alt Alan),0.3732031848334927,0.4173203274820878,201,0.5,"Fen > Mühendislik > Bilgisayar Bilimleri, Teori ve Metotlar | Fen > Mühendislik > Bilgisayar Bilimleri, Yazılım Mühendisliği",Fen > Temel Bilimler > İstatistik ve Olasılık,0.1967802941799163,0.5,1,1
1319569,Kültürel Kimlik Bağlamında Zara İlçesi Halı Örneklerinin İncelenmesi,TP-2,"Sivas Zara ilçesi geleneksel el dokuması halılarının kültürel kimlik, folklorik motif sembolizmi (38 motif) ve dokuma teknikleri (iplik türü, yün atkı-çözgü, desen aktarımı) açısından incelendiği doğrudan bir folklor, geleneksel el sanatları ve tekstil dokuma araştırmasıdır; mevcut kategorideki 'Biyoloji Çeşitliliğinin Korunması' etiketi sistemsel çöp veridir. Folklor omurgası korunurken dokuma tekniği ve lif/iplik özellikleri boyutu için modelin önerdiği Malzeme Bilimleri, Tekstil alanı ikincil etiket olarak eklenmelidir (TP-2 melez çalışma).","Biyoloji Çeşitliliğinin Korunması, Folklor","Malzeme Bilimleri, Tekstil",Mimarlık,YÜKSEK (Farklı Alt Alan),0.3725458829674638,0.0754023679389622,290,0.5,Fen > Temel Bilimler > Biyoloji Çeşitliliğinin Korunması | Sosyal > Sosyal > Folklor,"Fen > Mühendislik > Malzeme Bilimleri, Tekstil",0.0962722599506378,0.8,1,1
1368621,Web Structure and Silk Spinning Apparatus Morphology of the Spider Maimuna vestita (Araneae: Agelenidae),TP-2,"Maimuna vestita örümceğinin ağ yapısı, ipek salgılama/örme aygıtı morfolojisi ve örümcek ipeği liflerinin (silk fibrils, adhesive droplets) SEM ile incelendiği doğrudan bir zooloji/biyoloji, biyomimetik doğal lifler ve mikroskopi araştırmasıdır; mevcut 'Biyoloji, Mikroskopi' omurgasının korunması gerekirken örümcek ipeğinin lif morfolojisi, esneklik/dayanıklılık ve doğal tekstil lifi potansiyeli boyutu için modelin ve k-NN'in önerdiği Malzeme Bilimleri, Tekstil alanı ikincil etiket olarak eklenmelidir (TP-2 melez çalışma).","Biyoloji, Mikroskopi","Malzeme Bilimleri, Tekstil",Malzeme Bilimleri,YÜKSEK (Farklı Alt Alan),0.3671360265505498,0.0489666876364487,206,0.5,Fen > Temel Bilimler > Biyoloji | Fen > Temel Bilimler > Mikroskopi,"Fen > Mühendislik > Malzeme Bilimleri, Tekstil",0.0996981561183929,0.8,1,1
1177921,Investigations on the incidence of deafness in Van cats and its distribution by eye color,FP-1,"Van kedilerinde ABR (Auditory Brainstem Response) cihazıyla işitme eşiklerinin ve sağırlık insidansının göz rengiyle ilişkisinin araştırıldığı ve hayvan ıslahına yönelik sonuçların sunulduğu doğrudan bir veteriner hekimliği ve hayvan genetiği araştırmasıdır; mevcut kategorideki 'Kuş Bilimi' etiketi sistemsel çöp veri olup modelin 'Kulak, Burun, Boğaz' önerisi insan hekimliği KBB alanına ait bir model yanılgısıdır (FP-1). Mevcut 'Veterinerlik' ana disiplini tam ve doğrudur.","Biyoloji, Kuş Bilimi, Veterinerlik","Kulak, Burun, Boğaz",Odyoloji ve Konuşma-Dil Patolojisi,YÜKSEK (Farklı Alt Alan),0.3657073892849662,0.0425633711409477,139,0.4,Fen > Temel Bilimler > Biyoloji | Fen > Temel Bilimler > Kuş Bilimi | Fen > Veterinerlik > Veterinerlik,"Fen > Tıp > Kulak, Burun, Boğaz",0.100190132856369,0.8,1,1
1263764,Deneysel Midye Diyeti Uygulanan Sıçanların Omurilik Dokusunda Meydana Gelen Histopatolojik Değişiklikler Öz,TP-2,"Çanakkale Boğazı'ndan toplanan midyelerdeki ağır metal ve çevresel toksin biyoakümülasyonunun sıçan omurilik (medulla spinalis) dokusunda yol açtığı nörotoksisite, aksonal hasar ve TUNEL glial apoptozun incelendiği doğrudan bir gıda/çevre toksikolojisi, nörotoksisite ve histopatoloji melez araştırmasıdır; mevcut histopatoloji omurgası korunurken ağır metal kaynaklı nörodejeneratif hasar ve biyoakümülasyon boyutu için modelin ve k-NN yerel uzlaşısının (%60) isabetle önerdiği Toksikoloji alanı ikincil etiket olarak eklenmelidir (TP-2 melez çalışma).","Biyoloji, Mikroskopi, Zooloji, Hücre Biyolojisi, Patoloji",Toksikoloji,Toksikoloji,YÜKSEK (Farklı Alt Alan),0.3638042508441104,0.3665712435555037,135,0.6,Fen > Temel Bilimler > Biyoloji | Fen > Temel Bilimler > Mikroskopi | Fen > Temel Bilimler > Zooloji | Fen > Tıp > Hücre Biyolojisi | Fen > Tıp > Patoloji,Fen > Eczacılık > Toksikoloji,0.0918898284435272,0.6,1,1
1329903,Dil ve Konuşma Terapisi Son Sınıf Öğrencilerinin Staj  Deneyimleri: Nitel Bir Araştırma,TP-2,"Veri tabanında sadece klinik tıp etiketleri bulunmaktadır; dil ve konuşma terapisi stajyerlerinin klinik sesletim, kekemelik ve afazi terapi deneyimleri Dil ve Dil Bilim / Uygulamalı Dilbilim ile disiplinlerarasıdır.","Odyoloji ve Konuşma-Dil Patolojisi, Sağlık Bilimleri ve Hizmetleri",Dil ve Dil Bilim,Dil ve Dil Bilim,KRİTİK (Farklı Ana Disiplin),0.3636442013772231,0.1902254542477534,237,0.7,Fen > Tıp > Odyoloji ve Konuşma-Dil Patolojisi | Fen > Tıp > Sağlık Bilimleri ve Hizmetleri,Sosyal > Sosyal > Dil ve Dil Bilim,0.1031081080436706,0.7,0,1
1395394,AI Çağında İnsan Odaklı Eleştirel Bir Düşünce Akımı: Post-Luddizm,FP-1,"Yapay zekâ çağında Post-Luddizm akımının, teknoloji eleştirisinin ve işsizlik kaygılarının sosyolojik/felsefi analizidir; ""yapay zeka"" kelimesi modeli hatalı şekilde teknik Bilgisayar Bilimleri alanına yanıltmıştır (Sosyoloji ve Felsefe konusudur).","Bilim Felsefesi ve Tarihi, Sosyoloji","Bilgisayar Bilimleri, Yapay Zeka",Bilgisayar Bilimleri,KRİTİK (Farklı Ana Disiplin),0.3630940663814544,0.0,147,0.8,Sosyal > Sosyal > Bilim Felsefesi ve Tarihi | Sosyal > Sosyal > Sosyoloji,"Fen > Mühendislik > Bilgisayar Bilimleri, Yapay Zeka",0.237411618232727,0.7,0,1
1401992,Algoritmik Yabancılaşma: Dijital Benlik Üzerine Kuramsal Bir İnceleme,FP-1,"Algoritmaların dijital benlik ve karar mekanizmaları üzerindeki psikolojik yabancılaşma etkisinin kuramsal analizidir; ""algoritma"" kelimesi modeli hatalı şekilde Bilgisayar Bilimleri/Yapay Zeka alanına yanıltmıştır (Psikoloji/Sosyoloji konusudur).","Psikoloji, Sosyoloji","Bilgisayar Bilimleri, Yapay Zeka",Bilgisayar Bilimleri,KRİTİK (Farklı Ana Disiplin),0.361895052050798,0.3426443141907409,-1,0.5,Sosyal > Sosyal > Psikoloji | Sosyal > Sosyal > Sosyoloji,"Fen > Mühendislik > Bilgisayar Bilimleri, Yapay Zeka",0.1035256385803222,0.6,0,1
1343328,Ratlarda Kurşun Asetat ile İndüklenen Dalak Toksisitesine Karşı Borago officinalis'in Bax/Bcl-2/Kaspaz-3 yolakları üzerine Etkisinin İncelenmesi,TP-2,"Ratlarda kurşun asetat ile indüklenen dalak hasarı ve toksisitesine karşı Borago officinalis ekstraktının koruyucu etkilerinin moleküler yolaklar (Keap-1, IL-1β, IL-10, NF-ĸB, Bax/Bcl-2/Kaspaz-3) üzerinden incelendiği doğrudan bir toksikoloji, immünoloji ve deney hayvanları araştırmasıdır; mevcut 'İmmünoloji, Veterinerlik' omurgasının korunması gerekirken ağır metal toksisitesi, antioksidan/anti-apoptotik koruma mekanizmaları boyutu için modelin ve k-NN yerel uzlaşısının isabetle önerdiği Toksikoloji alanı ikincil etiket olarak eklenmelidir (TP-2 melez çalışma).","İmmünoloji, Veterinerlik",Toksikoloji,Toksikoloji,YÜKSEK (Farklı Alt Alan),0.3588066500425339,0.0,135,0.3,Fen > Tıp > İmmünoloji | Fen > Veterinerlik > Veterinerlik,Fen > Eczacılık > Toksikoloji,0.1108761429786682,0.8,1,1
1393864,The Role of Placental Development in Determining Birth Weight and Growth Performance of Lambs,FP-1,"Koyunlarda plasenta ağırlığı, kotiledon sayısı/boyutu ve plasental etkinliğin kuzu doğum ağırlığı ve postnatal büyüme performansı üzerindeki etkilerini inceleyen doğrudan bir zootekni, hayvan yetiştirme ve veteriner reprodüksiyon derlemesidir; çalışmada insan hekimliği bulunmayıp modelin 'Kadın Hastalıkları ve Doğum' önerisi plasenta, doğum ağırlığı ve gebelik terimlerinden kaynaklanan bariz bir tıp yanılgısıdır (FP-1). Mevcut 'Ziraat Mühendisliği' (zootekni) kategorisi uygundur (k-NN yerel uzlaşısı da Veterinerlik yönündedir).",Ziraat Mühendisliği,Kadın Hastalıkları ve Doğum,Veterinerlik,YÜKSEK (Farklı Alt Alan),0.3585157740116119,0.0,93,0.4,Fen > Ziraat > Ziraat Mühendisliği,Fen > Tıp > Kadın Hastalıkları ve Doğum,0.2243307828903198,0.7,1,1
1210255,A New Fractional-order Derivative-based Nonlinear Anisotropic Diffusion Model for Biomedical Imaging,FP-1,"Biyomedikal ultrason görüntülerindeki benek gürültüsünü (speckle noise) gidermek amacıyla kesirli mertebeden türev tabanlı doğrusal olmayan anizotropik difüzyon kısmi diferansiyel denklem (PDE) modelinin ve sonlu farklar çözümünün geliştirildiği doğrudan bir uygulamalı matematik, biyomedikal görüntü işleme ve görüntüleme bilimi araştırmasıdır; çalışmada klinik anestezi uygulaması veya cerrahi süreç bulunmayıp modelin 'Anestezi' önerisi tıbbi görüntüleme bağlamından kaynaklanan absürt bir model yanılgısıdır (FP-1). Mevcut 'Görüntüleme Bilimi ve Fotoğraf Teknolojisi, Matematik' omurgası uygundur (k-NN yerel uzlaşısı da Bilgisayar Bilimleri yönündedir).","Görüntüleme Bilimi ve Fotoğraf Teknolojisi, Fizikokimya, Kimya, Uygulamalı, Matematik",Anestezi,Bilgisayar Bilimleri,YÜKSEK (Farklı Alt Alan),0.3562471139430999,0.0,68,0.4,"Fen > Mühendislik > Görüntüleme Bilimi ve Fotoğraf Teknolojisi | Fen > Temel Bilimler > Fizikokimya | Fen > Temel Bilimler > Kimya, Uygulamalı | Fen > Temel Bilimler > Matematik",Fen > Tıp > Anestezi,0.2178488969802856,0.7,1,1
1340804,Kovid-19 Hastalığında Kullanılan İlaç Etken Maddesi Molnupiravirin Elektrokimyasal Yöntemlerle Belirlenmesi,FP-1,"COVID-19 tedavisinde kullanılan antiviral ilaç molnupiravirin (MLP) tayini için MWCNT destekli ferrit nanopartikül modifiye camımsı karbon elektrot (CrFe2O4@MWCNT) tabanlı elektrokimyasal sensör geliştirilmesi, voltammetrik analizleri (CV, DPV) ve girişim çalışmalarının incelendiği doğrudan bir analitik kimya, elektrokimya ve nanomalzeme araştırmasıdır; çalışmada klinik hasta takibi veya bulaşıcı hastalık patogenezi bulunmayıp modelin 'Enfeksiyon Hastalıkları' önerisi antiviral etken madde bağlamından kaynaklanan bir model yanılgısıdır (FP-1). Mevcut 'Kimya, Analitik' ve farmasötik/toksikolojik omurga yeterlidir.","Toksikoloji, Kimya, Analitik",Enfeksiyon Hastalıkları,Viroloji,YÜKSEK (Farklı Alt Alan),0.353750668168068,0.0,54,0.6,"Fen > Eczacılık > Toksikoloji | Fen > Temel Bilimler > Kimya, Analitik",Fen > Tıp > Enfeksiyon Hastalıkları,0.096430480480194,0.8,1,1
1264000,Yapay Zekâ Uygulamalarının İletişim ve Halkla İlişkiler Alanlarındaki Akademik Yansımalarının Niteliksel Değerlendirilmesi,FP-1,"Halkla ilişkiler ve iletişim bilimleri alanında yapay zekâ konulu akademik makalelerin nitel içerik analizidir; ""yapay zekâ"" kelimesi modeli teknik Bilgisayar Bilimleri alanına yanıltmıştır. Mevcut Halkla İlişkiler ve İletişim etiketleri doğrudur.","Halkla İlişkiler, İletişim, İşletme","Bilgisayar Bilimleri, Yapay Zeka",Bilgisayar Bilimleri,KRİTİK (Farklı Ana Disiplin),0.3532725189311227,0.0028833334378089,147,0.8,Sosyal > Sosyal > Halkla İlişkiler | Sosyal > Sosyal > İletişim | Sosyal > Sosyal > İşletme,"Fen > Mühendislik > Bilgisayar Bilimleri, Yapay Zeka",0.2072905302047729,0.7,0,1
1398239,Korpus Luteum Varlığının Rutin Ovariohisterektomi Uygulanan Klinik Olarak Sağlıklı Dişi Kedilerde Endometriyal Hiperplazi İçin Bir Risk Faktörü Olarak Değerlendirilmesi,FP-1,"Rutin ovariohisterektomi (kısırlaştırma) uygulanan 50 dişi kedide korpus luteum (CL) varlığı ile kistik endometriyal hiperplazi (CEH) ve subklinik uterin patolojiler arasındaki ilişkinin histopatolojik olarak incelendiği doğrudan bir veteriner hekimliği, veteriner doğum ve jinekoloji araştırmasıdır; çalışmada insan hekimliği bulunmayıp modelin ve yerel kümenin 'Kadın Hastalıkları ve Doğum' önerisi korpus luteum, uterus, ovaryum ve endometriyal hiperplazi gibi jinekolojik terimlerden kaynaklanan klasik bir insan tıbbı model yanılgısıdır (FP-1). Mevcut 'Veterinerlik' kategorisi tek başına tam ve doğrudur.",Veterinerlik,Kadın Hastalıkları ve Doğum,Kadın Hastalıkları ve Doğum,YÜKSEK (Farklı Alt Alan),0.3526322010159492,0.0,45,0.4,Fen > Veterinerlik > Veterinerlik,Fen > Tıp > Kadın Hastalıkları ve Doğum,0.2075205743312835,0.7,1,1
1325187,Sıçanlarda Parasetamol Kaynaklı Testis Toksisitesinde Terapötik Bir Ajan Olarak Bor: Biyokimyasal Bir Bakış Açısı,TP-2,"Sıçanlarda yüksek doz parasetamol (1 g/kg) ile indüklenen akut testis toksisitesine karşı borun (sodyum pentaborat) koruyucu etkilerinin antioksidan enzimler (SOD, CAT, GPx), MDA lipid peroksidasyonu, Kaspaz-3 apoptozu ve pro-inflamatuar sitokinler (TNF-α, IL-1β) üzerinden incelendiği doğrudan bir üreme toksikolojisi, androloji ve deneysel tıp araştırmasıdır; mevcut kategorideki 'Biyoteknoloji' etiketi yöntem yanılgısı/çöp veri olmakla birlikte 'Androloji' ve 'Tıbbi Araştırmalar Deneysel' omurgası korunmalı ve ilaç toksisitesi boyutu için modelin ve k-NN yerel uzlaşısının (%50) isabetle önerdiği Toksikoloji alanı ikincil etiket olarak eklenmelidir (TP-2 melez çalışma).","Androloji, Biyoteknoloji ve Uygulamalı Mikrobiyoloji, Tıbbi Araştırmalar Deneysel",Toksikoloji,Toksikoloji,YÜKSEK (Farklı Alt Alan),0.351846310529148,0.4366632105232692,135,0.5,Fen > Tıp > Androloji | Fen > Tıp > Biyoteknoloji ve Uygulamalı Mikrobiyoloji | Fen > Tıp > Tıbbi Araştırmalar Deneysel,Fen > Eczacılık > Toksikoloji,0.1219443082809448,0.5,1,1
1347853,Evaluation of the Effects of Different Irrigation Solutions on MTA and Dentin Microhardness,TP-1,"Kök kanal irrigasyon solüsyonlarının (EDTA, NaOCl, CHX, sitrik asit) çekilmiş insan dişlerinde uygulanan MTA (mineral trioksit agregat) ve dentin dokusunun Vickers mikrosertliği üzerindeki etkilerini inceleyen doğrudan bir endodonti, dental materyaller ve diş hekimliği araştırmasıdır; mevcut kategorideki 'Malzeme Bilimleri, Kâğıt ve Ahşap' etiketi sistemsel çöp veridir. Modelin ve k-NN yerel uzlaşısının (%80) isabetle belirlediği 'Diş Hekimliği' kategorisi çalışmanın gerçek ve tek ana disiplini olup makale bu alana aktarılmalıdır (TP-1 kategori değişimi).","Malzeme Bilimleri, Kâğıt ve Ahşap, Cerrahi",Diş Hekimliği,Diş Hekimliği,YÜKSEK (Farklı Alt Alan),0.350589493215084,0.0,122,0.8,"Fen > Mühendislik > Malzeme Bilimleri, Kâğıt ve Ahşap | Fen > Tıp > Cerrahi",Fen > Diş Hekimliği > Diş Hekimliği,0.2016842663288116,0.7,1,1
1454389,LOJİSTİK 4.0 BAĞLAMINDA LOJİSTİK MALİYETLERİN SWARA YÖNTEMİ İLE DEĞERLENDİRİLMESİ,TP-2,"Veri tabanında yalnızca ""İşletme"" etiketi yer almaktadır; Lojistik 4.0 kapsamında tedarik zinciri maliyetlerinin SWARA çok kriterli karar verme yöntemiyle optimizasyonu Endüstri Mühendisliği ve Yeşil Lojistik ile disiplinlerarasıdır.",İşletme,"Yeşil, Sürdürülebilir Bilim ve Teknoloji",Endüstri Mühendisliği,KRİTİK (Farklı Ana Disiplin),0.3504556033015251,0.0,43,0.3,Sosyal > Sosyal > İşletme,"Fen > Mühendislik > Yeşil, Sürdürülebilir Bilim ve Teknoloji",0.2013017237186432,0.7,0,1
1388125,"Sıçanların İçme Suyuna Bor İlavesinin Hematolojik Parametreler ile Serum Bor, Kalsiyum, Fosfor ve Magnezyum Seviyelerine Etkilerinin Araştırılması",TP-2,"Wistar Albino sıçanların içme suyuna bor (boraks dekahidrat) ilavesinin serum bor düzeyleri (ICP-OES), mineral metabolizması (Ca, Mg, P) ve hematolojik parametreler üzerindeki etkilerinin ve güvenliğinin araştırıldığı doğrudan bir deneysel tıp ve toksikoloji melez araştırmasıdır; mevcut 'Tıbbi Araştırmalar Deneysel' omurgasının korunması gerekirken bor maruziyeti, subakut toksisite ve hematotoksisite değerlendirmesi boyutu için modelin ve k-NN yerel uzlaşısının önerdiği Toksikoloji alanı ikincil etiket olarak eklenmelidir (TP-2 melez çalışma).",Tıbbi Araştırmalar Deneysel,Toksikoloji,Toksikoloji,YÜKSEK (Farklı Alt Alan),0.3489428146094127,0.4252565914035014,135,0.3,Fen > Tıp > Tıbbi Araştırmalar Deneysel,Fen > Eczacılık > Toksikoloji,0.1217961907386779,0.5,1,1
1287758,Kent ağaçlarının azalmasının düzenleyici ekosistem hizmetleri üzerindeki etkisi: Edirne Türkiye,TP-2,"Edirne Merkez ilçesi ve Sarayiçi Tavuk Ormanı'nda 2005-2023 yılları arasındaki kent ağaç örtüsü değişiminin i-Tree Canopy aracı kullanılarak karbon tutma ve hava kirleticilerini temizleme kapasitesi (ekosistem hizmetleri) üzerinden incelendiği doğrudan bir kentsel ormancılık, kentsel ekoloji ve mekânsal analiz melez araştırmasıdır; mevcut 'Ekoloji, Coğrafya' omurgasının korunması gerekirken kentsel ormancılık, meşcere/ağaç örtüsü hesaplamaları ve i-Tree ormancılık modellemesi boyutu için modelin ve k-NN yerel uzlaşısının önerdiği Orman Mühendisliği alanı ikincil etiket olarak eklenmelidir (TP-2 melez çalışma).","Ekoloji, Coğrafya",Orman Mühendisliği,Orman Mühendisliği,YÜKSEK (Farklı Alt Alan),0.3487619709456396,0.1367990587093167,70,0.4,Fen > Temel Bilimler > Ekoloji | Sosyal > Sosyal > Coğrafya,Fen > Mühendislik > Orman Mühendisliği,0.0987491607666015,0.7,1,1
1398387,Influence of time of harvesting on phytochemical composition and antioxidant activity of different organs of Dittrichia viscosa (L.) Greuter,FP-1,"Tıbbi bitki Dittrichia viscosa'nın farklı organlarının (yaprak, kök, çiçek) hasat zamanına göre fitokimyasal içeriği, toplam fenolik/flavonoid miktarları, DPPH radikal süpürme aktivitesi ve LC-MS/MS ile kuersetin, rutin, rosmarinik asit profillemesinin incelendiği doğrudan bir bitki kimyası, analitik kimya ve fitofarmasi araştırmasıdır; çalışmada in vivo deney veya metabolizma/endokrin kliniği bulunmayıp modelin 'Endokrinoloji ve Metabolizma' önerisi geleneksel tıp/sağlık faydaları ifadelerinden kaynaklanan bir model yanılgısıdır (FP-1). Mevcut 'Kimya, Analitik, Bitki Bilimleri' kategorileri eksiksiz ve tamdır.","Kimya, Analitik, Bitki Bilimleri",Endokrinoloji ve Metabolizma,Biyoloji,YÜKSEK (Farklı Alt Alan),0.3484952174602249,0.301078295301715,271,0.4,"Fen > Temel Bilimler > Kimya, Analitik | Fen > Ziraat > Bitki Bilimleri",Fen > Tıp > Endokrinoloji ve Metabolizma,0.0949304103851318,0.6,1,1
1393295,"A comprehensive study on the structural, electrical and optical properties of DC sputtered Molybdenum thin films",TP-2,"DC magnetron sıçratma (sputtering) yöntemiyle üretilen Molibden (Mo) metalik ince filmlerinin taban sıcaklığı, argon basıncı ve film kalınlığına bağlı kristalografik yapısı (XRD), tabaka direnci, NIR yansıtıcılığı ve optoelektronik özelliklerinin incelendiği doğrudan bir uygulamalı fizik, ince film kaplama ve metalurji/malzeme mühendisliği melez araştırmasıdır; mevcut kategorideki 'Matematik' etiketi sistemsel çöp veri olup 'Fizik, Uygulamalı' omurgası korunmalı ve metalik ince film üretimi ile malzeme karakterizasyonu boyutu için modelin ve k-NN yerel uzlaşısının (%80) isabetle önerdiği Metalürji Mühendisliği / Malzeme Bilimleri alanı ikincil etiket olarak eklenmelidir (TP-2 melez çalışma).","Fizik, Uygulamalı, Matematik",Metalürji Mühendisliği,Malzeme Bilimleri,YÜKSEK (Farklı Alt Alan),0.3468336388451641,0.2300186240604663,226,0.8,"Fen > Temel Bilimler > Fizik, Uygulamalı | Fen > Temel Bilimler > Matematik",Fen > Mühendislik > Metalürji Mühendisliği,0.1409399509429931,0.6,1,1
1254169,Türkiye Florası için Yeni Bir Kayıt: Rhynchocorys maxima Richt. ex Stapf (Kafkas Filburnu) (Orobanchaceae),TP-1,"Rize yöresinden toplanan Rhynchocorys maxima (Kafkas Filburnu) türünün morfolojik betimi, teşhis anahtarı ve yayılış haritasıyla Türkiye Florası için ilk kez yeni kayıt olarak tanımlandığı doğrudan bir botanik, bitki taksonomisi ve temel biyoloji araştırmasıdır; mevcut kategorideki 'Kuş Bilimi, Parazitoloji, Su Kaynakları, Zooloji' etiketlerinin tamamı sistemsel çöp veridir. Modelin 'Bahçe Bitkileri' önerisi yabani flora sistematiğini ziraat sanan bir yanılgı olup k-NN yerel uzlaşısının (%50) işaret ettiği 'Biyoloji' (veya Ziraat/Bitki Bilimleri) ana disiplinine aktarılmalıdır (TP-1 kategori değişimi).","Kuş Bilimi, Parazitoloji, Su Kaynakları, Zooloji, Çevre Bilimleri",Bahçe Bitkileri,Biyoloji,YÜKSEK (Farklı Alt Alan),0.3460476669669151,0.0,286,0.5,Fen > Temel Bilimler > Kuş Bilimi | Fen > Temel Bilimler > Parazitoloji | Fen > Temel Bilimler > Su Kaynakları | Fen > Temel Bilimler > Zooloji | Fen > Temel Bilimler > Çevre Bilimleri,Fen > Ziraat > Bahçe Bitkileri,0.1887076199054718,0.7,1,1
1394020,Coğrafi Bilgi Sistemi Tabanlı Analitik Hiyerarşi Yöntemi ile Taşkın Duyarlılık Analizi: Oğulpaşa Deresi Havzası Örneği (Edirne),TP-2,"Veri tabanında sadece ""Coğrafya"" etiketi bulunmaktadır; Oğulpaşa Deresi Havzası'nın taşkın duyarlılık ve hidrolojik risk modellemesi Meteoroloji ve Atmosferik Bilimler / Hidroloji ikincil alanı ile tamamlanmalıdır.",Coğrafya,Meteoroloji ve Atmosferik Bilimler,Meteoroloji ve Atmosferik Bilimler,KRİTİK (Farklı Ana Disiplin),0.3435726541280746,0.0,252,0.3,Sosyal > Sosyal > Coğrafya,Fen > Mühendislik > Meteoroloji ve Atmosferik Bilimler,0.1816361546516418,0.7,0,1
1436788,GIDA ENDÜSTRISI OYNAKLIĞININ ASIMETRIK DAVRANIŞLAR YOLUYLA BAĞLAMSALLAŞTIRILMASI: STOXX EUROPE 600 GIDA FIYAT ENDEKSINDEN KANITLAR.,TP-2,STOXX Europe 600 gıda endeksinde asimetrik GARCH modelleriyle finansal oynaklık analizidir; İktisat ve Finans etiketlerini gıda sektörü piyasası boyutuyla Tarımsal Ekonomi alanıyla tamamlamıştır (Çevre Bilimleri hatalı model yanılgısıdır).,"İktisat, İşletme Finans",Tarımsal Ekonomi ve Politika,Tarımsal Ekonomi ve Politika,KRİTİK (Farklı Ana Disiplin),0.3430959436478176,0.1835097623594434,116,0.3,Sosyal > Sosyal > İktisat | Sosyal > Sosyal > İşletme Finans,Fen > Ziraat > Tarımsal Ekonomi ve Politika,0.277767151594162,0.5,0,1
1394100,METAVERSE VE KENT KESİŞİMİNDEKİ LİTERATÜRÜN BİBLİYOMETRİK ANALİZİ (2012-2026),TP-2,"Web of Science veri tabanında metaverse ve akıllı kent kesişiminde yayımlanmış makalelerin R programı (Biblioshiny) kullanılarak atıf dinamikleri, kavram-tema haritalaması ve yayın eğilimleri açısından incelendiği doğrudan bir bibliyometri, bilişim ve kentsel çalışmalar araştırmasıdır; mevcut 'Bilgisayar Bilimleri, Yapay Zeka, Kentsel Çalışmalar, İşletme' disiplin omurgası korunurken bibliyometrik veri analitiği ve nicel haritalama boyutu için modelin önerdiği İstatistik ve Olasılık alanı ikincil etiket olarak eklenmelidir (TP-2 melez çalışma).","Bilgisayar Bilimleri, Yapay Zeka, Kentsel Çalışmalar, İşletme",İstatistik ve Olasılık,Bilgisayar Bilimleri,YÜKSEK (Farklı Alt Alan),0.3430613925249157,0.2233448847892989,203,0.4,"Fen > Mühendislik > Bilgisayar Bilimleri, Yapay Zeka | Sosyal > Sosyal > Kentsel Çalışmalar | Sosyal > Sosyal > İşletme",Fen > Temel Bilimler > İstatistik ve Olasılık,0.1349290609359741,0.6,1,1
1326496,VAROLUŞ SANCISI DUYMADAN YAŞAMAK: PERFECT DAYS FİLMİ ÜZERİNE BİR ÇÖZÜMLEME,FP-1,"Wim Wenders'ın Perfect Days filminin felsefi ve sinematografik anlatı analizidir; modelin 'Mühendislik, Deniz' önerisi bariz bir hubness model hatasıdır ($k$-NN doğru şekilde 'Film' yakalamıştır). Modelin ana önerisi tamamen hatalı olduğu için FP-1 olarak değerlendirilmiştir.","Edebiyat, Felsefe, Müzik, Tiyatro","Mühendislik, Deniz",Film,KRİTİK (Farklı Ana Disiplin),0.3415166507625426,0.4208728593444208,292,0.3,Sosyal > Sosyal > Edebiyat | Sosyal > Sosyal > Felsefe | Sosyal > Sosyal > Müzik | Sosyal > Sosyal > Tiyatro,"Fen > Mühendislik > Mühendislik, Deniz",0.1037098169326782,0.5,0,1
1339223,Novel UV-Visible Spectroscopy method for development and validation of nicardipine hydrochloride in bulk form,FP-1,"Antihipertansif ve antianginal bir ilaç etken maddesi olan Nikardipin hidroklorürün (Nicardipine HCl) dökme formda miktar tayinine yönelik yeni bir UV-Görünür Bölge Spektroskopisi yönteminin geliştirildiği ve analitik validasyon parametrelerinin (doğrusallık, kesinlik, doğruluk, LOD, LOQ) incelendiği doğrudan bir farmasötik analiz ve spektroskopi araştırmasıdır; çalışmada klinik kardiyoloji veya in vivo vasküler deney bulunmayıp modelin 'Kalp ve Kalp Damar Sistemi' önerisi ilacın kardiyovasküler endikasyon açıklamalarından kaynaklanan klasik bir model yanılgısıdır (FP-1). Mevcut 'Farmakoloji ve Eczacılık, Spektroskopi' etiketleri eksiksiz ve tamdır (k-NN yerel uzlaşısı da %60 Kimya yönündedir).","Farmakoloji ve Eczacılık, Spektroskopi",Kalp ve Kalp Damar Sistemi,Kimya,YÜKSEK (Farklı Alt Alan),0.3406794700026512,0.0,180,0.6,Fen > Eczacılık > Farmakoloji ve Eczacılık | Fen > Temel Bilimler > Spektroskopi,Fen > Tıp > Kalp ve Kalp Damar Sistemi,0.1733699142932891,0.7,1,1
1378487,Analysis of the performance of two moving mesh methods applied to semi-submerged structures with a rotational DOF,TP-2,"Yarı batık deniz yapıları (şamandıra ve Pendulor tipi dalga enerjisi dönüştürücüsü) üzerinde dönel serbestlik derecesine sahip hareketli ağ (dinamik ve kayar ağ - DM/SM) yöntemlerinin Navier-Stokes (RANS), k-ω SST türbülans modeli ve VOF serbest yüzeyli iki fazlı akış hidro-dinamiğiyle simüle edildiği doğrudan bir deniz mühendisliği, hesaplamalı akışkanlar mekaniği (CFD) ve akışkanlar fiziği melez araştırmasıdır; mevcut 'Mühendislik, Deniz' omurgasının korunması gerekirken serbest yüzeyli iki fazlı akış, hareketli ağ fiziği ve hidrodinamik türbülans modellemesi boyutu için modelin önerdiği Fizik, Akışkanlar ve Plazma alanı ikincil etiket olarak eklenmelidir (TP-2 melez çalışma).","Mühendislik, Deniz","Fizik, Akışkanlar ve Plazma",Mühendislik,YÜKSEK (Farklı Alt Alan),0.3406650035018117,0.3514142954088811,225,0.4,"Fen > Mühendislik > Mühendislik, Deniz","Fen > Temel Bilimler > Fizik, Akışkanlar ve Plazma",0.1508897989988327,0.5,1,1
1367124,"Türkiye’de Arpa, Buğday, Mısır, Pamuk ve Zeytin Üretiminin İklim Değişikliği Üzerindeki Etkisi",TP-2,"Türkiye'de tarımsal ürünlerin (mısır, buğday, pamuk, arpa, zeytin) üretimi ve GSYH değişkenlerinin sera gazı emisyonları ile iklim değişikliği üzerindeki etkilerinin Yapay Sinir Ağları (YSA) ile modellendiği ve tarımsal üretim politikalarının tartışıldığı doğrudan bir tarım ekonomisi, çevre bilimleri ve yapay zeka melez araştırmasıdır; mevcut 'Bilgisayar Bilimleri, Çevre Bilimleri' omurgasının korunması gerekirken tarımsal üretim, GSYH makroekonomik boyutu ve tarım politikaları için modelin ve k-NN yerel uzlaşısının önerdiği Tarımsal Ekonomi ve Politika alanı ikincil etiket olarak eklenmelidir (TP-2 melez çalışma).","Bilgisayar Bilimleri, Teori ve Metotlar, Çevre Bilimleri",Tarımsal Ekonomi ve Politika,Tarımsal Ekonomi ve Politika,YÜKSEK (Farklı Alt Alan),0.3389728508403011,0.118981360598448,116,0.3,"Fen > Mühendislik > Bilgisayar Bilimleri, Teori ve Metotlar | Fen > Temel Bilimler > Çevre Bilimleri",Fen > Ziraat > Tarımsal Ekonomi ve Politika,0.1977928876876831,0.6,1,1
1436122,SANAYİ 4.0: ÇEŞİTLİ ÜLKE ÖRNEKLERİ ÜZERİNDEN ULUSAL POLİTİKALARIN VE STRATEJİLERİN İNCELEMESİ,FP-1,"Ulusal kalkınma planları ve kamu sanayi politikaları analizidir; ""Sanayi 4.0"" ifadesi modeli teknik Endüstri Mühendisliği alanına yanıltmıştır (İktisat/Kamu Politikası konusudur).","Kamu Yönetimi, İşletme","Yeşil, Sürdürülebilir Bilim ve Teknoloji",Endüstri Mühendisliği,KRİTİK (Farklı Ana Disiplin),0.3304594976707067,0.0482173184568748,43,0.3,Sosyal > Sosyal > Kamu Yönetimi | Sosyal > Sosyal > İşletme,"Fen > Mühendislik > Yeşil, Sürdürülebilir Bilim ve Teknoloji",0.1097290515899658,0.7,0,1
1180964,Evaluation of X-Ray Shielding Ability of Tungsten Rubber: A GAMOS Monte Carlo Study,TP-2,"Kurşuna alternatif olarak geliştirilen tungsten katkılı kauçuk (TCR) polimer kompozit malzemenin X-ışını soğurma ve zırhlama kapasitesinin GAMOS Monte Carlo simülasyonu ve Phy-X/PSD verileriyle (MFP, HVL, 30-1000 keV foton enerjisi) incelendiği doğrudan bir radyasyon/nükleer fizik ve kompozit malzeme testleri melez araştırmasıdır; mevcut 'Fizik, Nükleer' omurgasının korunması gerekirken polimer kompozit zırh malzemesi özellikleri ve radyasyon testleri boyutu için modelin ve k-NN yerel uzlaşısının önerdiği Malzeme Bilimleri, Özellik ve Test alanı ikincil etiket olarak eklenmelidir (TP-2 melez çalışma).","Fizik, Nükleer","Malzeme Bilimleri, Özellik ve Test",Malzeme Bilimleri,YÜKSEK (Farklı Alt Alan),0.3292886011109228,0.1749733739318351,26,0.4,"Fen > Temel Bilimler > Fizik, Nükleer","Fen > Mühendislik > Malzeme Bilimleri, Özellik ve Test",0.1301293075084686,0.6,1,1
1359899,Türkiye mikobiyotası için iki yeni Helotiales kaydı,FP-1,Helotiales takımına ait iki mantar taksonunun (Chloroscypha alutipes ve Rutstroemia bolaris) makroskobik ve mikroskobik betimlemeleriyle Türkiye mikobiyotası için yeni tür kaydı olarak tanımlandığı doğrudan bir mikoloji ve taksonomi araştırmasıdır; çalışmada insan sindirim/karaciğer sistemi bulunmayıp modelin 'Gastroenteroloji ve Hepatoloji' önerisi tamamen anlamsız ve absürt bir model yanılgısıdır (FP-1). Mevcut 'Mantar Bilimi' ana disiplini %100 kusursuz ve tamdır.,Mantar Bilimi,Gastroenteroloji ve Hepatoloji,Biyoloji,YÜKSEK (Farklı Alt Alan),0.3289042234427359,0.3283525109317409,289,0.4,Fen > Temel Bilimler > Mantar Bilimi,Fen > Tıp > Gastroenteroloji ve Hepatoloji,0.1337602734565735,0.5,1,1
1430772,New monolithic post-core concept: a comparison of prefabricated and CAD-CAM fabricated post-cores,FP-1,"Kanal tedavisi görmüş dişlerde farklı post-kor sistemlerinin (fiber post-kompozit kor, prefabrike monolitik fiber ve CAD-CAM monolitik zirkonya) kırılma ve çekme dayanımlarının (fracture/pull-out strength) mekanik olarak karşılaştırıldığı doğrudan bir protetik/restoratif diş hekimliği ve dental biyomekanik araştırmasıdır; çalışmada polimer sentezi veya makromoleküler kimya analizi bulunmayıp ticari dental materyallerin restoratif diş hekimliği performansı test edilmiştir. Modelin 'Polimer Bilimi' önerisi dental kompozit/fiber terimlerinden kaynaklanan bir model yanılgısıdır (FP-1). Mevcut 'Diş Hekimliği' ana disiplini tam ve yeterlidir.",Diş Hekimliği,Polimer Bilimi,Malzeme Bilimleri,YÜKSEK (Farklı Alt Alan),0.3264110985398292,0.0,176,0.5,Fen > Diş Hekimliği > Diş Hekimliği,Fen > Mühendislik > Polimer Bilimi,0.1326031386852264,0.7,1,1
1232595,Çam Ağaçlarında Mantar Hastalığının İzlenmesi için Üçgen Yeşillik İndeksi Analizi: İHA Tabanlı Bir Yaklaşım,TP-1,"Çam ağaçlarında mantar hastalığının İHA tabanlı yüksek çözünürlüklü hava görüntüleri ve Üçgen Yeşillik İndeksi (TGI) uzaktan algılama yöntemiyle izlendiği doğrudan bir uzaktan algılama, fotogrametri, görüntü işleme ve orman koruma/fitopatoloji araştırmasıdır; mevcut kategorideki 'Kuş Bilimi, Mikroskopi, Matematik' etiketleri sistemsel çöp veridir. Modelin 'Bahçe Bitkileri' önerisi çam ormanlarını ziraatla karıştıran bir model yanılgısıdır (FP-1). Mevcut 'Görüntüleme Bilimi ve Fotoğraf Teknolojisi' ile 'Çevre Bilimleri/Ekoloji' korunmalı, çöp etiketler temizlenmelidir (TP-1 kategori temizliği/düzeltmesi).","Görüntüleme Bilimi ve Fotoğraf Teknolojisi, Ekoloji, Kuş Bilimi, Matematik, Mikroskopi, Çevre Bilimleri",Bahçe Bitkileri,Bilgisayar Bilimleri,YÜKSEK (Farklı Alt Alan),0.31929378647756,0.1460495670299303,118,0.7,Fen > Mühendislik > Görüntüleme Bilimi ve Fotoğraf Teknolojisi | Fen > Temel Bilimler > Ekoloji | Fen > Temel Bilimler > Kuş Bilimi | Fen > Temel Bilimler > Matematik | Fen > Temel Bilimler > Mikroskopi | Fen > Temel Bilimler > Çevre Bilimleri,Fen > Ziraat > Bahçe Bitkileri,0.1222325563430786,0.6,1,1
1301419,BİTKİSEL KÖKENLİ GIDALARDA YÜKSEK POLARİTELİ PESTİSİTLERİN SIVI KROMATOGRAFİ/KÜTLE SPEKTROMETRİSİ YÖNTEMİYLE ANALİZİ,FP-1,"Bitkisel gıda matrislerinde 13 yüksek polar pestisit kalıntısının QuPPe ekstraksiyonu ve Hypercarb kolonlu LC-MS/MS Q-Trap cihazıyla tayinine yönelik enstrümantal kromatografik metot geliştirilmesi ve SANTE kılavuzuna göre analitik validasyonunun (RSD, geri kazanım, LOD/LOQ) yapıldığı doğrudan bir analitik kimya ve gıda analizi araştırmasıdır; çalışmada epidemiyolojik izlem veya klinik halk sağlığı verisi bulunmayıp modelin 'Halk ve Çevre Sağlığı' önerisi gıda güvenliği ve pestisit bağlamından kaynaklanan bir model yanılgısıdır (FP-1). Mevcut 'Kimya, Analitik, Bitki Bilimleri' omurgası tam ve yeterlidir.","Kimya, Analitik, Bitki Bilimleri",Halk ve Çevre Sağlığı,Toksikoloji,YÜKSEK (Farklı Alt Alan),0.3192452239990234,0.0,262,0.4,"Fen > Temel Bilimler > Kimya, Analitik | Fen > Ziraat > Bitki Bilimleri",Fen > Tıp > Halk ve Çevre Sağlığı,0.1121292114257812,0.7,1,1
1390143,Dijital ebeveynlikte mahremiyet farkındalığı üzerine nitel bir araştırma,TP-1,"Okul öncesi ve ilkokul çağı çocuğu olan 20 ebeveyn ile yarı yapılandırılmış görüşmeler ve içerik analizi yapılarak dijital ebeveynlik, çocukların dijital mahremiyeti ve veri yönetimi farkındalığının incelendiği doğrudan bir nitel sosyal bilimler, aile sosyolojisi ve eğitim araştırmasıdır; mevcut kategorideki 'Transplantasyon' ve 'İktisat' etiketleri sistemsel çöp veridir. Modelin 'Bilgisayar Bilimleri, Sibernitik' önerisi nitel ebeveynlik çalışmasını mühendislik sanan bir model yanılgısı olup k-NN yerel uzlaşısının (%80) tam isabetle belirlediği 'Aile Çalışmaları' ana disiplinine aktarılmalıdır (TP-1 kategori değişimi).","Transplantasyon, Etik, İktisat","Bilgisayar Bilimleri, Sibernitik",Aile Çalışmaları,YÜKSEK (Farklı Alt Alan),0.317547181546688,0.0,141,0.8,Fen > Tıp > Transplantasyon | Sosyal > Sosyal > Etik | Sosyal > Sosyal > İktisat,"Fen > Mühendislik > Bilgisayar Bilimleri, Sibernitik",0.1072776615619659,0.7,1,1
1387907,"VİDEO OYUNLARINDA ARAYÜZ TASARIMI: MİNİMALİST, ÇOK KATMANLI VE ÖYKÜSEL YAKLAŞIM",TP-2,"Veri tabanında yalnızca ""Sanat"" etiketi yer almaktadır; video oyunlarında kullanıcı arayüzü (UI/UX) tasarımı, grafik etkileşim ve insan-bilgisayar etkileşimi (HCI) Bilgisayar Bilimleri / Oyun Teknolojileri ile disiplinlerarasıdır.",Sanat,"Bilgisayar Bilimleri, Yapay Zeka",Bilgisayar Bilimleri,KRİTİK (Farklı Ana Disiplin),0.317113144993782,0.0,87,0.5,Sosyal > Sosyal > Sanat,"Fen > Mühendislik > Bilgisayar Bilimleri, Yapay Zeka",0.1060375571250915,0.7,0,1
1449762,Serious Games in the Field of Mathematics: An Evaluation in the Game,TP-2,"Veri tabanında sadece genel ""Eğitim"" etiketi bulunmaktadır; matematik öğretiminde eğitsel dijital oyunların (serious games) pedagojik ve algoritmik değerlendirmesi Matematik Eğitimi ve Bilgisayar Bilimleri ile melez çalışmadır.","Eğitim, Eğitim Araştırmaları",Matematik,Bilgisayar Bilimleri,KRİTİK (Farklı Ana Disiplin),0.3166716195425033,0.1333192437015534,87,0.3,"Sosyal > Sosyal > Eğitim, Eğitim Araştırmaları",Fen > Temel Bilimler > Matematik,0.2381194531917572,0.5,0,1
1391339,Ölümlü Trafik Kazalarının Tahmininde Random Forest ve SMOTE Uygulaması: Erzurum Örneği,TP-2,"Erzurum'daki 16.793 trafik kazası verisi üzerinde sınıf dengesizliğinin SMOTE (sentetik aşırı örnekleme) yöntemiyle giderildiği ve Random Forest makine öğrenmesi modeliyle ölümlü kazaların tahmin edildiği doğrudan bir makine öğrenmesi, uygulamalı istatistik ve veri bilimi melez araştırmasıdır; mevcut kategorideki 'Siyasi Bilimler' etiketi çöp veri olup 'Bilgisayar Bilimleri, Yazılım Mühendisliği' omurgası korunmalı ve SMOTE örnekleme teknikleri ile istatistiksel modelleme boyutu için modelin önerdiği İstatistik ve Olasılık alanı ikincil etiket olarak eklenmelidir (TP-2 melez çalışma).","Bilgisayar Bilimleri, Yazılım Mühendisliği, Siyasi Bilimler",İstatistik ve Olasılık,Bilgisayar Bilimleri,YÜKSEK (Farklı Alt Alan),0.3154992018778194,0.1771707791642622,16,0.5,"Fen > Mühendislik > Bilgisayar Bilimleri, Yazılım Mühendisliği | Sosyal > Sosyal > Siyasi Bilimler",Fen > Temel Bilimler > İstatistik ve Olasılık,0.203447163105011,0.5,1,1
1361679,Heat and mass transfer analysis of unsteady MHD Carreu Nanofluid flow over a stretched surface in a porous medium with Stefan blowing condition,TP-2,"Gözenekli ortamda Stefan üflemesi ve emme koşulları altında Newtonyen olmayan Carreau nanoakışkanının kararsız magnetohidrodinamik (MHD) akışında ısı ve kütle transferinin (bvp4c, benzerlik dönüşümleri, Prandtl/Lewis sayıları, Weissenberg sayısı) incelendiği doğrudan bir nanoakışkanlar mekaniği, taşınım olayları ve uygulamalı termodinamik/ısı transferi araştırmasıdır; mevcut 'Nanobilim ve Nanoteknoloji, Taşınım Bilimi ve Teknolojisi' omurgası korunmalı ve ısıl yönetim, ısı transfer katsayısı ve termal direnç modellemesi boyutu için modelin önerdiği Termodinamik alanı ikincil etiket olarak eklenmelidir (TP-2 melez çalışma).","Nanobilim ve Nanoteknoloji, Taşınım Bilimi ve Teknolojisi",Termodinamik,Fizik,YÜKSEK (Farklı Alt Alan),0.3142749625444412,0.0,225,0.6,Fen > Mühendislik > Nanobilim ve Nanoteknoloji | Fen > Mühendislik > Taşınım Bilimi ve Teknolojisi,Fen > Temel Bilimler > Termodinamik,0.0979284644126892,0.7,1,1
1344631,Common Childhood Viral Infectious Diseases with Oral Symptoms,TP-2,"Çocukluk çağında sık görülen viral döküntülü ve bulaşıcı hastalıkların (kızamık, kızamıkçık, kabakulak, herpes, el-ayak-ağız hastalığı, hepatit, HIV vb.) oral semptomları, klinik tanı özellikleri ve pedodonti-pediatri multidisipliner yönetiminin incelendiği doğrudan bir pediatrik diş hekimliği, klinik viroloji ve çocuk enfeksiyon hastalıkları melez derlemesidir; mevcut 'Diş Hekimliği, Viroloji' omurgasının korunması gerekirken klinik bulaşıcı hastalıklar ve çocuk enfeksiyon takibi boyutu için modelin ve k-NN yerel uzlaşısının (%40) isabetle önerdiği Enfeksiyon Hastalıkları alanı ikincil etiket olarak eklenmelidir (TP-2 melez çalışma).","Diş Hekimliği, Viroloji",Enfeksiyon Hastalıkları,Enfeksiyon Hastalıkları,YÜKSEK (Farklı Alt Alan),0.3141256350278854,0.0,48,0.4,Fen > Diş Hekimliği > Diş Hekimliği | Fen > Temel Bilimler > Viroloji,Fen > Tıp > Enfeksiyon Hastalıkları,0.0975018143653869,0.7,1,1
1346646,Student’s Perception Towards Endodontic Training with Artificial Teeth: What Has Changed?,TP-2,"Diş hekimliği öğrencilerinin endodonti preklinik eğitiminde yapay ve 3D basılmış dişler ile doğal dişlerin kullanımı ve anatomik/dokunsal gerçekçiliğine yönelik algılarının anket ve literatür derlemesiyle incelendiği doğrudan bir dental eğitim ve endodonti araştırmasıdır; mevcut 'Eğitim, Eğitim Araştırmaları' omurgası korunmalı ve çalışmanın asıl ve ana disiplini boyutu için modelin ve k-NN yerel uzlaşısının (%100 tam mutabakat) belirlediği Diş Hekimliği alanı eklenmelidir (TP-2 melez çalışma - Dental Eğitim).","Anatomi ve Morfoloji, Tıbbi İnformatik, Eğitim, Eğitim Araştırmaları",Diş Hekimliği,Diş Hekimliği,YÜKSEK (Farklı Alt Alan),0.3108120106929757,0.153412929484931,124,1.0,"Fen > Tıp > Anatomi ve Morfoloji | Fen > Tıp > Tıbbi İnformatik | Sosyal > Sosyal > Eğitim, Eğitim Araştırmaları",Fen > Diş Hekimliği > Diş Hekimliği,0.2070250809192657,0.5,1,1
1396403,"Determination of Genotype, Housing System and Age Effect on Egg Production and Quality Traits of Layers",FP-1,"Yumurtacı tavuklarda farklı ticari genotip hatlarının (Lohmann Sandy, White, Brown), barındırma sistemlerinin (serbest, konvansiyonel kafes, zenginleştirilmiş kafes) ve yaşın yumurta verimi ile yumurta kalite parametreleri üzerindeki etkilerinin incelendiği doğrudan bir kanatlı hayvan yetiştiriciliği ve zootekni araştırmasıdır; çalışmada moleküler genetik analizi bulunmayıp modelin 'Genetik ve Kalıtım' önerisi ticari hibrit hatların 'genotip' olarak adlandırılmasından kaynaklanan klasik bir model yanılgısıdır (FP-1). Mevcut 'Veterinerlik, Ziraat Mühendisliği' disiplinleri tam ve yeterlidir.","Veterinerlik, Ziraat Mühendisliği",Genetik ve Kalıtım,Zooloji,YÜKSEK (Farklı Alt Alan),0.3083594219386577,0.0,90,0.6,Fen > Veterinerlik > Veterinerlik | Fen > Ziraat > Ziraat Mühendisliği,Fen > Temel Bilimler > Genetik ve Kalıtım,0.1953126341104507,0.6,1,1
1340988,Antioxidant and antibacterial activity of extracts and compounds from endophytic fungi isolated from roots of Physalis angulata and their combination effects,FP-1,"Physalis angulata bitkisinin köklerinden izole edilen endofitik fungusların (Trichoderma virens) fermantasyonu, etil asetat ekstraksiyonu, 1D/2D NMR spektroskopisi ile biyoaktif sekonder metabolit yapılarının tayini ve in vitro antioksidan/antibakteriyel sinerjik etkilerinin incelendiği doğrudan bir mikoloji, farmakognozi ve doğal ürün kimyası/farmakoloji araştırmasıdır; çalışmada in vivo deney, metabolizma veya hormon kliniği bulunmayıp modelin 'Endokrinoloji ve Metabolizma' önerisi klasik bir tıbbi kullanım genellemesi model yanılgısıdır (FP-1). Mevcut 'Farmakoloji ve Eczacılık, Mantar Bilimi' omurgası tam ve eksiksizdir.","Farmakoloji ve Eczacılık, Mantar Bilimi",Endokrinoloji ve Metabolizma,Biyoloji,YÜKSEK (Farklı Alt Alan),0.3077194105852867,0.2936934277491667,271,0.4,Fen > Eczacılık > Farmakoloji ve Eczacılık | Fen > Temel Bilimler > Mantar Bilimi,Fen > Tıp > Endokrinoloji ve Metabolizma,0.0979887247085571,0.5,1,1
1398520,Sürdürülebilir Kalkınma Hedefleri Kapsamında Karbon Emisyonu Dinamikleri: Türkiye Örneği,TP-2,"Yenilenebilir enerji, sanayileşme ve karbon emisyonunun ARDL ile ekonometrik analizidir; İktisat ve Çevre etiketlerini enerji tüketimi ve sürdürülebilirlik boyutuyla Yeşil Teknoloji ve Enerji/Yakıtlar alanlarıyla tamamlamıştır.","Çevre Çalışmaları, İktisat","Yeşil, Sürdürülebilir Bilim ve Teknoloji",Enerji ve Yakıtlar,KRİTİK (Farklı Ana Disiplin),0.3072874420881271,0.0,238,0.6,Sosyal > Sosyal > Çevre Çalışmaları | Sosyal > Sosyal > İktisat,"Fen > Mühendislik > Yeşil, Sürdürülebilir Bilim ve Teknoloji",0.1922498345375061,0.6,0,1
1390687,WBD-YOLO-AM: YOLOv8 with attention module and IoT-based wild boar detection and deterrence system for safeguarding small millets,FP-1,"Darı tarım alanlarında yaban domuzu zararlarını önlemek amacıyla dikkat mekanizmalı YOLOv8 derin öğrenme modeli (WBD-YOLO-AM; %98.2 mAP) ve Raspberry Pi/GSM/ultrasonik caydırıcı donanımlı gömülü IoT sisteminin geliştirildiği doğrudan bir akıllı tarım, bilgisayarla görme (computer vision), yapay zeka ve nesnelerin interneti (IoT) araştırmasıdır; çalışmada ekolojik biyoçeşitlilik envanteri veya koruma biyolojisi popülasyon analizi bulunmayıp modelin 'Biyoloji Çeşitliliğinin Korunması' önerisi yaban hayatı ve tarımsal çatışma ifadelerinden kaynaklanan bir model yanılgısıdır (FP-1). Mevcut 'Bilgisayar Bilimleri, Yapay Zeka, Ziraat Mühendisliği' omurgası tam, eksiksiz ve doğrudur.","Bilgisayar Bilimleri, Yapay Zeka, Ziraat Mühendisliği",Biyoloji Çeşitliliğinin Korunması,Bilgisayar Bilimleri,YÜKSEK (Farklı Alt Alan),0.3058806661969328,0.2669507818245507,118,0.4,"Fen > Mühendislik > Bilgisayar Bilimleri, Yapay Zeka | Fen > Ziraat > Ziraat Mühendisliği",Fen > Temel Bilimler > Biyoloji Çeşitliliğinin Korunması,0.1118370592594146,0.5,1,1
1403650,"Yeni Bir Alkasit Bazlı Kompozit Reçine Restoratif Malzemenin, Giomer Bazlı, Mikrohibrid ve Nanohibrid Kompozit Reçine Restoratif Malzemelerle Karşılaştırıldığında Renk Stabilitesi",FP-1,"Restoratif diş hekimliğinde kullanılan farklı kompozit reçine dolgu malzemelerinin (alkasit, giomer, mikrohibrit, nanohibrit) içeceklerdeki renk stabilitesi ve lekelenme davranışlarının spektrofotometrik CIELAB analiziyle incelendiği doğrudan bir restoratif diş hekimliği ve dental materyal araştırmasıdır; çalışmada genel malzeme mühendisliği veya yeni kompozit sentezi bulunmayıp ticari dental dolgu materyallerinin klinik estetik performansı test edilmiştir. Modelin 'Malzeme Bilimleri, Özellik ve Test' önerisi klasik bir dental materyal model yanılgısıdır (FP-1). Mevcut 'Diş Hekimliği' ana disiplini tam ve yeterlidir.",Diş Hekimliği,"Malzeme Bilimleri, Özellik ve Test",Malzeme Bilimleri,YÜKSEK (Farklı Alt Alan),0.3049313300848007,0.0,168,0.6,Fen > Diş Hekimliği > Diş Hekimliği,"Fen > Mühendislik > Malzeme Bilimleri, Özellik ve Test",0.1855180859565735,0.6,1,1
1352458,Contarinia pruniflorum Coutin & Rambier (Diptera: Cecidomyiidae)’un Bazı Morfolojik Özellikleri,TP-2,"Sert çekirdekli meyve ağaçlarının (kayısı) önemli bir zararlısı olan kayısı çiçek sineğinin (Contarinia pruniflorum) ergin, larva ve pupa dönemlerindeki morfolojik özelliklerinin ve vücut ölçümlerinin incelendiği doğrudan bir entomoloji ve meyve zararlıları melez araştırmasıdır; mevcut 'Entomoloji' ana disiplini korunmalı ve meyvecilik/bitki koruma pratikleri boyutu için modelin isabetle önerdiği Bahçe Bitkileri alanı ikincil etiket olarak eklenmelidir (TP-2 melez çalışma).",Entomoloji,Bahçe Bitkileri,Entomoloji,YÜKSEK (Farklı Alt Alan),0.3046014141795277,0.2684362696636672,-1,0.5,Fen > Temel Bilimler > Entomoloji,Fen > Ziraat > Bahçe Bitkileri,0.1071209907531738,0.5,1,1
1404000,Borsa İstanbul Enerji Şirketlerinin Finansal Performansının Analizi: LOPCOW-MAIRCA Bütünleşik Yaklaşımı,TP-2,"Veri tabanında sadece ""İşletme, Finans"" etiketleri yer almaktadır; Borsa İstanbul enerji şirketlerinin yenilenebilir enerji yatırımları ve finansal performansı LOPCOW-MAIRCA ile analiz edildiğinden Enerji ve Yakıtlar ikincil etiket olarak eklenmelidir.","İşletme, İşletme Finans",Enerji ve Yakıtlar,Enerji ve Yakıtlar,KRİTİK (Farklı Ana Disiplin),0.2988927218910386,0.0191755809769353,238,0.3,Sosyal > Sosyal > İşletme | Sosyal > Sosyal > İşletme Finans,Fen > Mühendislik > Enerji ve Yakıtlar,0.154568076133728,0.6,0,1
1434145,Kayısıda Su Ve Düşük Sıcaklık Streslerine Karşı Silisyum Uygulamasının Tolerans Yükseltici Etkilerinin İncelenmesi,FP-1,"Malatya koşullarında Hacıhaliloğlu kayısı çeşidinde farklı sulama seviyeleri altında silisyum uygulamalarının su stresi ve ilkbahar don stresine karşı toleransı (fotosentez, antioksidan enzimler, gen ekspresyonu, meyve verim ve kalitesi) üzerindeki etkilerinin incelendiği doğrudan bir meyvecilik, bahçe bitkileri ve bitki fizyolojisi araştırmasıdır; çalışmada hidrolojik analiz veya havza/su kaynakları yönetimi bulunmayıp modelin 'Su Kaynakları' önerisi sulama seviyeleri ve su stresi ifadelerinden kaynaklanan bir model yanılgısıdır (FP-1). Mevcut 'Bahçe Bitkileri' ana disiplini %100 kusursuz ve tamdır.",Bahçe Bitkileri,Su Kaynakları,Bitki Bilimleri,YÜKSEK (Farklı Alt Alan),0.2980001065054262,0.0428543662701941,284,0.5,Fen > Ziraat > Bahçe Bitkileri,Fen > Temel Bilimler > Su Kaynakları,0.1351043283939361,0.6,1,1
1390913,Astragalus Polysaccharides Ameliorate the Toxic Effects of Polystyrene Nanoplastics on Boar Sperm,TP-2,"Polistiren nanoplastik maruziyetinin domuz sperminde (boar sperm) neden olduğu oksidatif hasar, motilite kaybı ve protein tirozin fosforilasyonu baskılanmasına karşı Astragalus polisakkaritlerinin koruyucu etkilerinin incelendiği doğrudan bir veteriner androloji, üreme biyolojisi ve nanotoksikoloji melez araştırmasıdır; mevcut 'Veterinerlik' ana disiplini korunmalı ve nanoplastiklerin sperm üzerindeki hücresel/toksik etkileşimleri boyutu için modelin önerdiği Nanobilim ve Nanoteknoloji alanı ikincil etiket olarak eklenmelidir (TP-2 melez çalışma).",Veterinerlik,Nanobilim ve Nanoteknoloji,Androloji,YÜKSEK (Farklı Alt Alan),0.2922626906633377,0.0,136,0.5,Fen > Veterinerlik > Veterinerlik,Fen > Mühendislik > Nanobilim ve Nanoteknoloji,0.149321973323822,0.6,1,1
1316583,Evaluation of Microleakage in Flash-Free and Conventional Ceramic Brackets: A Microcomputed Tomography Study,TP-1,"İnsan premolar dişlerine farklı adeziv ajanlarla yapıştırılan konvansiyonel ve flash-free seramik ortodontik braketlerin altındaki mikrosızıntının termal siklus ve mikro-BT (mikro bilgisayarlı tomografi) ile incelendiği doğrudan bir ortodonti ve restoratif/dental materyal araştırmasıdır; çalışmada seramik malzeme sentezi bulunmayıp ortodontik braket klinik performansı test edilmiştir. Mevcut 'Malzeme Bilimleri, Seramik' ana kategorisi hatalı olup modelin ve k-NN yerel uzlaşısının (%70) tam isabetle belirlediği Diş Hekimliği ana disiplinine aktarılmalıdır (TP-1 kategori değişimi).","Malzeme Bilimleri, Seramik",Diş Hekimliği,Diş Hekimliği,YÜKSEK (Farklı Alt Alan),0.2855570340156555,0.0,122,0.7,"Fen > Mühendislik > Malzeme Bilimleri, Seramik",Fen > Diş Hekimliği > Diş Hekimliği,0.1301629543304443,0.6,1,1
1359405,Design of an Escape Room Game:  Practical Clues and Ideas for Librarians,FP-1,"Kütüphaneciler için bilgi okuryazarlığı ve eğitim amaçlı eğitsel kaçış odası (escape room) oyunu tasarımıdır; ""tasarım/oda"" kelimeleri modeli hatalı şekilde Mimarlık alanına yanıltmıştır. Mevcut Bilgi, Belge Yönetimi ve Eğitim etiketleri tam ve doğrudur.","Bilgi, Belge Yönetimi, Eğitim, Eğitim Araştırmaları",Mimarlık,Bilgisayar Bilimleri,KRİTİK (Farklı Ana Disiplin),0.2755565339326858,0.0,87,0.3,"Sosyal > Sosyal > Bilgi, Belge Yönetimi | Sosyal > Sosyal > Eğitim, Eğitim Araştırmaları",Fen > Mühendislik > Mimarlık,0.101590096950531,0.6,0,1
1394841,Ses Sistemleri Açısından Kemanda Entonasyonun Tarihsel Gelişimi,TP-2,"Kemanda Pisagor, Just Intonation ve tampereman sistemlerinin tarihsel/ses aralık analizidir; Müzik etiketini ses fiziği ve koma oranları boyutuyla Akustik alanıyla tamamlamıştır.",Müzik,Akustik,Akustik,KRİTİK (Farklı Ana Disiplin),0.2749845162034035,0.0,33,0.4,Sosyal > Sosyal > Müzik,Fen > Temel Bilimler > Akustik,0.214241474866867,0.5,0,1
1247312,Potasyum Borhidrürün Formik Asit Katalizörü Varlığındaki Hidrolizi,TP-2,"Potasyum borhidrürün (KBH4) formik asit katalizörlüğünde hidroliz kinetiğinin (aktivasyon enerjisi 57.92 kJ/mol, entalpi, entropi, Gibbs enerjisi) incelendiği ve üretilen hidrojen gazının PEM yakıt hücrelerinde kullanım potansiyelinin değerlendirildiği doğrudan bir kimyasal kinetik, termodinamik ve hidrojen enerjisi melez araştırmasıdır; mevcut 'Fizikokimya, Kimya, Uygulamalı' omurgası korunmalı ve hidrojen üretimi ile yakıt pili uygulamaları boyutu için modelin ve k-NN yerel uzlaşısının (%50) isabetle önerdiği Enerji ve Yakıtlar alanı ikincil etiket olarak eklenmelidir (TP-2 melez çalışma).","Fizikokimya, Kimya, Analitik, Kimya, Uygulamalı",Enerji ve Yakıtlar,Enerji ve Yakıtlar,YÜKSEK (Farklı Alt Alan),0.272200208902359,0.0,242,0.5,"Fen > Temel Bilimler > Fizikokimya | Fen > Temel Bilimler > Kimya, Analitik | Fen > Temel Bilimler > Kimya, Uygulamalı",Fen > Mühendislik > Enerji ve Yakıtlar,0.2062863111495971,0.5,1,1
1388462,Comprehensive Phytochemical Profiling and Antioxidant Assessment of Rhinanthus serotinus subsp. aestivalis: GC-MS and HPLC-DAD Analysis of Volatile and Phenolic Compounds in Leaf and Flower Tissues,FP-1,"Orobanchaceae familyasına ait yabani yarı-parazit Rhinanthus serotinus subsp. aestivalis bitkisinin yaprak ve çiçek dokularındaki uçucu ve fenolik bileşiklerin GC-MS ve HPLC-DAD kromatografik analizleriyle belirlendiği ve antioksidan kapasitelerinin (FRAP, CUPRAC) ölçüldüğü doğrudan bir botanik, fitokimya, enstrümantal kimya ve farmakognozi araştırmasıdır; çalışmada tarımsal yetiştiricilik bulunmayıp modelin 'Bahçe Bitkileri' önerisi yaprak/çiçek dokusu ifadelerinden kaynaklanan klasik bir model yanılgısıdır (FP-1). Mevcut 'Biyoloji, Kimya, Uygulamalı' omurgası tam ve yeterlidir (k-NN yerel uzlaşısı da %40 Biyoloji yönündedir).","Biyoloji, Kimya, Uygulamalı",Bahçe Bitkileri,Biyoloji,YÜKSEK (Farklı Alt Alan),0.2671898826956749,0.0,271,0.4,"Fen > Temel Bilimler > Biyoloji | Fen > Temel Bilimler > Kimya, Uygulamalı",Fen > Ziraat > Bahçe Bitkileri,0.191971093416214,0.5,1,1
1196614,Güncellenen Türkiye Briyofit Vejetasyonu Kontrol Listesi,TP-1,"Türkiye briyofit vejetasyonuna (karayosunları ve ciğerotları) ait sintaksonomik birimlerin (birlikler, ordolar, sınıflar, fitososyolojik gruplar) kontrol listesi ve taksonomik dökümünün yapıldığı doğrudan bir botanik, briyoloji, bitki sosyolojisi ve temel biyoloji araştırmasıdır; mevcut kategorideki 'Kuş Bilimi' (ornitoloji) etiketi sistemsel çöp veridir. Modelin 'Bahçe Bitkileri' önerisi briyofit vejetasyonunu ziraat ile karıştıran bir model yanılgısıdır (FP-1). Mevcut 'Biyoloji' ana disiplini korunmalı ve çöp etiket temizlenmelidir (TP-1 kategori temizliği/düzeltmesi).","Biyoloji, Kuş Bilimi",Bahçe Bitkileri,Biyoloji,YÜKSEK (Farklı Alt Alan),0.2671501439619331,0.090939925832855,287,0.5,Fen > Temel Bilimler > Biyoloji | Fen > Temel Bilimler > Kuş Bilimi,Fen > Ziraat > Bahçe Bitkileri,0.1269004642963409,0.5,1,1
1402731,Artificial Intelligence in Healthcare: A Critical Moment for Responsible Transformation,TP-2,"Sağlık hizmetlerinde yapay zeka uygulamaları, sorumlu yapay zeka yönetişimi ve dijital sağlık dönüşümünün ele alındığı doğrudan bir sağlık bilişimi ve yapay zeka melez araştırmasıdır; mevcut 'Sağlık Bilimleri ve Hizmetleri, Tıbbi İnformatik' omurgası korunmalı ve yapay zeka/algoritma boyutu için modelin ve k-NN yerel uzlaşısının (%70) isabetle önerdiği Bilgisayar Bilimleri, Yapay Zeka alanı ikincil etiket olarak eklenmelidir (TP-2 melez çalışma).","Sağlık Bilimleri ve Hizmetleri, Tıbbi İnformatik","Bilgisayar Bilimleri, Yapay Zeka",Bilgisayar Bilimleri,YÜKSEK (Farklı Alt Alan),0.2634821251004314,0.1061606824276348,56,0.7,Fen > Tıp > Sağlık Bilimleri ve Hizmetleri | Fen > Tıp > Tıbbi İnformatik,"Fen > Mühendislik > Bilgisayar Bilimleri, Yapay Zeka",0.1055484414100647,0.5,1,1
1392063,"Green synthesis of silver nanoparticles using sumac fruit by microwave and traditional methods: characterization, anticancer, and antimicrobial activities",TP-2,"Sumak meyvesi ekstraktı kullanılarak mikrodalga ve geleneksel yeşil kimya yöntemleriyle gümüş nanopartiküllerin (Ag-NPs) sentezlenmesi, UV-Vis, SEM-EDX ve TEM ile yapısal/morfolojik karakterizasyonunun yapılması; in vitro antibakteriyel/antifungal ile HT-29 kolon kanseri hücre hattında antikanser etkinliklerinin incelendiği doğrudan bir nanobiyoteknoloji, yeşil nanomalzeme sentezi ve biyomedikal melez araştırmasıdır; mevcut 'Mikrobiyoloji, Onkoloji, Kimya' omurgası korunmalı ve nanomalzeme üretimi ve karakterizasyonu boyutu için modelin ve k-NN yerel uzlaşısının (%50) isabetle önerdiği Nanobilim ve Nanoteknoloji alanı ikincil etiket olarak eklenmelidir (TP-2 melez çalışma).","Kimya, Organik, Mikrobiyoloji, Onkoloji",Nanobilim ve Nanoteknoloji,Nanobilim ve Nanoteknoloji,YÜKSEK (Farklı Alt Alan),0.2603954911231995,0.0,128,0.5,"Fen > Temel Bilimler > Kimya, Organik | Fen > Tıp > Mikrobiyoloji | Fen > Tıp > Onkoloji",Fen > Mühendislik > Nanobilim ve Nanoteknoloji,0.1725585460662841,0.5,1,1
1392776,"Bilgisayar Destekli Sperma Analizinin Standardizasyonunun Geliştirilmesi: Casa Sistemik Ayar Değişikliklerinin Ve Spermanın Hazırlanmasındaki Bazı Farklılıkların Dondurulup Çözdürülmüş Boğa, Aygır Ve Koç Spermasının Sperm Hareketliliği Ve Kinematik Parametreleri Üzerine Etkileri",FP-1,"Koç, boğa ve aygır spermalarının kriyoprezervasyonu (dondurma-çözdürme) süreçlerinde farklı sulandırıcılar, inkübasyon ve Bilgisayar Destekli Sperm Analizi (CASA) sistem parametrelerinin (VAP, STR, VCL eşik değerleri, kinematik analiz) standardizasyonunun incelendiği doğrudan bir veteriner androloji, suni tohumlama ve üreme biyolojisi araştırmasıdır; çalışmada moleküler kalıtım veya genetik analiz bulunmayıp modelin 'Genetik ve Kalıtım' önerisi sperma/bireysel varyasyon ifadelerinden kaynaklanan bir model yanılgısıdır (FP-1). Mevcut 'Veterinerlik, Hücre Biyolojisi' omurgası tam ve yeterlidir (k-NN yerel uzlaşısı da %40 Androloji yönündedir).","Hücre Biyolojisi, Veterinerlik",Genetik ve Kalıtım,Androloji,YÜKSEK (Farklı Alt Alan),0.2551754994820643,0.0718490416332436,136,0.4,Fen > Tıp > Hücre Biyolojisi | Fen > Veterinerlik > Veterinerlik,Fen > Temel Bilimler > Genetik ve Kalıtım,0.1063235402107238,0.5,1,1
1351589,"Comparative Extraction and Evaluation of Phenolic Compounds and Antioxidant Activity Using Soxhlet, Ultrasonic, and Maceration Methods with Black Cumin (Nigella Sativa)",FP-1,"Çörek otu (Nigella sativa) tohumlarından Soxhlet, ultrasonik ve maserasyon yöntemleriyle farklı çözücüler (aseton, saf su, etanol) kullanılarak fenolik bileşiklerin ekstrakte edilmesi ve DPPH eşdeğeri antioksidan kapasitelerinin karşılaştırılmalı olarak incelendiği doğrudan bir fitokimya, gıda/farmasötik ekstrakt analizi ve analitik kimya araştırmasıdır; mevcut kategorideki 'Mantık' etiketi tamamen sistemsel çöp veridir. Modelin 'Toksikoloji' önerisi antioksidan/sağlık yararları ifadelerinden kaynaklanan bir model yanılgısıdır (çalışmada zehirlilik/toksikolojik test bulunmamaktadır). Mevcut 'Biyoloji' omurgası korunmalı, çöp etiket temizlenmeli ve k-NN yerel uzlaşısının (%50) desteklediği farmakognozi/fitokimya bağlamı dikkate alınarak ya da analitik fitokimya ekseninde mevcut biyoloji omurgası temiz bir şekilde tutulmalıdır.","Biyoloji, Mantık",Toksikoloji,Biyoloji,YÜKSEK (Farklı Alt Alan),0.2522038608789444,0.0,271,0.5,Fen > Temel Bilimler > Biyoloji | Sosyal > Sosyal > Mantık,Fen > Eczacılık > Toksikoloji,0.1491538882255554,0.5,1,1
1401421,Osmanlı İstanbul’unda Müslüman Kadınların Direklerarası’ndaki Eğlence Hayatı (1860-1923),FP-1,Sosyal tarih ve kadın çalışmalarıdır; mevcut etiketler içeriği tam karşılamaktadır (Deniz önerisi hub hatasıdır).,"Kadın Araştırmaları, Tarih, Tiyatro","Mühendislik, Deniz",Mimarlık,KRİTİK (Farklı Ana Disiplin),0.2518657423684521,0.0566681296147999,278,0.5,Sosyal > Sosyal > Kadın Araştırmaları | Sosyal > Sosyal > Tarih | Sosyal > Sosyal > Tiyatro,"Fen > Mühendislik > Mühendislik, Deniz",0.1077105998992919,0.5,0,1
1393889,Differences in Breeding Systems Can Affect the Body Hygiene Status and Productivity of Anatolian Buffalo Cows,TP-2,"Anadolu mandalarında entansif ve yarı-entansif yetiştirme sistemlerinin vücut/meme hijyen skorları ve süt verimi ile kalitesi (somatik hücre sayısı SCC, elektriksel iletkenlik, süt kompozisyonu) üzerindeki etkilerinin incelendiği doğrudan bir zootekni/büyükbaş hayvan yetiştiriciliği, süt teknolojisi ve veteriner meme sağlığı/sürü hijyeni melez araştırmasıdır; mevcut 'Gıda Bilimi ve Teknolojisi, Ziraat Mühendisliği' omurgası korunmalı ve meme sağlığı, somatik hücre sayısı ve klinik hijyen boyutu için modelin ve k-NN yerel uzlaşısının (%40) isabetle önerdiği Veterinerlik alanı ikincil etiket olarak eklenmelidir (TP-2 melez çalışma).","Gıda Bilimi ve Teknolojisi, Ziraat Mühendisliği",Veterinerlik,Veterinerlik,YÜKSEK (Farklı Alt Alan),0.2480258613824844,0.0,92,0.4,Fen > Mühendislik > Gıda Bilimi ve Teknolojisi | Fen > Ziraat > Ziraat Mühendisliği,Fen > Veterinerlik > Veterinerlik,0.1372167468070984,0.5,1,1
1247303,Hydrothermal Synthesis of CuO Nanoparticles: Tailoring Morphology and Particle Size Variations for Enhanced Properties,TP-2,"Hidrotermal yöntemle teflon kaplı otoklavda bakır(II) klorür dihidrattan 9-45 nm aralığında CuO (bakır oksit) nanopartiküllerinin sentezlendiği ve XRD, Raman ile TEM spektroskopik/morfolojik karakterizasyonlarının yapıldığı doğrudan bir inorganik kimya, fizikokimya ve nanomalzeme sentezi araştırmasıdır; mevcut temel kimya disiplinleri ('Fizikokimya, Kimya, Uygulamalı') korunmalı, inorganik bir sentez olduğundan 'Kimya, Organik' çöp etiketi ayıklanmalı ve nanometre ölçekli partikül sentez/karakterizasyon boyutu için modelin ve k-NN yerel uzlaşısının (%40) isabetle önerdiği Nanobilim ve Nanoteknoloji alanı ikincil etiket olarak eklenmelidir (TP-2 melez çalışma).","Fizikokimya, Kimya, Analitik, Kimya, Organik, Kimya, Uygulamalı",Nanobilim ve Nanoteknoloji,Nanobilim ve Nanoteknoloji,YÜKSEK (Farklı Alt Alan),0.2373581543564796,0.0,231,0.4,"Fen > Temel Bilimler > Fizikokimya | Fen > Temel Bilimler > Kimya, Analitik | Fen > Temel Bilimler > Kimya, Organik | Fen > Temel Bilimler > Kimya, Uygulamalı",Fen > Mühendislik > Nanobilim ve Nanoteknoloji,0.1067375838756561,0.5,1,1
1303308,Voltage Dependent Profiles of the Surface States and Series Resistance (Rs) in the Al-(Cd:ZnO)-pSi Schottky Diodes (SDs) Utilizing Voltage-Current (IV) Characteristics,TP-2,"Al-(Cd:ZnO)-pSi Schottky diyotlarının sol-jel yöntemiyle üretilerek I-V elektriksel karakteristikleri, idealite faktörü, bariyer yüksekliği, seri direnç (Rs) ve arayüzey durum yoğunluklarının (Nss) incelendiği doğrudan bir yarıiletken aygıt fiziği, katıhal fiziği ve elektronik malzeme karakterizasyonu melez araştırmasıdır; mevcut kategorideki 'Matematik' etiketi çöp veri olup temel fizik omurgası korunmalı ve yarıiletken ince film karakterizasyonu/elektriksel test boyutu için modelin ve k-NN yerel uzlaşısının (%40) isabetle önerdiği Malzeme Bilimleri, Özellik ve Test alanı ikincil etiket olarak eklenmelidir (TP-2 melez çalışma).","Fizik, Atomik ve Moleküler Kimya, Matematik","Malzeme Bilimleri, Özellik ve Test",Malzeme Bilimleri,YÜKSEK (Farklı Alt Alan),0.2351017610873475,0.0037895149571475,220,0.4,"Fen > Temel Bilimler > Fizik, Atomik ve Moleküler Kimya | Fen > Temel Bilimler > Matematik","Fen > Mühendislik > Malzeme Bilimleri, Özellik ve Test",0.0975839495658874,0.5,1,1
1267405,Metal Baskılanmış Mikrokürelerin Sentezi ve Bu Mikrokürelerin ICP-OES ile Bazı Metallere Karşı Tayin Performansının İncelenmesi,TP-2,"Cu(II) iyon baskılanmış polimerik mikrokürelerin (IIP) dispersiyon polimerizasyonu tekniği ve özel fonksiyonel monomerle sentezlenmesi, adsorpsiyon/şişme termodinamiğinin belirlenmesi ve ICP-OES enstrümantal analizi ile metal seçiciliğinin incelendiği doğrudan bir polimer kimyası, fonksiyonel makromoleküller ve analitik ayırma teknikleri melez araştırmasıdır; mevcut temel analitik ve uygulamalı kimya disiplinleri korunmalı ve polimerik adsorbent sentezi boyutu için modelin önerdiği Polimer Bilimi alanı ikincil etiket olarak eklenmelidir (TP-2 melez çalışma).","Kimya, Analitik, Kimya, Uygulamalı, Kimya, İnorganik ve Nükleer",Polimer Bilimi,Malzeme Bilimleri,YÜKSEK (Farklı Alt Alan),0.2347478747367859,0.0,231,0.8,"Fen > Temel Bilimler > Kimya, Analitik | Fen > Temel Bilimler > Kimya, Uygulamalı | Fen > Temel Bilimler > Kimya, İnorganik ve Nükleer",Fen > Mühendislik > Polimer Bilimi,0.0992796421051025,0.5,1,1
1215952,The Antioxidant Capacities and Antimicrobial Activities of Some Salvia L. Seeds,TP-2,"Endemik olanlar dahil beş farklı Salvia L. (adaçayı) taksonunun tohum ekstraktlarında HPLC ile fenolik/flavonoid profilinin belirlenmesi, DPPH/ABTS antioksidan kapasitelerinin ve agar kuyu yöntemiyle antimikrobiyal aktivitelerinin incelendiği doğrudan bir botanik, fitokimya ve farmakognozi araştırmasıdır; mevcut kategorideki 'Kuş Bilimi, Viroloji' gibi etiketler sistemsel çöp veridir. Modelin 'Bitki Bilimleri' önerisi doğru ve tamamlayıcı bir botanik/bitki biyolojisi zenginleştirmesi olup mevcut 'Farmakoloji ve Eczacılık, Biyoloji, Kimya, Analitik' omurgası korunmalı, çöp etiketler temizlenmelidir (TP-2 melez çalışma ve çöp etiket ayıklama).","Farmakoloji ve Eczacılık, Biyoloji, Biyoloji Çeşitliliğinin Korunması, Kimya, Analitik, Kimya, Tıbbi, Kuş Bilimi, Spektroskopi, Viroloji",Bitki Bilimleri,Biyoloji,YÜKSEK (Farklı Alt Alan),0.2327044235508428,0.0024461813135091,271,0.4,"Fen > Eczacılık > Farmakoloji ve Eczacılık | Fen > Temel Bilimler > Biyoloji | Fen > Temel Bilimler > Biyoloji Çeşitliliğinin Korunması | Fen > Temel Bilimler > Kimya, Analitik | Fen > Temel Bilimler > Kimya, Tıbbi | Fen > Temel Bilimler > Kuş Bilimi | Fen > Temel Bilimler > Spektroskopi | Fen > Temel Bilimler > Viroloji",Fen > Ziraat > Bitki Bilimleri,0.0916939377784729,0.5,1,1
